customer_id,age,gender,location,professional_status,product_category,product_type,use_case,saas_driver,sale_date,units_sold
CUST-0335,28,Female,Burlington VT,Student / Academic,Peripheral,Charging Dock,Clinical Stations,FleetCharge Pro,1/1/2024,2
CUST-0108,39,Non-binary,Providence RI,Clinical Administrator,Peripheral,Wireless Hub,Data Aggregation,ClinicHub Pro,1/1/2024,4
CUST-0203,54,Female,Springfield MA,Practice Manager,Tablet,Tab Pro 12,Clinical Documentation,ClinicalOS,1/1/2024,2
CUST-0332,19,Female,Manchester NH,Student / Academic,Peripheral,Wireless Hub,Device Pairing,ClinicHub Pro,1/1/2024,3
CUST-0369,33,Female,Providence RI,IT & Technology Staff,Peripheral,Wireless Hub,Device Pairing,MeshConnect SaaS,1/1/2024,1
CUST-0116,32,Male,Concord NH,Field Technician,Peripheral,Charging Dock,Clinical Stations,FleetCharge Pro,1/1/2024,5
CUST-0004,57,Male,Portland ME,Healthcare Professional,Peripheral,Stylus Pro,E-Signature,SignFlow,1/1/2024,4
CUST-0100,31,Male,Springfield MA,IT & Technology Staff,Peripheral,Keyboard Fold,Telehealth Setup,AdminFlow SaaS,1/1/2024,1
CUST-0129,24,Female,Concord NH,Student / Academic,Peripheral,Stylus Pro,E-Signature,NoteStream SaaS,1/1/2024,1
CUST-0203,54,Female,Springfield MA,Practice Manager,Tablet,Tab Studio,Creative Workflow,DataViz Suite,1/2/2024,1
CUST-0250,41,Female,Burlington VT,Clinical Administrator,Tablet,Tab Studio,Data Visualisation,DesignHub SaaS,1/2/2024,2
CUST-0115,34,Female,Providence RI,Research Scientist,Smart Watch,Pulse Elite,Fitness Tracking,FitCore SaaS,1/2/2024,3
CUST-0299,45,Female,Hartford CT,Clinical Administrator,Peripheral,Charging Dock,Fleet Management,PowerDesk SaaS,1/2/2024,5
CUST-0170,24,Female,Concord NH,Field Technician,Peripheral,Keyboard Fold,Telehealth Setup,TeleSetup Pro,1/2/2024,2
CUST-0091,42,Female,Springfield MA,Healthcare Professional,Tablet,Tab Studio,Remote Diagnosis,DiagnosticAI,1/2/2024,2
CUST-0368,42,Male,Providence RI,Healthcare Professional,Peripheral,Charging Dock,Fleet Management,PowerDesk SaaS,1/2/2024,5
CUST-0267,46,Male,Hartford CT,IT & Technology Staff,Tablet,Tab Pro 12,Patient Education,EduHealth SaaS,1/2/2024,1
CUST-0256,44,Female,Burlington VT,Patient / Consumer,Peripheral,BioSensor Band,Vitals Streaming,BioStream API,1/3/2024,1
CUST-0223,44,Female,Providence RI,Clinical Administrator,Peripheral,Wireless Hub,Device Pairing,MeshConnect SaaS,1/3/2024,4
CUST-0153,25,Male,Bridgeport CT,Field Technician,Peripheral,BioSensor Band,Vitals Streaming,BioStream API,1/3/2024,6
CUST-0028,36,Male,Portland ME,IT & Technology Staff,Peripheral,Wireless Hub,Data Aggregation,MeshConnect SaaS,1/3/2024,2
CUST-0247,39,Female,Hartford CT,Practice Manager,Peripheral,Wireless Hub,Clinic Network,MeshConnect SaaS,1/3/2024,2
CUST-0070,32,Male,Bridgeport CT,Clinical Administrator,Peripheral,Charging Dock,Multi-Device Charging,PowerDesk SaaS,1/3/2024,5
CUST-0163,46,Male,Concord NH,Research Scientist,Smart Watch,Pulse Elite,Fitness Tracking,FitCore SaaS,1/3/2024,3
CUST-0054,43,Male,Springfield MA,Clinical Administrator,Peripheral,Privacy Shield,Secure Display,SecureView SaaS,1/3/2024,1
CUST-0075,18,Non-binary,Hartford CT,Patient / Consumer,Tablet,Tab Pro 12,Clinical Documentation,ClinicalOS,1/3/2024,1
CUST-0114,47,Prefer not to say,Providence RI,Field Technician,Tablet,Tab Compact,Field Data Entry,InvTrack Pro,1/3/2024,1
CUST-0242,29,Male,Springfield MA,Field Technician,Peripheral,Charging Dock,Multi-Device Charging,PowerDesk SaaS,1/3/2024,4
CUST-0338,35,Female,Manchester NH,Clinical Administrator,Peripheral,BioSensor Band,Remote Monitoring,VitalsNet SaaS,1/4/2024,1
CUST-0045,28,Male,Portland ME,Patient / Consumer,Peripheral,BioSensor Band,Continuous Glucose Monitor,VitalsNet SaaS,1/4/2024,2
CUST-0396,21,Female,Worcester MA,Student / Academic,Peripheral,BioSensor Band,Continuous Glucose Monitor,BioStream API,1/4/2024,1
CUST-0367,25,Female,Springfield MA,Student / Academic,Tablet,Tab Compact,Field Data Entry,FieldOps SaaS,1/4/2024,4
CUST-0041,63,Female,Bridgeport CT,Patient / Consumer,Peripheral,BioSensor Band,Remote Monitoring,VitalsNet SaaS,1/4/2024,3
CUST-0250,41,Female,Burlington VT,Clinical Administrator,Smart Watch,Pulse Sport,Fitness Tracking,WellnessCloud,1/4/2024,1
CUST-0346,44,Female,Bridgeport CT,Healthcare Professional,Smart Watch,Pulse Elite,Remote Patient Check-in,FitCore SaaS,1/4/2024,2
CUST-0206,27,Female,Springfield MA,Research Scientist,Peripheral,BioSensor Band,Vitals Streaming,BioStream API,1/4/2024,1
CUST-0118,33,Male,Manchester NH,Patient / Consumer,Peripheral,BioSensor Band,Remote Monitoring,BioStream API,1/4/2024,1
CUST-0109,44,Female,Springfield MA,Healthcare Professional,Smart Watch,Pulse Elite,Remote Patient Check-in,FitCore SaaS,1/4/2024,1
CUST-0386,31,Male,Manchester NH,Field Technician,Tablet,Tab Pro 12,Patient Education,TeleDoc Platform,1/4/2024,2
CUST-0377,50,Female,Bridgeport CT,Healthcare Professional,Peripheral,Privacy Shield,Secure Display,SecureView SaaS,1/4/2024,1
CUST-0333,53,Male,Worcester MA,Patient / Consumer,Peripheral,Keyboard Fold,Administrative Tasks,TeleSetup Pro,1/4/2024,4
CUST-0035,65,Prefer not to say,Boston MA,Patient / Consumer,Peripheral,Wireless Hub,Clinic Network,ClinicHub Pro,1/5/2024,4
CUST-0203,54,Female,Springfield MA,Practice Manager,Peripheral,Privacy Shield,Screen Privacy,SecureView SaaS,1/5/2024,3
CUST-0409,30,Male,Concord NH,Field Technician,Tablet,Tab Pro 12,Telehealth Consult,ClinicalOS,1/5/2024,5
CUST-0304,34,Non-binary,Hartford CT,Field Technician,Smart Watch,Pulse Sport,Sleep Analysis,FitCore SaaS,1/5/2024,2
CUST-0030,27,Male,Providence RI,Field Technician,Peripheral,BioSensor Band,Vitals Streaming,BioStream API,1/5/2024,1
CUST-0371,33,Male,Portland ME,IT & Technology Staff,Peripheral,Wireless Hub,Device Pairing,ClinicHub Pro,1/5/2024,4
CUST-0119,37,Female,Hartford CT,Field Technician,Smart Watch,Pulse Sport,Activity Logging,FitCore SaaS,1/5/2024,2
CUST-0393,26,Male,Concord NH,Clinical Administrator,Tablet,Tab Pro 12,Patient Education,TeleDoc Platform,1/5/2024,1
CUST-0291,41,Male,Bridgeport CT,Practice Manager,Peripheral,BioSensor Band,Remote Monitoring,VitalsNet SaaS,1/5/2024,2
CUST-0111,21,Male,Boston MA,Patient / Consumer,Smart Watch,Pulse Sport,Fitness Tracking,FitCore SaaS,1/5/2024,2
CUST-0279,42,Female,Manchester NH,Healthcare Professional,Peripheral,BioSensor Band,Remote Monitoring,VitalsNet SaaS,1/5/2024,2
CUST-0176,50,Non-binary,Springfield MA,Healthcare Professional,Peripheral,BioSensor Band,Vitals Streaming,VitalsNet SaaS,1/6/2024,1
CUST-0359,25,Male,Concord NH,Student / Academic,Peripheral,Keyboard Fold,Administrative Tasks,AdminFlow SaaS,1/6/2024,1
CUST-0367,25,Female,Springfield MA,Student / Academic,Tablet,Tab Compact,Field Data Entry,InvTrack Pro,1/6/2024,1
CUST-0004,57,Male,Portland ME,Healthcare Professional,Smart Watch,Pulse Elite,Remote Patient Check-in,FitCore SaaS,1/6/2024,1
CUST-0299,45,Female,Hartford CT,Clinical Administrator,Peripheral,Keyboard Fold,Telehealth Setup,TeleSetup Pro,1/7/2024,7
CUST-0162,51,Male,Burlington VT,Practice Manager,Peripheral,Keyboard Fold,Remote Input,TeleSetup Pro,1/7/2024,1
CUST-0272,29,Male,Portland ME,Practice Manager,Peripheral,Charging Dock,Clinical Stations,FleetCharge Pro,1/7/2024,1
CUST-0373,56,Male,Worcester MA,Healthcare Professional,Peripheral,Stylus Pro,Digital Annotation,SignFlow,1/7/2024,3
CUST-0298,25,Female,Hartford CT,Student / Academic,Peripheral,Privacy Shield,HIPAA Compliance,ComplianceGuard,1/7/2024,4
CUST-0070,32,Male,Bridgeport CT,Clinical Administrator,Tablet,Tab Studio,Data Visualisation,DataViz Suite,1/7/2024,1
CUST-0271,56,Female,Bridgeport CT,Healthcare Professional,Peripheral,Privacy Shield,HIPAA Compliance,SecureView SaaS,1/8/2024,3
CUST-0023,36,Female,Boston MA,Research Scientist,Peripheral,Keyboard Fold,Remote Input,TeleSetup Pro,1/8/2024,1
CUST-0134,40,Male,Manchester NH,Research Scientist,Peripheral,Wireless Hub,Clinic Network,MeshConnect SaaS,1/8/2024,3
CUST-0348,25,Female,Hartford CT,Clinical Administrator,Tablet,Tab Compact,Patient Intake,InvTrack Pro,1/8/2024,1
CUST-0080,22,Female,Bridgeport CT,Healthcare Professional,Tablet,Tab Pro 12,Patient Education,ClinicalOS,1/8/2024,3
CUST-0058,22,Male,Portland ME,Student / Academic,Smart Watch,Pulse Sport,Sleep Analysis,FitCore SaaS,1/8/2024,1
CUST-0130,26,Female,Bridgeport CT,Field Technician,Tablet,Tab Compact,Inventory Management,InvTrack Pro,1/8/2024,2
CUST-0244,43,Female,Burlington VT,Research Scientist,Peripheral,Privacy Shield,HIPAA Compliance,SecureView SaaS,1/8/2024,3
CUST-0156,20,Non-binary,Hartford CT,Student / Academic,Smart Watch,Pulse Sport,Activity Logging,WellnessCloud,1/8/2024,1
CUST-0212,48,Male,Worcester MA,Clinical Administrator,Tablet,Tab Pro 12,Clinical Documentation,EduHealth SaaS,1/8/2024,3
CUST-0138,30,Male,Worcester MA,IT & Technology Staff,Smart Watch,Pulse Sport,Sleep Analysis,WellnessCloud,1/8/2024,2
CUST-0156,20,Non-binary,Hartford CT,Student / Academic,Peripheral,Keyboard Fold,Telehealth Setup,AdminFlow SaaS,1/8/2024,3
CUST-0262,43,Female,Hartford CT,Practice Manager,Tablet,Tab Studio,Creative Workflow,DesignHub SaaS,1/8/2024,1
CUST-0390,21,Male,Burlington VT,Student / Academic,Peripheral,BioSensor Band,Vitals Streaming,BioStream API,1/8/2024,1
CUST-0305,41,Female,Portland ME,Healthcare Professional,Smart Watch,Pulse Elite,Remote Patient Check-in,FitCore SaaS,1/8/2024,2
CUST-0403,42,Female,Burlington VT,Healthcare Professional,Tablet,Tab Studio,Data Visualisation,DiagnosticAI,1/8/2024,1
CUST-0313,35,Female,Portland ME,Field Technician,Tablet,Tab Pro 12,Telehealth Consult,ClinicalOS,1/8/2024,4
CUST-0081,31,Male,Bridgeport CT,IT & Technology Staff,Tablet,Tab Studio,Data Visualisation,DataViz Suite,1/9/2024,1
CUST-0123,39,Male,Manchester NH,Field Technician,Smart Watch,Pulse Sport,Fitness Tracking,FitCore SaaS,1/9/2024,3
CUST-0248,41,Male,Burlington VT,Patient / Consumer,Peripheral,Privacy Shield,Screen Privacy,SecureView SaaS,1/9/2024,2
CUST-0294,35,Male,Worcester MA,Field Technician,Smart Watch,Pulse Sport,Activity Logging,WellnessCloud,1/9/2024,2
CUST-0311,31,Male,Worcester MA,IT & Technology Staff,Peripheral,Wireless Hub,Device Pairing,ClinicHub Pro,1/9/2024,2
CUST-0409,30,Male,Concord NH,Field Technician,Tablet,Tab Studio,Data Visualisation,DataViz Suite,1/9/2024,2
CUST-0398,73,Male,Springfield MA,Patient / Consumer,Smart Watch,Pulse Elite,Remote Patient Check-in,FitCore SaaS,1/9/2024,3
CUST-0057,28,Male,Boston MA,Research Scientist,Smart Watch,Pulse Elite,Remote Patient Check-in,FitCore SaaS,1/10/2024,3
CUST-0350,31,Male,Boston MA,IT & Technology Staff,Peripheral,Keyboard Fold,Administrative Tasks,AdminFlow SaaS,1/10/2024,3
CUST-0050,18,Prefer not to say,Bridgeport CT,Field Technician,Tablet,Tab Pro 12,Telehealth Consult,ClinicalOS,1/10/2024,1
CUST-0203,54,Female,Springfield MA,Practice Manager,Tablet,Tab Studio,Creative Workflow,DiagnosticAI,1/10/2024,1
CUST-0023,36,Female,Boston MA,Research Scientist,Tablet,Tab Studio,Data Visualisation,DataViz Suite,1/10/2024,3
CUST-0054,43,Male,Springfield MA,Clinical Administrator,Peripheral,Stylus Pro,Digital Annotation,NoteStream SaaS,1/10/2024,2
CUST-0225,44,Female,Bridgeport CT,Patient / Consumer,Peripheral,Privacy Shield,Screen Privacy,SecureView SaaS,1/10/2024,2
CUST-0232,55,Female,Hartford CT,Patient / Consumer,Peripheral,Wireless Hub,Device Pairing,ClinicHub Pro,1/10/2024,1
CUST-0169,39,Female,Springfield MA,Healthcare Professional,Tablet,Tab Compact,Patient Intake,FieldOps SaaS,1/10/2024,2
CUST-0039,30,Male,Burlington VT,Practice Manager,Tablet,Tab Pro 12,Patient Education,ClinicalOS,1/10/2024,2
CUST-0246,34,Male,Worcester MA,Clinical Administrator,Tablet,Tab Pro 12,Clinical Documentation,EduHealth SaaS,1/10/2024,1
CUST-0133,31,Female,Bridgeport CT,Healthcare Professional,Peripheral,Privacy Shield,Screen Privacy,ComplianceGuard,1/10/2024,4
CUST-0208,26,Male,Portland ME,Student / Academic,Peripheral,Keyboard Fold,Telehealth Setup,TeleSetup Pro,1/10/2024,1
CUST-0272,29,Male,Portland ME,Practice Manager,Tablet,Tab Pro 12,Patient Education,ClinicalOS,1/10/2024,1
CUST-0379,63,Prefer not to say,Worcester MA,Healthcare Professional,Peripheral,BioSensor Band,Vitals Streaming,VitalsNet SaaS,1/10/2024,6
CUST-0120,42,Male,Hartford CT,Research Scientist,Peripheral,BioSensor Band,Vitals Streaming,BioStream API,1/11/2024,2
CUST-0373,56,Male,Worcester MA,Healthcare Professional,Smart Watch,Pulse Elite,Remote Patient Check-in,HealthSync Pro,1/11/2024,2
CUST-0252,44,Female,Burlington VT,Research Scientist,Tablet,Tab Pro 12,Clinical Documentation,EduHealth SaaS,1/11/2024,1
CUST-0356,22,Non-binary,Burlington VT,Field Technician,Peripheral,Wireless Hub,Clinic Network,MeshConnect SaaS,1/11/2024,2
CUST-0202,37,Female,Burlington VT,IT & Technology Staff,Peripheral,Keyboard Fold,Telehealth Setup,TeleSetup Pro,1/11/2024,2
CUST-0273,29,Female,Hartford CT,Student / Academic,Smart Watch,Pulse Sport,Fitness Tracking,FitCore SaaS,1/11/2024,1
CUST-0208,26,Male,Portland ME,Student / Academic,Peripheral,Keyboard Fold,Telehealth Setup,TeleSetup Pro,1/11/2024,2
CUST-0067,43,Male,Providence RI,Practice Manager,Peripheral,Stylus Pro,Clinical Note-taking,NoteStream SaaS,1/11/2024,3
CUST-0003,43,Female,Boston MA,Clinical Administrator,Tablet,Tab Compact,Inventory Management,IntakeFlow,1/11/2024,2
CUST-0289,56,Female,Springfield MA,Patient / Consumer,Tablet,Tab Compact,Patient Intake,FieldOps SaaS,1/11/2024,1
CUST-0306,53,Prefer not to say,Manchester NH,Patient / Consumer,Smart Watch,Pulse Sport,Fitness Tracking,WellnessCloud,1/11/2024,3
CUST-0065,45,Male,Concord NH,Clinical Administrator,Peripheral,Keyboard Fold,Telehealth Setup,AdminFlow SaaS,1/11/2024,2
CUST-0146,64,Male,Portland ME,Patient / Consumer,Peripheral,BioSensor Band,Continuous Glucose Monitor,BioStream API,1/11/2024,5
CUST-0374,46,Female,Hartford CT,Clinical Administrator,Smart Watch,Pulse Sport,Fitness Tracking,WellnessCloud,1/11/2024,2
CUST-0150,38,Female,Worcester MA,Research Scientist,Tablet,Tab Pro 12,Clinical Documentation,EduHealth SaaS,1/12/2024,1
CUST-0052,22,Male,Bridgeport CT,Student / Academic,Peripheral,BioSensor Band,Continuous Glucose Monitor,VitalsNet SaaS,1/12/2024,1
CUST-0209,26,Female,Concord NH,Student / Academic,Tablet,Tab Pro 12,Telehealth Consult,EduHealth SaaS,1/12/2024,1
CUST-0267,46,Male,Hartford CT,IT & Technology Staff,Peripheral,Charging Dock,Clinical Stations,PowerDesk SaaS,1/13/2024,2
CUST-0099,33,Male,Manchester NH,IT & Technology Staff,Peripheral,Privacy Shield,Secure Display,SecureView SaaS,1/13/2024,3
CUST-0311,31,Male,Worcester MA,IT & Technology Staff,Smart Watch,Pulse Elite,Remote Patient Check-in,HealthSync Pro,1/13/2024,1
CUST-0047,33,Prefer not to say,Bridgeport CT,Clinical Administrator,Peripheral,Charging Dock,Fleet Management,FleetCharge Pro,1/13/2024,1
CUST-0379,63,Prefer not to say,Worcester MA,Healthcare Professional,Tablet,Tab Pro 12,Telehealth Consult,TeleDoc Platform,1/13/2024,3
CUST-0209,26,Female,Concord NH,Student / Academic,Peripheral,Stylus Pro,Clinical Note-taking,SignFlow,1/13/2024,3
CUST-0052,22,Male,Bridgeport CT,Student / Academic,Smart Watch,Pulse Sport,Sleep Analysis,WellnessCloud,1/13/2024,1
CUST-0093,40,Male,Concord NH,Patient / Consumer,Tablet,Tab Pro 12,Patient Education,ClinicalOS,1/13/2024,1
CUST-0100,31,Male,Springfield MA,IT & Technology Staff,Smart Watch,Pulse Elite,Remote Patient Check-in,HealthSync Pro,1/14/2024,1
CUST-0129,24,Female,Concord NH,Student / Academic,Smart Watch,Pulse Sport,Fitness Tracking,FitCore SaaS,1/14/2024,1
CUST-0388,43,Male,Hartford CT,Field Technician,Peripheral,BioSensor Band,Remote Monitoring,VitalsNet SaaS,1/14/2024,2
CUST-0414,56,Female,Worcester MA,Practice Manager,Peripheral,Privacy Shield,HIPAA Compliance,SecureView SaaS,1/14/2024,5
CUST-0151,46,Male,Providence RI,Practice Manager,Peripheral,Charging Dock,Clinical Stations,FleetCharge Pro,1/14/2024,1
CUST-0267,46,Male,Hartford CT,IT & Technology Staff,Peripheral,Charging Dock,Clinical Stations,PowerDesk SaaS,1/14/2024,2
CUST-0074,45,Male,Worcester MA,IT & Technology Staff,Peripheral,BioSensor Band,Vitals Streaming,VitalsNet SaaS,1/14/2024,2
CUST-0293,30,Prefer not to say,Portland ME,Research Scientist,Peripheral,Stylus Pro,E-Signature,SignFlow,1/15/2024,2
CUST-0224,21,Male,Hartford CT,Research Scientist,Tablet,Tab Pro 12,Patient Education,TeleDoc Platform,1/15/2024,1
CUST-0334,27,Male,Bridgeport CT,IT & Technology Staff,Tablet,Tab Compact,Inventory Management,InvTrack Pro,1/15/2024,3
CUST-0197,33,Male,Worcester MA,Healthcare Professional,Peripheral,Keyboard Fold,Telehealth Setup,AdminFlow SaaS,1/15/2024,2
CUST-0289,56,Female,Springfield MA,Patient / Consumer,Smart Watch,Pulse Sport,Activity Logging,WellnessCloud,1/15/2024,2
CUST-0350,31,Male,Boston MA,IT & Technology Staff,Peripheral,Privacy Shield,Secure Display,SecureView SaaS,1/16/2024,5
CUST-0399,34,Male,Hartford CT,Research Scientist,Peripheral,Charging Dock,Fleet Management,FleetCharge Pro,1/16/2024,3
CUST-0184,26,Male,Manchester NH,Student / Academic,Peripheral,Privacy Shield,Secure Display,SecureView SaaS,1/16/2024,2
CUST-0168,43,Male,Springfield MA,Field Technician,Tablet,Tab Compact,Field Data Entry,IntakeFlow,1/16/2024,2
CUST-0353,39,Male,Concord NH,IT & Technology Staff,Peripheral,Stylus Pro,Digital Annotation,NoteStream SaaS,1/16/2024,2
CUST-0399,34,Male,Hartford CT,Research Scientist,Peripheral,Keyboard Fold,Administrative Tasks,AdminFlow SaaS,1/16/2024,4
CUST-0015,18,Female,Manchester NH,Student / Academic,Peripheral,Privacy Shield,HIPAA Compliance,ComplianceGuard,1/16/2024,3
CUST-0379,63,Prefer not to say,Worcester MA,Healthcare Professional,Smart Watch,Pulse Elite,Fitness Tracking,FitCore SaaS,1/16/2024,2
CUST-0165,36,Female,Portland ME,Field Technician,Peripheral,Stylus Pro,Clinical Note-taking,SignFlow,1/16/2024,4
CUST-0285,50,Male,Springfield MA,IT & Technology Staff,Peripheral,Keyboard Fold,Remote Input,AdminFlow SaaS,1/16/2024,2
CUST-0419,53,Male,Springfield MA,Healthcare Professional,Peripheral,Privacy Shield,Screen Privacy,SecureView SaaS,1/16/2024,2
CUST-0279,42,Female,Manchester NH,Healthcare Professional,Peripheral,Charging Dock,Fleet Management,FleetCharge Pro,1/16/2024,5
CUST-0061,39,Male,Hartford CT,Practice Manager,Peripheral,Privacy Shield,HIPAA Compliance,SecureView SaaS,1/17/2024,4
CUST-0164,30,Male,Portland ME,Clinical Administrator,Peripheral,Wireless Hub,Data Aggregation,MeshConnect SaaS,1/17/2024,1
CUST-0006,28,Male,Springfield MA,Field Technician,Smart Watch,Pulse Sport,Fitness Tracking,FitCore SaaS,1/17/2024,1
CUST-0136,76,Female,Worcester MA,Patient / Consumer,Peripheral,BioSensor Band,Continuous Glucose Monitor,VitalsNet SaaS,1/17/2024,1
CUST-0417,76,Female,Springfield MA,Patient / Consumer,Peripheral,Keyboard Fold,Remote Input,AdminFlow SaaS,1/17/2024,2
CUST-0074,45,Male,Worcester MA,IT & Technology Staff,Tablet,Tab Studio,Data Visualisation,DiagnosticAI,1/17/2024,1
CUST-0062,28,Male,Manchester NH,Field Technician,Peripheral,Charging Dock,Multi-Device Charging,FleetCharge Pro,1/17/2024,1
CUST-0180,60,Female,Concord NH,Research Scientist,Smart Watch,Pulse Elite,Fitness Tracking,FitCore SaaS,1/17/2024,1
CUST-0153,25,Male,Bridgeport CT,Field Technician,Peripheral,Stylus Pro,E-Signature,NoteStream SaaS,1/17/2024,3
CUST-0197,33,Male,Worcester MA,Healthcare Professional,Peripheral,Charging Dock,Multi-Device Charging,FleetCharge Pro,1/18/2024,5
CUST-0086,33,Male,Springfield MA,Clinical Administrator,Smart Watch,Pulse Sport,Fitness Tracking,WellnessCloud,1/18/2024,1
CUST-0105,31,Female,Burlington VT,IT & Technology Staff,Peripheral,Privacy Shield,HIPAA Compliance,ComplianceGuard,1/18/2024,5
CUST-0077,44,Male,Burlington VT,Practice Manager,Tablet,Tab Studio,Remote Diagnosis,DataViz Suite,1/18/2024,1
CUST-0135,19,Female,Manchester NH,Student / Academic,Peripheral,Stylus Pro,E-Signature,SignFlow,1/18/2024,4
CUST-0112,23,Male,Portland ME,Student / Academic,Peripheral,BioSensor Band,Continuous Glucose Monitor,BioStream API,1/18/2024,1
CUST-0062,28,Male,Manchester NH,Field Technician,Peripheral,BioSensor Band,Continuous Glucose Monitor,VitalsNet SaaS,1/18/2024,5
CUST-0055,45,Female,Boston MA,Research Scientist,Smart Watch,Pulse Sport,Sleep Analysis,FitCore SaaS,1/18/2024,2
CUST-0008,39,Female,Concord NH,IT & Technology Staff,Peripheral,Keyboard Fold,Remote Input,TeleSetup Pro,1/18/2024,1
CUST-0046,31,Male,Hartford CT,Clinical Administrator,Peripheral,Privacy Shield,Screen Privacy,ComplianceGuard,1/18/2024,3
CUST-0245,27,Male,Providence RI,Clinical Administrator,Peripheral,Charging Dock,Clinical Stations,FleetCharge Pro,1/19/2024,3
CUST-0338,35,Female,Manchester NH,Clinical Administrator,Peripheral,Wireless Hub,Clinic Network,MeshConnect SaaS,1/19/2024,3
CUST-0015,18,Female,Manchester NH,Student / Academic,Peripheral,Privacy Shield,Screen Privacy,SecureView SaaS,1/19/2024,5
CUST-0062,28,Male,Manchester NH,Field Technician,Peripheral,BioSensor Band,Remote Monitoring,VitalsNet SaaS,1/19/2024,2
CUST-0344,26,Female,Concord NH,Field Technician,Peripheral,Stylus Pro,Digital Annotation,NoteStream SaaS,1/19/2024,2
CUST-0290,37,Female,Hartford CT,Practice Manager,Smart Watch,Pulse Sport,Activity Logging,FitCore SaaS,1/19/2024,1
CUST-0403,42,Female,Burlington VT,Healthcare Professional,Tablet,Tab Compact,Patient Intake,IntakeFlow,1/19/2024,1
CUST-0115,34,Female,Providence RI,Research Scientist,Peripheral,Stylus Pro,Clinical Note-taking,NoteStream SaaS,1/20/2024,3
CUST-0395,29,Female,Worcester MA,Student / Academic,Peripheral,Keyboard Fold,Administrative Tasks,AdminFlow SaaS,1/20/2024,3
CUST-0347,18,Non-binary,Portland ME,Student / Academic,Peripheral,Keyboard Fold,Remote Input,AdminFlow SaaS,1/20/2024,2
CUST-0098,56,Non-binary,Manchester NH,Patient / Consumer,Peripheral,Stylus Pro,E-Signature,NoteStream SaaS,1/20/2024,1
CUST-0377,50,Female,Bridgeport CT,Healthcare Professional,Smart Watch,Pulse Sport,Fitness Tracking,FitCore SaaS,1/21/2024,1
CUST-0167,52,Male,Portland ME,Practice Manager,Tablet,Tab Compact,Field Data Entry,InvTrack Pro,1/21/2024,1
CUST-0415,57,Male,Bridgeport CT,Patient / Consumer,Peripheral,Stylus Pro,Clinical Note-taking,SignFlow,1/21/2024,1
CUST-0315,47,Female,Burlington VT,Research Scientist,Smart Watch,Pulse Sport,Fitness Tracking,FitCore SaaS,1/22/2024,2
CUST-0328,43,Female,Springfield MA,Research Scientist,Smart Watch,Pulse Elite,Fitness Tracking,FitCore SaaS,1/22/2024,1
CUST-0032,54,Male,Providence RI,Clinical Administrator,Tablet,Tab Compact,Patient Intake,FieldOps SaaS,1/22/2024,1
CUST-0193,31,Male,Portland ME,Field Technician,Smart Watch,Pulse Sport,Sleep Analysis,WellnessCloud,1/22/2024,2
CUST-0301,26,Male,Burlington VT,IT & Technology Staff,Peripheral,Charging Dock,Multi-Device Charging,PowerDesk SaaS,1/22/2024,2
CUST-0294,35,Male,Worcester MA,Field Technician,Peripheral,Privacy Shield,HIPAA Compliance,SecureView SaaS,1/22/2024,1
CUST-0348,25,Female,Hartford CT,Clinical Administrator,Tablet,Tab Compact,Inventory Management,InvTrack Pro,1/22/2024,2
CUST-0034,22,Female,Hartford CT,Field Technician,Smart Watch,Pulse Sport,Sleep Analysis,WellnessCloud,1/22/2024,2
CUST-0281,45,Non-binary,Providence RI,Practice Manager,Tablet,Tab Pro 12,Clinical Documentation,TeleDoc Platform,1/22/2024,1
CUST-0259,59,Male,Portland ME,Patient / Consumer,Peripheral,BioSensor Band,Remote Monitoring,VitalsNet SaaS,1/23/2024,2
CUST-0364,39,Prefer not to say,Springfield MA,Research Scientist,Peripheral,Privacy Shield,HIPAA Compliance,ComplianceGuard,1/23/2024,1
CUST-0410,37,Male,Concord NH,IT & Technology Staff,Tablet,Tab Compact,Patient Intake,FieldOps SaaS,1/23/2024,3
CUST-0274,44,Female,Portland ME,Practice Manager,Peripheral,Charging Dock,Fleet Management,PowerDesk SaaS,1/23/2024,3
CUST-0120,42,Male,Hartford CT,Research Scientist,Smart Watch,Pulse Elite,Remote Patient Check-in,FitCore SaaS,1/23/2024,1
CUST-0015,18,Female,Manchester NH,Student / Academic,Peripheral,Wireless Hub,Clinic Network,MeshConnect SaaS,1/23/2024,1
CUST-0025,26,Male,Portland ME,Field Technician,Tablet,Tab Compact,Inventory Management,InvTrack Pro,1/23/2024,1
CUST-0356,22,Non-binary,Burlington VT,Field Technician,Tablet,Tab Compact,Patient Intake,FieldOps SaaS,1/23/2024,1
CUST-0228,34,Male,Bridgeport CT,Patient / Consumer,Smart Watch,Pulse Elite,Fitness Tracking,FitCore SaaS,1/23/2024,1
CUST-0370,31,Female,Boston MA,Clinical Administrator,Tablet,Tab Pro 12,Clinical Documentation,EduHealth SaaS,1/23/2024,3
CUST-0352,51,Male,Bridgeport CT,Clinical Administrator,Peripheral,BioSensor Band,Remote Monitoring,BioStream API,1/23/2024,1
CUST-0080,22,Female,Bridgeport CT,Healthcare Professional,Tablet,Tab Pro 12,Patient Education,EduHealth SaaS,1/23/2024,2
CUST-0404,42,Male,Burlington VT,Healthcare Professional,Smart Watch,Pulse Sport,Activity Logging,FitCore SaaS,1/23/2024,2
CUST-0230,62,Female,Providence RI,Patient / Consumer,Peripheral,Charging Dock,Multi-Device Charging,PowerDesk SaaS,1/23/2024,2
CUST-0082,41,Female,Manchester NH,Clinical Administrator,Smart Watch,Pulse Elite,Remote Patient Check-in,FitCore SaaS,1/23/2024,2
CUST-0228,34,Male,Bridgeport CT,Patient / Consumer,Tablet,Tab Pro 12,Telehealth Consult,EduHealth SaaS,1/24/2024,3
CUST-0361,40,Prefer not to say,Hartford CT,Research Scientist,Peripheral,Wireless Hub,Data Aggregation,MeshConnect SaaS,1/24/2024,6
CUST-0083,51,Female,Portland ME,Clinical Administrator,Tablet,Tab Pro 12,Telehealth Consult,EduHealth SaaS,1/24/2024,1
CUST-0381,35,Male,Manchester NH,Practice Manager,Peripheral,Stylus Pro,Clinical Note-taking,NoteStream SaaS,1/24/2024,2
CUST-0140,21,Female,Boston MA,Field Technician,Peripheral,Charging Dock,Clinical Stations,PowerDesk SaaS,1/24/2024,4
CUST-0321,36,Prefer not to say,Hartford CT,Research Scientist,Peripheral,Wireless Hub,Data Aggregation,MeshConnect SaaS,1/24/2024,1
CUST-0342,44,Male,Manchester NH,Healthcare Professional,Peripheral,BioSensor Band,Vitals Streaming,VitalsNet SaaS,1/24/2024,3
CUST-0161,34,Female,Burlington VT,Practice Manager,Tablet,Tab Compact,Inventory Management,InvTrack Pro,1/24/2024,1
CUST-0163,46,Male,Concord NH,Research Scientist,Peripheral,Stylus Pro,Clinical Note-taking,NoteStream SaaS,1/24/2024,2
CUST-0396,21,Female,Worcester MA,Student / Academic,Peripheral,Stylus Pro,Clinical Note-taking,NoteStream SaaS,1/24/2024,2
CUST-0191,29,Prefer not to say,Manchester NH,IT & Technology Staff,Peripheral,Keyboard Fold,Remote Input,AdminFlow SaaS,1/24/2024,4
CUST-0194,26,Female,Portland ME,Clinical Administrator,Peripheral,Privacy Shield,Screen Privacy,ComplianceGuard,1/24/2024,4
CUST-0125,34,Female,Bridgeport CT,Field Technician,Peripheral,Stylus Pro,Digital Annotation,SignFlow,1/24/2024,1
CUST-0022,31,Female,Burlington VT,IT & Technology Staff,Peripheral,Wireless Hub,Clinic Network,MeshConnect SaaS,1/24/2024,5
CUST-0200,27,Male,Concord NH,Clinical Administrator,Peripheral,Privacy Shield,HIPAA Compliance,SecureView SaaS,1/25/2024,4
CUST-0415,57,Male,Bridgeport CT,Patient / Consumer,Smart Watch,Pulse Sport,Activity Logging,FitCore SaaS,1/25/2024,1
CUST-0414,56,Female,Worcester MA,Practice Manager,Tablet,Tab Pro 12,Clinical Documentation,EduHealth SaaS,1/25/2024,2
CUST-0136,76,Female,Worcester MA,Patient / Consumer,Tablet,Tab Pro 12,Clinical Documentation,EduHealth SaaS,1/25/2024,1
CUST-0003,43,Female,Boston MA,Clinical Administrator,Tablet,Tab Studio,Data Visualisation,DesignHub SaaS,1/25/2024,1
CUST-0413,24,Male,Worcester MA,Clinical Administrator,Tablet,Tab Studio,Remote Diagnosis,DataViz Suite,1/25/2024,1
CUST-0055,45,Female,Boston MA,Research Scientist,Peripheral,Privacy Shield,HIPAA Compliance,SecureView SaaS,1/25/2024,2
CUST-0058,22,Male,Portland ME,Student / Academic,Tablet,Tab Studio,Data Visualisation,DataViz Suite,1/25/2024,1
CUST-0292,26,Female,Concord NH,Field Technician,Smart Watch,Pulse Sport,Activity Logging,FitCore SaaS,1/25/2024,1
CUST-0196,41,Female,Springfield MA,Clinical Administrator,Peripheral,Wireless Hub,Device Pairing,ClinicHub Pro,1/25/2024,3
CUST-0044,38,Male,Concord NH,Healthcare Professional,Tablet,Tab Compact,Inventory Management,IntakeFlow,1/25/2024,2
CUST-0212,48,Male,Worcester MA,Clinical Administrator,Peripheral,Stylus Pro,Digital Annotation,NoteStream SaaS,1/25/2024,2
CUST-0164,30,Male,Portland ME,Clinical Administrator,Smart Watch,Pulse Sport,Sleep Analysis,FitCore SaaS,1/26/2024,2
CUST-0190,20,Female,Manchester NH,IT & Technology Staff,Tablet,Tab Studio,Remote Diagnosis,DiagnosticAI,1/26/2024,2
CUST-0171,37,Female,Worcester MA,Patient / Consumer,Tablet,Tab Compact,Patient Intake,IntakeFlow,1/26/2024,2
CUST-0326,31,Female,Burlington VT,Practice Manager,Tablet,Tab Studio,Data Visualisation,DataViz Suite,1/26/2024,2
CUST-0325,35,Male,Boston MA,Patient / Consumer,Tablet,Tab Pro 12,Patient Education,TeleDoc Platform,1/26/2024,1
CUST-0271,56,Female,Bridgeport CT,Healthcare Professional,Smart Watch,Pulse Elite,Health Monitoring,FitCore SaaS,1/26/2024,1
CUST-0230,62,Female,Providence RI,Patient / Consumer,Peripheral,Keyboard Fold,Telehealth Setup,TeleSetup Pro,1/26/2024,3
CUST-0094,35,Female,Concord NH,Clinical Administrator,Tablet,Tab Studio,Data Visualisation,DiagnosticAI,1/26/2024,2
CUST-0086,33,Male,Springfield MA,Clinical Administrator,Tablet,Tab Pro 12,Clinical Documentation,ClinicalOS,1/26/2024,2
CUST-0291,41,Male,Bridgeport CT,Practice Manager,Tablet,Tab Compact,Inventory Management,FieldOps SaaS,1/26/2024,1
CUST-0002,34,Male,Manchester NH,Research Scientist,Tablet,Tab Studio,Creative Workflow,DiagnosticAI,1/26/2024,1
CUST-0025,26,Male,Portland ME,Field Technician,Smart Watch,Pulse Elite,Fitness Tracking,FitCore SaaS,1/26/2024,3
CUST-0211,47,Female,Portland ME,Healthcare Professional,Peripheral,BioSensor Band,Vitals Streaming,VitalsNet SaaS,1/26/2024,2
CUST-0379,63,Prefer not to say,Worcester MA,Healthcare Professional,Peripheral,Stylus Pro,Digital Annotation,SignFlow,1/26/2024,4
CUST-0214,50,Female,Hartford CT,Practice Manager,Tablet,Tab Compact,Inventory Management,InvTrack Pro,1/27/2024,4
CUST-0204,68,Male,Portland ME,Patient / Consumer,Smart Watch,Pulse Elite,Health Monitoring,FitCore SaaS,1/28/2024,1
CUST-0146,64,Male,Portland ME,Patient / Consumer,Smart Watch,Pulse Elite,Remote Patient Check-in,HealthSync Pro,1/29/2024,1
CUST-0395,29,Female,Worcester MA,Student / Academic,Peripheral,BioSensor Band,Continuous Glucose Monitor,BioStream API,1/29/2024,1
CUST-0335,28,Female,Burlington VT,Student / Academic,Peripheral,Keyboard Fold,Remote Input,TeleSetup Pro,1/29/2024,3
CUST-0244,43,Female,Burlington VT,Research Scientist,Peripheral,BioSensor Band,Vitals Streaming,VitalsNet SaaS,1/29/2024,3
CUST-0008,39,Female,Concord NH,IT & Technology Staff,Tablet,Tab Studio,Remote Diagnosis,DesignHub SaaS,1/29/2024,2
CUST-0202,37,Female,Burlington VT,IT & Technology Staff,Tablet,Tab Pro 12,Clinical Documentation,ClinicalOS,1/29/2024,1
CUST-0014,20,Female,Springfield MA,Clinical Administrator,Smart Watch,Pulse Elite,Remote Patient Check-in,FitCore SaaS,1/29/2024,2
CUST-0165,36,Female,Portland ME,Field Technician,Tablet,Tab Compact,Inventory Management,FieldOps SaaS,1/29/2024,1
CUST-0221,80,Male,Portland ME,Patient / Consumer,Tablet,Tab Compact,Inventory Management,InvTrack Pro,1/29/2024,2
CUST-0386,31,Male,Manchester NH,Field Technician,Peripheral,BioSensor Band,Remote Monitoring,BioStream API,1/29/2024,1
CUST-0354,28,Female,Providence RI,Field Technician,Smart Watch,Pulse Elite,Remote Patient Check-in,FitCore SaaS,1/29/2024,1
CUST-0135,19,Female,Manchester NH,Student / Academic,Peripheral,Stylus Pro,E-Signature,SignFlow,1/29/2024,2
CUST-0192,50,Non-binary,Springfield MA,Healthcare Professional,Peripheral,Stylus Pro,Digital Annotation,NoteStream SaaS,1/29/2024,2
CUST-0128,36,Male,Worcester MA,Healthcare Professional,Smart Watch,Pulse Elite,Fitness Tracking,HealthSync Pro,1/30/2024,3
CUST-0357,41,Female,Portland ME,Healthcare Professional,Peripheral,Stylus Pro,E-Signature,NoteStream SaaS,1/30/2024,1
CUST-0297,52,Prefer not to say,Providence RI,Practice Manager,Tablet,Tab Pro 12,Telehealth Consult,EduHealth SaaS,1/30/2024,1
CUST-0338,35,Female,Manchester NH,Clinical Administrator,Tablet,Tab Compact,Inventory Management,FieldOps SaaS,1/30/2024,1
CUST-0394,47,Female,Springfield MA,IT & Technology Staff,Peripheral,Stylus Pro,Clinical Note-taking,NoteStream SaaS,1/30/2024,2
CUST-0274,44,Female,Portland ME,Practice Manager,Peripheral,Charging Dock,Multi-Device Charging,FleetCharge Pro,1/30/2024,1
CUST-0142,30,Female,Hartford CT,Student / Academic,Smart Watch,Pulse Sport,Sleep Analysis,WellnessCloud,1/30/2024,1
CUST-0272,29,Male,Portland ME,Practice Manager,Tablet,Tab Compact,Field Data Entry,FieldOps SaaS,1/31/2024,1
CUST-0023,36,Female,Boston MA,Research Scientist,Smart Watch,Pulse Elite,Remote Patient Check-in,HealthSync Pro,1/31/2024,1
CUST-0278,30,Female,Burlington VT,Research Scientist,Peripheral,BioSensor Band,Vitals Streaming,VitalsNet SaaS,1/31/2024,2
CUST-0138,30,Male,Worcester MA,IT & Technology Staff,Peripheral,Wireless Hub,Clinic Network,ClinicHub Pro,1/31/2024,2
CUST-0004,57,Male,Portland ME,Healthcare Professional,Peripheral,Charging Dock,Clinical Stations,PowerDesk SaaS,1/31/2024,2
CUST-0315,47,Female,Burlington VT,Research Scientist,Peripheral,Stylus Pro,Clinical Note-taking,SignFlow,1/31/2024,2
CUST-0219,26,Prefer not to say,Bridgeport CT,Field Technician,Tablet,Tab Compact,Field Data Entry,IntakeFlow,1/31/2024,1
CUST-0416,31,Male,Manchester NH,Clinical Administrator,Tablet,Tab Pro 12,Patient Education,TeleDoc Platform,1/31/2024,2
CUST-0107,43,Female,Manchester NH,Field Technician,Tablet,Tab Compact,Inventory Management,FieldOps SaaS,1/31/2024,2
CUST-0141,55,Male,Worcester MA,Patient / Consumer,Smart Watch,Pulse Elite,Remote Patient Check-in,FitCore SaaS,1/31/2024,1
CUST-0387,39,Male,Portland ME,Research Scientist,Peripheral,Keyboard Fold,Telehealth Setup,TeleSetup Pro,2/1/2024,5
CUST-0385,39,Female,Springfield MA,Patient / Consumer,Peripheral,Charging Dock,Clinical Stations,PowerDesk SaaS,2/1/2024,1
CUST-0108,39,Non-binary,Providence RI,Clinical Administrator,Peripheral,Privacy Shield,Screen Privacy,ComplianceGuard,2/1/2024,1
CUST-0205,25,Male,Hartford CT,Clinical Administrator,Tablet,Tab Pro 12,Telehealth Consult,EduHealth SaaS,2/1/2024,1
CUST-0391,19,Non-binary,Hartford CT,Student / Academic,Peripheral,Charging Dock,Clinical Stations,FleetCharge Pro,2/1/2024,1
CUST-0390,21,Male,Burlington VT,Student / Academic,Peripheral,Keyboard Fold,Remote Input,TeleSetup Pro,2/1/2024,6
CUST-0055,45,Female,Boston MA,Research Scientist,Smart Watch,Pulse Elite,Health Monitoring,HealthSync Pro,2/1/2024,3
CUST-0356,22,Non-binary,Burlington VT,Field Technician,Peripheral,Wireless Hub,Device Pairing,MeshConnect SaaS,2/1/2024,3
CUST-0215,40,Female,Manchester NH,Practice Manager,Peripheral,Charging Dock,Clinical Stations,PowerDesk SaaS,2/1/2024,1
CUST-0075,18,Non-binary,Hartford CT,Patient / Consumer,Smart Watch,Pulse Elite,Fitness Tracking,HealthSync Pro,2/2/2024,3
CUST-0365,42,Male,Bridgeport CT,Research Scientist,Peripheral,Charging Dock,Multi-Device Charging,FleetCharge Pro,2/2/2024,2
CUST-0189,35,Female,Concord NH,Practice Manager,Peripheral,Privacy Shield,Secure Display,SecureView SaaS,2/2/2024,5
CUST-0133,31,Female,Bridgeport CT,Healthcare Professional,Smart Watch,Pulse Sport,Activity Logging,WellnessCloud,2/2/2024,1
CUST-0093,40,Male,Concord NH,Patient / Consumer,Smart Watch,Pulse Elite,Fitness Tracking,HealthSync Pro,2/2/2024,1
CUST-0318,30,Male,Concord NH,IT & Technology Staff,Peripheral,Charging Dock,Multi-Device Charging,PowerDesk SaaS,2/2/2024,2
CUST-0196,41,Female,Springfield MA,Clinical Administrator,Smart Watch,Pulse Elite,Fitness Tracking,HealthSync Pro,2/2/2024,1
CUST-0090,49,Male,Manchester NH,Practice Manager,Tablet,Tab Compact,Inventory Management,IntakeFlow,2/2/2024,1
CUST-0027,21,Female,Hartford CT,Field Technician,Peripheral,Privacy Shield,Secure Display,SecureView SaaS,2/2/2024,2
CUST-0068,68,Female,Manchester NH,Patient / Consumer,Peripheral,Wireless Hub,Device Pairing,MeshConnect SaaS,2/3/2024,2
CUST-0311,31,Male,Worcester MA,IT & Technology Staff,Peripheral,Wireless Hub,Device Pairing,ClinicHub Pro,2/3/2024,3
CUST-0004,57,Male,Portland ME,Healthcare Professional,Peripheral,BioSensor Band,Vitals Streaming,BioStream API,2/3/2024,3
CUST-0340,26,Prefer not to say,Bridgeport CT,Field Technician,Peripheral,Charging Dock,Multi-Device Charging,FleetCharge Pro,2/3/2024,2
CUST-0017,28,Female,Manchester NH,Clinical Administrator,Peripheral,Keyboard Fold,Remote Input,AdminFlow SaaS,2/4/2024,2
CUST-0290,37,Female,Hartford CT,Practice Manager,Peripheral,Keyboard Fold,Remote Input,TeleSetup Pro,2/4/2024,1
CUST-0147,23,Male,Portland ME,IT & Technology Staff,Tablet,Tab Pro 12,Patient Education,ClinicalOS,2/4/2024,3
CUST-0253,49,Male,Providence RI,IT & Technology Staff,Peripheral,Wireless Hub,Device Pairing,ClinicHub Pro,2/4/2024,2
CUST-0283,77,Male,Hartford CT,Patient / Consumer,Peripheral,BioSensor Band,Vitals Streaming,VitalsNet SaaS,2/4/2024,3
CUST-0177,42,Male,Worcester MA,Healthcare Professional,Peripheral,Privacy Shield,Secure Display,ComplianceGuard,2/4/2024,1
CUST-0254,68,Female,Springfield MA,Patient / Consumer,Peripheral,BioSensor Band,Continuous Glucose Monitor,BioStream API,2/5/2024,1
CUST-0378,54,Female,Boston MA,Patient / Consumer,Smart Watch,Pulse Elite,Remote Patient Check-in,HealthSync Pro,2/5/2024,1
CUST-0024,23,Female,Concord NH,Research Scientist,Peripheral,Charging Dock,Fleet Management,PowerDesk SaaS,2/5/2024,3
CUST-0354,28,Female,Providence RI,Field Technician,Tablet,Tab Studio,Data Visualisation,DataViz Suite,2/5/2024,2
CUST-0068,68,Female,Manchester NH,Patient / Consumer,Tablet,Tab Compact,Field Data Entry,FieldOps SaaS,2/5/2024,1
CUST-0177,42,Male,Worcester MA,Healthcare Professional,Peripheral,Privacy Shield,HIPAA Compliance,ComplianceGuard,2/5/2024,2
CUST-0068,68,Female,Manchester NH,Patient / Consumer,Smart Watch,Pulse Sport,Activity Logging,FitCore SaaS,2/5/2024,2
CUST-0392,42,Male,Manchester NH,Clinical Administrator,Peripheral,Keyboard Fold,Administrative Tasks,TeleSetup Pro,2/5/2024,2
CUST-0022,31,Female,Burlington VT,IT & Technology Staff,Tablet,Tab Studio,Creative Workflow,DiagnosticAI,2/5/2024,2
CUST-0351,56,Prefer not to say,Manchester NH,Patient / Consumer,Smart Watch,Pulse Elite,Fitness Tracking,FitCore SaaS,2/6/2024,1
CUST-0066,50,Male,Portland ME,Clinical Administrator,Peripheral,Privacy Shield,Secure Display,ComplianceGuard,2/6/2024,5
CUST-0304,34,Non-binary,Hartford CT,Field Technician,Smart Watch,Pulse Sport,Activity Logging,FitCore SaaS,2/6/2024,1
CUST-0309,47,Male,Boston MA,Healthcare Professional,Tablet,Tab Pro 12,Telehealth Consult,TeleDoc Platform,2/6/2024,1
CUST-0258,34,Female,Concord NH,Healthcare Professional,Smart Watch,Pulse Elite,Fitness Tracking,HealthSync Pro,2/6/2024,2
CUST-0393,26,Male,Concord NH,Clinical Administrator,Peripheral,Keyboard Fold,Remote Input,AdminFlow SaaS,2/6/2024,3
CUST-0391,19,Non-binary,Hartford CT,Student / Academic,Peripheral,BioSensor Band,Vitals Streaming,VitalsNet SaaS,2/6/2024,3
CUST-0265,35,Female,Worcester MA,Clinical Administrator,Peripheral,Stylus Pro,Clinical Note-taking,SignFlow,2/6/2024,2
CUST-0383,18,Male,Springfield MA,IT & Technology Staff,Peripheral,Wireless Hub,Device Pairing,MeshConnect SaaS,2/6/2024,3
CUST-0156,20,Non-binary,Hartford CT,Student / Academic,Tablet,Tab Studio,Data Visualisation,DataViz Suite,2/6/2024,1
CUST-0095,45,Male,Bridgeport CT,Patient / Consumer,Smart Watch,Pulse Sport,Fitness Tracking,FitCore SaaS,2/6/2024,1
CUST-0376,31,Female,Portland ME,Clinical Administrator,Peripheral,Keyboard Fold,Remote Input,AdminFlow SaaS,2/6/2024,1
CUST-0041,63,Female,Bridgeport CT,Patient / Consumer,Tablet,Tab Studio,Remote Diagnosis,DataViz Suite,2/6/2024,2
CUST-0109,44,Female,Springfield MA,Healthcare Professional,Tablet,Tab Compact,Inventory Management,IntakeFlow,2/7/2024,1
CUST-0103,38,Male,Worcester MA,Healthcare Professional,Tablet,Tab Studio,Remote Diagnosis,DataViz Suite,2/7/2024,2
CUST-0156,20,Non-binary,Hartford CT,Student / Academic,Peripheral,BioSensor Band,Vitals Streaming,BioStream API,2/7/2024,1
CUST-0166,41,Male,Concord NH,Clinical Administrator,Tablet,Tab Pro 12,Clinical Documentation,ClinicalOS,2/7/2024,1
CUST-0255,27,Male,Hartford CT,Patient / Consumer,Peripheral,BioSensor Band,Continuous Glucose Monitor,BioStream API,2/7/2024,1
CUST-0347,18,Non-binary,Portland ME,Student / Academic,Smart Watch,Pulse Sport,Fitness Tracking,FitCore SaaS,2/7/2024,1
CUST-0039,30,Male,Burlington VT,Practice Manager,Tablet,Tab Pro 12,Patient Education,ClinicalOS,2/7/2024,1
CUST-0145,25,Male,Portland ME,Student / Academic,Peripheral,Stylus Pro,Digital Annotation,SignFlow,2/7/2024,1
CUST-0308,38,Male,Burlington VT,Practice Manager,Smart Watch,Pulse Elite,Health Monitoring,HealthSync Pro,2/7/2024,1
CUST-0314,52,Non-binary,Providence RI,Practice Manager,Tablet,Tab Studio,Data Visualisation,DiagnosticAI,2/7/2024,1
CUST-0403,42,Female,Burlington VT,Healthcare Professional,Peripheral,Stylus Pro,E-Signature,SignFlow,2/7/2024,3
CUST-0290,37,Female,Hartford CT,Practice Manager,Peripheral,Wireless Hub,Data Aggregation,ClinicHub Pro,2/7/2024,1
CUST-0014,20,Female,Springfield MA,Clinical Administrator,Smart Watch,Pulse Elite,Remote Patient Check-in,HealthSync Pro,2/7/2024,3
CUST-0195,39,Female,Burlington VT,Clinical Administrator,Peripheral,Privacy Shield,Secure Display,ComplianceGuard,2/7/2024,1
CUST-0403,42,Female,Burlington VT,Healthcare Professional,Tablet,Tab Pro 12,Telehealth Consult,EduHealth SaaS,2/7/2024,2
CUST-0050,18,Prefer not to say,Bridgeport CT,Field Technician,Tablet,Tab Compact,Field Data Entry,FieldOps SaaS,2/8/2024,2
CUST-0345,33,Female,Hartford CT,Clinical Administrator,Smart Watch,Pulse Elite,Fitness Tracking,HealthSync Pro,2/8/2024,1
CUST-0124,29,Male,Bridgeport CT,Patient / Consumer,Tablet,Tab Compact,Patient Intake,FieldOps SaaS,2/8/2024,1
CUST-0378,54,Female,Boston MA,Patient / Consumer,Smart Watch,Pulse Elite,Remote Patient Check-in,HealthSync Pro,2/8/2024,1
CUST-0320,49,Female,Burlington VT,Patient / Consumer,Tablet,Tab Pro 12,Clinical Documentation,TeleDoc Platform,2/8/2024,1
CUST-0092,46,Male,Portland ME,Clinical Administrator,Tablet,Tab Pro 12,Clinical Documentation,TeleDoc Platform,2/8/2024,3
CUST-0181,34,Male,Worcester MA,Field Technician,Peripheral,Charging Dock,Clinical Stations,FleetCharge Pro,2/8/2024,3
CUST-0160,62,Female,Bridgeport CT,Patient / Consumer,Smart Watch,Pulse Sport,Fitness Tracking,FitCore SaaS,2/8/2024,2
CUST-0277,39,Male,Springfield MA,Clinical Administrator,Tablet,Tab Studio,Data Visualisation,DataViz Suite,2/8/2024,2
CUST-0047,33,Prefer not to say,Bridgeport CT,Clinical Administrator,Peripheral,Charging Dock,Fleet Management,FleetCharge Pro,2/8/2024,1
CUST-0416,31,Male,Manchester NH,Clinical Administrator,Peripheral,Charging Dock,Multi-Device Charging,FleetCharge Pro,2/8/2024,6
CUST-0153,25,Male,Bridgeport CT,Field Technician,Peripheral,Keyboard Fold,Remote Input,AdminFlow SaaS,2/8/2024,3
CUST-0233,24,Male,Boston MA,Student / Academic,Peripheral,Wireless Hub,Data Aggregation,ClinicHub Pro,2/9/2024,4
CUST-0271,56,Female,Bridgeport CT,Healthcare Professional,Smart Watch,Pulse Elite,Fitness Tracking,HealthSync Pro,2/9/2024,3
CUST-0053,37,Male,Portland ME,Practice Manager,Smart Watch,Pulse Elite,Remote Patient Check-in,FitCore SaaS,2/9/2024,2
CUST-0379,63,Prefer not to say,Worcester MA,Healthcare Professional,Peripheral,BioSensor Band,Continuous Glucose Monitor,VitalsNet SaaS,2/9/2024,3
CUST-0237,18,Male,Springfield MA,IT & Technology Staff,Peripheral,Keyboard Fold,Telehealth Setup,AdminFlow SaaS,2/9/2024,4
CUST-0277,39,Male,Springfield MA,Clinical Administrator,Tablet,Tab Compact,Inventory Management,FieldOps SaaS,2/9/2024,1
CUST-0128,36,Male,Worcester MA,Healthcare Professional,Peripheral,Keyboard Fold,Administrative Tasks,AdminFlow SaaS,2/9/2024,5
CUST-0340,26,Prefer not to say,Bridgeport CT,Field Technician,Peripheral,Wireless Hub,Device Pairing,MeshConnect SaaS,2/9/2024,2
CUST-0108,39,Non-binary,Providence RI,Clinical Administrator,Peripheral,Charging Dock,Multi-Device Charging,PowerDesk SaaS,2/9/2024,3
CUST-0356,22,Non-binary,Burlington VT,Field Technician,Smart Watch,Pulse Sport,Activity Logging,FitCore SaaS,2/10/2024,1
CUST-0409,30,Male,Concord NH,Field Technician,Smart Watch,Pulse Elite,Remote Patient Check-in,FitCore SaaS,2/10/2024,1
CUST-0040,34,Female,Manchester NH,IT & Technology Staff,Tablet,Tab Compact,Field Data Entry,IntakeFlow,2/10/2024,4
CUST-0304,34,Non-binary,Hartford CT,Field Technician,Tablet,Tab Studio,Remote Diagnosis,DesignHub SaaS,2/10/2024,1
CUST-0375,65,Female,Bridgeport CT,Practice Manager,Peripheral,Charging Dock,Clinical Stations,PowerDesk SaaS,2/10/2024,1
CUST-0259,59,Male,Portland ME,Patient / Consumer,Tablet,Tab Pro 12,Clinical Documentation,EduHealth SaaS,2/10/2024,1
CUST-0075,18,Non-binary,Hartford CT,Patient / Consumer,Smart Watch,Pulse Sport,Fitness Tracking,WellnessCloud,2/11/2024,2
CUST-0063,22,Male,Worcester MA,Field Technician,Smart Watch,Pulse Sport,Fitness Tracking,WellnessCloud,2/12/2024,4
CUST-0332,19,Female,Manchester NH,Student / Academic,Peripheral,Keyboard Fold,Telehealth Setup,AdminFlow SaaS,2/12/2024,2
CUST-0193,31,Male,Portland ME,Field Technician,Peripheral,Privacy Shield,Secure Display,SecureView SaaS,2/12/2024,2
CUST-0354,28,Female,Providence RI,Field Technician,Smart Watch,Pulse Sport,Sleep Analysis,WellnessCloud,2/12/2024,1
CUST-0164,30,Male,Portland ME,Clinical Administrator,Peripheral,Privacy Shield,HIPAA Compliance,ComplianceGuard,2/12/2024,6
CUST-0254,68,Female,Springfield MA,Patient / Consumer,Smart Watch,Pulse Sport,Activity Logging,FitCore SaaS,2/12/2024,3
CUST-0351,56,Prefer not to say,Manchester NH,Patient / Consumer,Smart Watch,Pulse Sport,Activity Logging,WellnessCloud,2/12/2024,1
CUST-0070,32,Male,Bridgeport CT,Clinical Administrator,Peripheral,Charging Dock,Fleet Management,FleetCharge Pro,2/12/2024,4
CUST-0390,21,Male,Burlington VT,Student / Academic,Peripheral,Stylus Pro,Clinical Note-taking,SignFlow,2/13/2024,1
CUST-0139,39,Female,Burlington VT,IT & Technology Staff,Smart Watch,Pulse Elite,Fitness Tracking,HealthSync Pro,2/13/2024,1
CUST-0374,46,Female,Hartford CT,Clinical Administrator,Peripheral,Stylus Pro,E-Signature,SignFlow,2/13/2024,4
CUST-0025,26,Male,Portland ME,Field Technician,Peripheral,Charging Dock,Clinical Stations,FleetCharge Pro,2/13/2024,1
CUST-0204,68,Male,Portland ME,Patient / Consumer,Peripheral,BioSensor Band,Continuous Glucose Monitor,BioStream API,2/13/2024,1
CUST-0399,34,Male,Hartford CT,Research Scientist,Smart Watch,Pulse Elite,Remote Patient Check-in,HealthSync Pro,2/13/2024,1
CUST-0327,46,Female,Concord NH,Research Scientist,Peripheral,Stylus Pro,Clinical Note-taking,NoteStream SaaS,2/13/2024,3
CUST-0172,28,Female,Burlington VT,Research Scientist,Peripheral,BioSensor Band,Continuous Glucose Monitor,VitalsNet SaaS,2/13/2024,4
CUST-0308,38,Male,Burlington VT,Practice Manager,Peripheral,Privacy Shield,Screen Privacy,SecureView SaaS,2/13/2024,2
CUST-0092,46,Male,Portland ME,Clinical Administrator,Tablet,Tab Pro 12,Clinical Documentation,EduHealth SaaS,2/13/2024,4
CUST-0189,35,Female,Concord NH,Practice Manager,Peripheral,Charging Dock,Multi-Device Charging,FleetCharge Pro,2/14/2024,1
CUST-0271,56,Female,Bridgeport CT,Healthcare Professional,Peripheral,Stylus Pro,Clinical Note-taking,NoteStream SaaS,2/14/2024,1
CUST-0089,28,Female,Burlington VT,IT & Technology Staff,Peripheral,Keyboard Fold,Telehealth Setup,TeleSetup Pro,2/14/2024,3
CUST-0214,50,Female,Hartford CT,Practice Manager,Peripheral,BioSensor Band,Continuous Glucose Monitor,BioStream API,2/14/2024,1
CUST-0047,33,Prefer not to say,Bridgeport CT,Clinical Administrator,Peripheral,Stylus Pro,Digital Annotation,NoteStream SaaS,2/14/2024,2
CUST-0054,43,Male,Springfield MA,Clinical Administrator,Tablet,Tab Compact,Field Data Entry,FieldOps SaaS,2/14/2024,1
CUST-0385,39,Female,Springfield MA,Patient / Consumer,Tablet,Tab Pro 12,Clinical Documentation,ClinicalOS,2/14/2024,1
CUST-0138,30,Male,Worcester MA,IT & Technology Staff,Peripheral,Wireless Hub,Data Aggregation,MeshConnect SaaS,2/14/2024,2
CUST-0151,46,Male,Providence RI,Practice Manager,Tablet,Tab Compact,Patient Intake,InvTrack Pro,2/15/2024,1
CUST-0207,33,Male,Hartford CT,Field Technician,Peripheral,Keyboard Fold,Administrative Tasks,TeleSetup Pro,2/15/2024,2
CUST-0194,26,Female,Portland ME,Clinical Administrator,Tablet,Tab Pro 12,Patient Education,ClinicalOS,2/15/2024,2
CUST-0030,27,Male,Providence RI,Field Technician,Peripheral,BioSensor Band,Remote Monitoring,VitalsNet SaaS,2/15/2024,5
CUST-0089,28,Female,Burlington VT,IT & Technology Staff,Tablet,Tab Compact,Field Data Entry,FieldOps SaaS,2/15/2024,1
CUST-0108,39,Non-binary,Providence RI,Clinical Administrator,Smart Watch,Pulse Elite,Fitness Tracking,HealthSync Pro,2/15/2024,2
CUST-0095,45,Male,Bridgeport CT,Patient / Consumer,Tablet,Tab Compact,Field Data Entry,InvTrack Pro,2/15/2024,2
CUST-0008,39,Female,Concord NH,IT & Technology Staff,Peripheral,Keyboard Fold,Telehealth Setup,AdminFlow SaaS,2/15/2024,2
CUST-0370,31,Female,Boston MA,Clinical Administrator,Peripheral,Stylus Pro,E-Signature,SignFlow,2/15/2024,1
CUST-0314,52,Non-binary,Providence RI,Practice Manager,Peripheral,Keyboard Fold,Telehealth Setup,AdminFlow SaaS,2/15/2024,2
CUST-0240,43,Female,Worcester MA,Research Scientist,Peripheral,BioSensor Band,Continuous Glucose Monitor,BioStream API,2/15/2024,2
CUST-0085,28,Female,Boston MA,Research Scientist,Peripheral,Wireless Hub,Device Pairing,MeshConnect SaaS,2/15/2024,3
CUST-0059,57,Female,Portland ME,Patient / Consumer,Smart Watch,Pulse Elite,Remote Patient Check-in,HealthSync Pro,2/15/2024,2
CUST-0200,27,Male,Concord NH,Clinical Administrator,Smart Watch,Pulse Elite,Fitness Tracking,HealthSync Pro,2/15/2024,2
CUST-0008,39,Female,Concord NH,IT & Technology Staff,Tablet,Tab Compact,Field Data Entry,IntakeFlow,2/15/2024,2
CUST-0067,43,Male,Providence RI,Practice Manager,Peripheral,BioSensor Band,Vitals Streaming,VitalsNet SaaS,2/15/2024,1
CUST-0327,46,Female,Concord NH,Research Scientist,Tablet,Tab Studio,Creative Workflow,DiagnosticAI,2/16/2024,3
CUST-0207,33,Male,Hartford CT,Field Technician,Tablet,Tab Compact,Field Data Entry,InvTrack Pro,2/16/2024,1
CUST-0119,37,Female,Hartford CT,Field Technician,Smart Watch,Pulse Sport,Sleep Analysis,WellnessCloud,2/16/2024,1
CUST-0162,51,Male,Burlington VT,Practice Manager,Tablet,Tab Pro 12,Clinical Documentation,EduHealth SaaS,2/16/2024,2
CUST-0243,47,Female,Manchester NH,Healthcare Professional,Tablet,Tab Compact,Field Data Entry,IntakeFlow,2/16/2024,1
CUST-0338,35,Female,Manchester NH,Clinical Administrator,Smart Watch,Pulse Elite,Health Monitoring,HealthSync Pro,2/17/2024,1
CUST-0288,61,Female,Burlington VT,Patient / Consumer,Peripheral,Charging Dock,Fleet Management,FleetCharge Pro,2/17/2024,2
CUST-0130,26,Female,Bridgeport CT,Field Technician,Tablet,Tab Compact,Patient Intake,IntakeFlow,2/17/2024,2
CUST-0304,34,Non-binary,Hartford CT,Field Technician,Tablet,Tab Compact,Field Data Entry,FieldOps SaaS,2/17/2024,1
CUST-0209,26,Female,Concord NH,Student / Academic,Peripheral,Privacy Shield,HIPAA Compliance,ComplianceGuard,2/17/2024,5
CUST-0068,68,Female,Manchester NH,Patient / Consumer,Smart Watch,Pulse Sport,Fitness Tracking,FitCore SaaS,2/18/2024,1
CUST-0168,43,Male,Springfield MA,Field Technician,Smart Watch,Pulse Sport,Sleep Analysis,FitCore SaaS,2/18/2024,1
CUST-0415,57,Male,Bridgeport CT,Patient / Consumer,Peripheral,Wireless Hub,Device Pairing,MeshConnect SaaS,2/18/2024,1
CUST-0371,33,Male,Portland ME,IT & Technology Staff,Smart Watch,Pulse Sport,Sleep Analysis,WellnessCloud,2/18/2024,1
CUST-0076,65,Male,Bridgeport CT,Patient / Consumer,Peripheral,Privacy Shield,HIPAA Compliance,ComplianceGuard,2/18/2024,1
CUST-0392,42,Male,Manchester NH,Clinical Administrator,Peripheral,Stylus Pro,Digital Annotation,SignFlow,2/18/2024,2
CUST-0033,29,Female,Worcester MA,Field Technician,Peripheral,Keyboard Fold,Remote Input,AdminFlow SaaS,2/18/2024,1
CUST-0096,28,Female,Bridgeport CT,Patient / Consumer,Peripheral,BioSensor Band,Vitals Streaming,BioStream API,2/19/2024,1
CUST-0055,45,Female,Boston MA,Research Scientist,Tablet,Tab Studio,Remote Diagnosis,DesignHub SaaS,2/19/2024,1
CUST-0410,37,Male,Concord NH,IT & Technology Staff,Tablet,Tab Studio,Remote Diagnosis,DesignHub SaaS,2/19/2024,1
CUST-0145,25,Male,Portland ME,Student / Academic,Peripheral,Stylus Pro,E-Signature,NoteStream SaaS,2/19/2024,3
CUST-0147,23,Male,Portland ME,IT & Technology Staff,Peripheral,Wireless Hub,Data Aggregation,ClinicHub Pro,2/19/2024,2
CUST-0192,50,Non-binary,Springfield MA,Healthcare Professional,Tablet,Tab Pro 12,Clinical Documentation,TeleDoc Platform,2/19/2024,3
CUST-0085,28,Female,Boston MA,Research Scientist,Peripheral,BioSensor Band,Vitals Streaming,VitalsNet SaaS,2/19/2024,1
CUST-0090,49,Male,Manchester NH,Practice Manager,Smart Watch,Pulse Elite,Health Monitoring,FitCore SaaS,2/19/2024,2
CUST-0138,30,Male,Worcester MA,IT & Technology Staff,Peripheral,Privacy Shield,HIPAA Compliance,ComplianceGuard,2/19/2024,3
CUST-0369,33,Female,Providence RI,IT & Technology Staff,Peripheral,Keyboard Fold,Administrative Tasks,AdminFlow SaaS,2/19/2024,3
CUST-0125,34,Female,Bridgeport CT,Field Technician,Peripheral,BioSensor Band,Remote Monitoring,BioStream API,2/19/2024,3
CUST-0026,24,Male,Hartford CT,Student / Academic,Peripheral,Stylus Pro,Digital Annotation,NoteStream SaaS,2/19/2024,1
CUST-0070,32,Male,Bridgeport CT,Clinical Administrator,Peripheral,Stylus Pro,Digital Annotation,SignFlow,2/19/2024,2
CUST-0354,28,Female,Providence RI,Field Technician,Peripheral,Privacy Shield,Screen Privacy,ComplianceGuard,2/20/2024,4
CUST-0363,40,Male,Concord NH,Healthcare Professional,Peripheral,Charging Dock,Fleet Management,PowerDesk SaaS,2/20/2024,3
CUST-0066,50,Male,Portland ME,Clinical Administrator,Peripheral,BioSensor Band,Remote Monitoring,VitalsNet SaaS,2/20/2024,4
CUST-0290,37,Female,Hartford CT,Practice Manager,Peripheral,Charging Dock,Multi-Device Charging,PowerDesk SaaS,2/20/2024,3
CUST-0185,39,Female,Portland ME,Healthcare Professional,Peripheral,Charging Dock,Clinical Stations,PowerDesk SaaS,2/20/2024,2
CUST-0190,20,Female,Manchester NH,IT & Technology Staff,Tablet,Tab Studio,Creative Workflow,DataViz Suite,2/20/2024,3
CUST-0117,29,Female,Portland ME,Field Technician,Tablet,Tab Compact,Inventory Management,FieldOps SaaS,2/20/2024,1
CUST-0126,34,Non-binary,Manchester NH,Student / Academic,Peripheral,Privacy Shield,Secure Display,ComplianceGuard,2/20/2024,4
CUST-0326,31,Female,Burlington VT,Practice Manager,Peripheral,Charging Dock,Fleet Management,FleetCharge Pro,2/21/2024,1
CUST-0277,39,Male,Springfield MA,Clinical Administrator,Tablet,Tab Pro 12,Telehealth Consult,TeleDoc Platform,2/21/2024,2
CUST-0344,26,Female,Concord NH,Field Technician,Peripheral,Wireless Hub,Clinic Network,MeshConnect SaaS,2/21/2024,2
CUST-0377,50,Female,Bridgeport CT,Healthcare Professional,Tablet,Tab Pro 12,Clinical Documentation,EduHealth SaaS,2/21/2024,1
CUST-0413,24,Male,Worcester MA,Clinical Administrator,Peripheral,Privacy Shield,Screen Privacy,SecureView SaaS,2/21/2024,1
CUST-0185,39,Female,Portland ME,Healthcare Professional,Smart Watch,Pulse Sport,Activity Logging,FitCore SaaS,2/21/2024,4
CUST-0028,36,Male,Portland ME,IT & Technology Staff,Tablet,Tab Compact,Inventory Management,FieldOps SaaS,2/21/2024,2
CUST-0133,31,Female,Bridgeport CT,Healthcare Professional,Peripheral,Privacy Shield,Secure Display,SecureView SaaS,2/21/2024,1
CUST-0103,38,Male,Worcester MA,Healthcare Professional,Tablet,Tab Pro 12,Telehealth Consult,EduHealth SaaS,2/21/2024,1
CUST-0400,47,Female,Concord NH,Research Scientist,Peripheral,Charging Dock,Fleet Management,PowerDesk SaaS,2/21/2024,5
CUST-0231,36,Male,Boston MA,Practice Manager,Peripheral,Charging Dock,Fleet Management,PowerDesk SaaS,2/22/2024,1
CUST-0368,42,Male,Providence RI,Healthcare Professional,Peripheral,Stylus Pro,Clinical Note-taking,SignFlow,2/22/2024,1
CUST-0377,50,Female,Bridgeport CT,Healthcare Professional,Smart Watch,Pulse Elite,Remote Patient Check-in,HealthSync Pro,2/22/2024,2
CUST-0104,39,Male,Concord NH,Patient / Consumer,Smart Watch,Pulse Elite,Fitness Tracking,FitCore SaaS,2/22/2024,1
CUST-0333,53,Male,Worcester MA,Patient / Consumer,Peripheral,Stylus Pro,E-Signature,SignFlow,2/23/2024,2
CUST-0236,50,Male,Boston MA,Practice Manager,Peripheral,Keyboard Fold,Telehealth Setup,AdminFlow SaaS,2/23/2024,3
CUST-0223,44,Female,Providence RI,Clinical Administrator,Peripheral,Stylus Pro,Clinical Note-taking,SignFlow,2/23/2024,2
CUST-0024,23,Female,Concord NH,Research Scientist,Smart Watch,Pulse Elite,Fitness Tracking,HealthSync Pro,2/23/2024,1
CUST-0174,25,Female,Worcester MA,Student / Academic,Peripheral,BioSensor Band,Vitals Streaming,VitalsNet SaaS,2/23/2024,2
CUST-0352,51,Male,Bridgeport CT,Clinical Administrator,Peripheral,Wireless Hub,Device Pairing,MeshConnect SaaS,2/23/2024,1
CUST-0095,45,Male,Bridgeport CT,Patient / Consumer,Tablet,Tab Pro 12,Telehealth Consult,ClinicalOS,2/23/2024,1
CUST-0159,32,Male,Portland ME,Practice Manager,Peripheral,Wireless Hub,Data Aggregation,MeshConnect SaaS,2/23/2024,3
CUST-0182,38,Female,Hartford CT,Patient / Consumer,Smart Watch,Pulse Elite,Health Monitoring,HealthSync Pro,2/23/2024,1
CUST-0307,38,Prefer not to say,Manchester NH,Field Technician,Peripheral,Wireless Hub,Clinic Network,ClinicHub Pro,2/23/2024,4
CUST-0217,39,Female,Concord NH,Patient / Consumer,Tablet,Tab Compact,Inventory Management,FieldOps SaaS,2/23/2024,1
CUST-0306,53,Prefer not to say,Manchester NH,Patient / Consumer,Smart Watch,Pulse Sport,Fitness Tracking,FitCore SaaS,2/24/2024,2
CUST-0338,35,Female,Manchester NH,Clinical Administrator,Smart Watch,Pulse Sport,Activity Logging,WellnessCloud,2/24/2024,1
CUST-0363,40,Male,Concord NH,Healthcare Professional,Tablet,Tab Pro 12,Clinical Documentation,EduHealth SaaS,2/24/2024,1
CUST-0318,30,Male,Concord NH,IT & Technology Staff,Peripheral,Wireless Hub,Data Aggregation,MeshConnect SaaS,2/25/2024,4
CUST-0415,57,Male,Bridgeport CT,Patient / Consumer,Tablet,Tab Compact,Inventory Management,FieldOps SaaS,2/25/2024,2
CUST-0312,41,Male,Manchester NH,IT & Technology Staff,Peripheral,Privacy Shield,Screen Privacy,ComplianceGuard,2/25/2024,1
CUST-0308,38,Male,Burlington VT,Practice Manager,Peripheral,Wireless Hub,Device Pairing,MeshConnect SaaS,2/26/2024,5
CUST-0386,31,Male,Manchester NH,Field Technician,Peripheral,Wireless Hub,Clinic Network,ClinicHub Pro,2/26/2024,3
CUST-0286,18,Female,Burlington VT,IT & Technology Staff,Tablet,Tab Studio,Creative Workflow,DataViz Suite,2/26/2024,3
CUST-0367,25,Female,Springfield MA,Student / Academic,Tablet,Tab Compact,Patient Intake,FieldOps SaaS,2/26/2024,1
CUST-0111,21,Male,Boston MA,Patient / Consumer,Peripheral,Charging Dock,Fleet Management,PowerDesk SaaS,2/26/2024,3
CUST-0342,44,Male,Manchester NH,Healthcare Professional,Smart Watch,Pulse Elite,Health Monitoring,HealthSync Pro,2/26/2024,1
CUST-0033,29,Female,Worcester MA,Field Technician,Peripheral,BioSensor Band,Vitals Streaming,VitalsNet SaaS,2/26/2024,4
CUST-0328,43,Female,Springfield MA,Research Scientist,Peripheral,Charging Dock,Multi-Device Charging,PowerDesk SaaS,2/26/2024,2
CUST-0376,31,Female,Portland ME,Clinical Administrator,Tablet,Tab Pro 12,Clinical Documentation,TeleDoc Platform,2/26/2024,2
CUST-0144,39,Male,Springfield MA,Clinical Administrator,Peripheral,Charging Dock,Clinical Stations,FleetCharge Pro,2/26/2024,2
CUST-0229,27,Male,Boston MA,IT & Technology Staff,Smart Watch,Pulse Sport,Fitness Tracking,WellnessCloud,2/26/2024,3
CUST-0327,46,Female,Concord NH,Research Scientist,Tablet,Tab Pro 12,Telehealth Consult,EduHealth SaaS,2/27/2024,1
CUST-0389,36,Male,Manchester NH,Field Technician,Peripheral,Charging Dock,Multi-Device Charging,PowerDesk SaaS,2/27/2024,3
CUST-0141,55,Male,Worcester MA,Patient / Consumer,Tablet,Tab Studio,Data Visualisation,DataViz Suite,2/27/2024,2
CUST-0323,19,Female,Burlington VT,Student / Academic,Peripheral,Charging Dock,Clinical Stations,PowerDesk SaaS,2/27/2024,3
CUST-0245,27,Male,Providence RI,Clinical Administrator,Peripheral,BioSensor Band,Vitals Streaming,BioStream API,2/27/2024,1
CUST-0196,41,Female,Springfield MA,Clinical Administrator,Peripheral,Wireless Hub,Data Aggregation,MeshConnect SaaS,2/27/2024,4
CUST-0168,43,Male,Springfield MA,Field Technician,Peripheral,Privacy Shield,Secure Display,SecureView SaaS,2/27/2024,4
CUST-0336,31,Male,Hartford CT,IT & Technology Staff,Peripheral,Privacy Shield,Screen Privacy,ComplianceGuard,2/27/2024,1
CUST-0320,49,Female,Burlington VT,Patient / Consumer,Tablet,Tab Pro 12,Patient Education,EduHealth SaaS,2/28/2024,1
CUST-0012,44,Female,Hartford CT,Patient / Consumer,Smart Watch,Pulse Sport,Activity Logging,FitCore SaaS,2/28/2024,1
CUST-0183,31,Female,Boston MA,Healthcare Professional,Smart Watch,Pulse Elite,Fitness Tracking,HealthSync Pro,2/28/2024,1
CUST-0163,46,Male,Concord NH,Research Scientist,Peripheral,Keyboard Fold,Telehealth Setup,AdminFlow SaaS,2/28/2024,1
CUST-0283,77,Male,Hartford CT,Patient / Consumer,Peripheral,BioSensor Band,Vitals Streaming,BioStream API,2/28/2024,2
CUST-0378,54,Female,Boston MA,Patient / Consumer,Smart Watch,Pulse Sport,Activity Logging,WellnessCloud,2/28/2024,1
CUST-0342,44,Male,Manchester NH,Healthcare Professional,Peripheral,Charging Dock,Multi-Device Charging,PowerDesk SaaS,2/28/2024,3
CUST-0137,20,Male,Burlington VT,Student / Academic,Peripheral,Stylus Pro,Clinical Note-taking,NoteStream SaaS,2/28/2024,6
CUST-0390,21,Male,Burlington VT,Student / Academic,Peripheral,Stylus Pro,Clinical Note-taking,SignFlow,2/28/2024,4
CUST-0405,21,Male,Providence RI,Student / Academic,Peripheral,Privacy Shield,HIPAA Compliance,ComplianceGuard,2/28/2024,1
CUST-0123,39,Male,Manchester NH,Field Technician,Tablet,Tab Compact,Patient Intake,IntakeFlow,2/28/2024,1
CUST-0118,33,Male,Manchester NH,Patient / Consumer,Smart Watch,Pulse Elite,Health Monitoring,FitCore SaaS,2/28/2024,1
CUST-0312,41,Male,Manchester NH,IT & Technology Staff,Peripheral,Charging Dock,Clinical Stations,FleetCharge Pro,2/28/2024,1
CUST-0196,41,Female,Springfield MA,Clinical Administrator,Smart Watch,Pulse Sport,Sleep Analysis,FitCore SaaS,2/28/2024,1
CUST-0227,53,Male,Providence RI,Patient / Consumer,Smart Watch,Pulse Sport,Fitness Tracking,FitCore SaaS,2/28/2024,1
CUST-0334,27,Male,Bridgeport CT,IT & Technology Staff,Peripheral,Charging Dock,Multi-Device Charging,PowerDesk SaaS,2/28/2024,4
CUST-0375,65,Female,Bridgeport CT,Practice Manager,Peripheral,Privacy Shield,HIPAA Compliance,SecureView SaaS,2/29/2024,3
CUST-0382,21,Female,Manchester NH,Student / Academic,Peripheral,Stylus Pro,E-Signature,NoteStream SaaS,2/29/2024,2
CUST-0375,65,Female,Bridgeport CT,Practice Manager,Peripheral,Privacy Shield,Secure Display,SecureView SaaS,2/29/2024,1
CUST-0108,39,Non-binary,Providence RI,Clinical Administrator,Tablet,Tab Pro 12,Clinical Documentation,TeleDoc Platform,2/29/2024,4
CUST-0011,21,Female,Springfield MA,Student / Academic,Peripheral,Keyboard Fold,Administrative Tasks,AdminFlow SaaS,2/29/2024,4
CUST-0100,31,Male,Springfield MA,IT & Technology Staff,Tablet,Tab Studio,Remote Diagnosis,DataViz Suite,2/29/2024,1
CUST-0220,24,Male,Hartford CT,Student / Academic,Peripheral,Keyboard Fold,Administrative Tasks,AdminFlow SaaS,2/29/2024,1
CUST-0020,29,Female,Manchester NH,Patient / Consumer,Smart Watch,Pulse Sport,Fitness Tracking,FitCore SaaS,2/29/2024,1
CUST-0122,27,Male,Portland ME,Research Scientist,Peripheral,BioSensor Band,Continuous Glucose Monitor,VitalsNet SaaS,2/29/2024,6
CUST-0052,22,Male,Bridgeport CT,Student / Academic,Tablet,Tab Pro 12,Clinical Documentation,EduHealth SaaS,2/29/2024,1
CUST-0339,36,Female,Portland ME,IT & Technology Staff,Peripheral,Charging Dock,Fleet Management,FleetCharge Pro,2/29/2024,6
CUST-0340,26,Prefer not to say,Bridgeport CT,Field Technician,Tablet,Tab Compact,Inventory Management,IntakeFlow,2/29/2024,1
CUST-0215,40,Female,Manchester NH,Practice Manager,Peripheral,Charging Dock,Fleet Management,PowerDesk SaaS,3/1/2024,2
CUST-0145,25,Male,Portland ME,Student / Academic,Smart Watch,Pulse Sport,Fitness Tracking,FitCore SaaS,3/1/2024,3
CUST-0268,29,Female,Worcester MA,Patient / Consumer,Tablet,Tab Pro 12,Clinical Documentation,TeleDoc Platform,3/1/2024,1
CUST-0189,35,Female,Concord NH,Practice Manager,Smart Watch,Pulse Sport,Activity Logging,WellnessCloud,3/1/2024,2
CUST-0191,29,Prefer not to say,Manchester NH,IT & Technology Staff,Smart Watch,Pulse Sport,Sleep Analysis,FitCore SaaS,3/1/2024,1
CUST-0216,64,Male,Portland ME,Patient / Consumer,Smart Watch,Pulse Elite,Fitness Tracking,FitCore SaaS,3/1/2024,2
CUST-0201,47,Female,Worcester MA,Practice Manager,Tablet,Tab Pro 12,Patient Education,TeleDoc Platform,3/1/2024,1
CUST-0052,22,Male,Bridgeport CT,Student / Academic,Peripheral,Wireless Hub,Device Pairing,MeshConnect SaaS,3/1/2024,6
CUST-0078,33,Prefer not to say,Springfield MA,Research Scientist,Peripheral,Stylus Pro,Digital Annotation,NoteStream SaaS,3/2/2024,3
CUST-0217,39,Female,Concord NH,Patient / Consumer,Smart Watch,Pulse Sport,Fitness Tracking,WellnessCloud,3/2/2024,1
CUST-0411,44,Female,Providence RI,Clinical Administrator,Peripheral,Privacy Shield,Screen Privacy,ComplianceGuard,3/2/2024,2
CUST-0357,41,Female,Portland ME,Healthcare Professional,Smart Watch,Pulse Elite,Health Monitoring,FitCore SaaS,3/2/2024,2
CUST-0290,37,Female,Hartford CT,Practice Manager,Smart Watch,Pulse Sport,Fitness Tracking,WellnessCloud,3/2/2024,1
CUST-0181,34,Male,Worcester MA,Field Technician,Tablet,Tab Pro 12,Clinical Documentation,TeleDoc Platform,3/2/2024,2
CUST-0226,69,Prefer not to say,Portland ME,Patient / Consumer,Peripheral,Wireless Hub,Data Aggregation,ClinicHub Pro,3/3/2024,2
CUST-0333,53,Male,Worcester MA,Patient / Consumer,Peripheral,Charging Dock,Clinical Stations,FleetCharge Pro,3/3/2024,2
CUST-0180,60,Female,Concord NH,Research Scientist,Tablet,Tab Studio,Creative Workflow,DesignHub SaaS,3/4/2024,1
CUST-0076,65,Male,Bridgeport CT,Patient / Consumer,Peripheral,Stylus Pro,E-Signature,SignFlow,3/4/2024,3
CUST-0023,36,Female,Boston MA,Research Scientist,Tablet,Tab Compact,Inventory Management,InvTrack Pro,3/4/2024,1
CUST-0321,36,Prefer not to say,Hartford CT,Research Scientist,Peripheral,Privacy Shield,Secure Display,ComplianceGuard,3/4/2024,2
CUST-0068,68,Female,Manchester NH,Patient / Consumer,Smart Watch,Pulse Elite,Health Monitoring,HealthSync Pro,3/4/2024,1
CUST-0044,38,Male,Concord NH,Healthcare Professional,Smart Watch,Pulse Sport,Activity Logging,WellnessCloud,3/4/2024,1
CUST-0391,19,Non-binary,Hartford CT,Student / Academic,Peripheral,Wireless Hub,Device Pairing,MeshConnect SaaS,3/4/2024,3
CUST-0396,21,Female,Worcester MA,Student / Academic,Smart Watch,Pulse Sport,Fitness Tracking,FitCore SaaS,3/4/2024,1
CUST-0105,31,Female,Burlington VT,IT & Technology Staff,Peripheral,Keyboard Fold,Remote Input,TeleSetup Pro,3/4/2024,2
CUST-0330,43,Non-binary,Boston MA,Clinical Administrator,Smart Watch,Pulse Elite,Fitness Tracking,FitCore SaaS,3/5/2024,1
CUST-0331,51,Female,Boston MA,Patient / Consumer,Smart Watch,Pulse Sport,Fitness Tracking,FitCore SaaS,3/5/2024,2
CUST-0112,23,Male,Portland ME,Student / Academic,Smart Watch,Pulse Sport,Activity Logging,FitCore SaaS,3/5/2024,3
CUST-0092,46,Male,Portland ME,Clinical Administrator,Tablet,Tab Compact,Patient Intake,FieldOps SaaS,3/5/2024,1
CUST-0054,43,Male,Springfield MA,Clinical Administrator,Peripheral,Keyboard Fold,Administrative Tasks,TeleSetup Pro,3/5/2024,3
CUST-0283,77,Male,Hartford CT,Patient / Consumer,Peripheral,Wireless Hub,Clinic Network,ClinicHub Pro,3/5/2024,1
CUST-0079,42,Female,Boston MA,Healthcare Professional,Peripheral,BioSensor Band,Vitals Streaming,VitalsNet SaaS,3/5/2024,1
CUST-0312,41,Male,Manchester NH,IT & Technology Staff,Peripheral,Wireless Hub,Data Aggregation,MeshConnect SaaS,3/6/2024,1
CUST-0342,44,Male,Manchester NH,Healthcare Professional,Tablet,Tab Pro 12,Patient Education,TeleDoc Platform,3/6/2024,2
CUST-0176,50,Non-binary,Springfield MA,Healthcare Professional,Peripheral,Stylus Pro,E-Signature,SignFlow,3/6/2024,3
CUST-0132,36,Male,Worcester MA,Research Scientist,Smart Watch,Pulse Elite,Health Monitoring,HealthSync Pro,3/6/2024,4
CUST-0367,25,Female,Springfield MA,Student / Academic,Peripheral,Keyboard Fold,Remote Input,AdminFlow SaaS,3/6/2024,3
CUST-0215,40,Female,Manchester NH,Practice Manager,Peripheral,Charging Dock,Clinical Stations,FleetCharge Pro,3/6/2024,3
CUST-0087,28,Non-binary,Portland ME,Student / Academic,Tablet,Tab Studio,Data Visualisation,DiagnosticAI,3/6/2024,1
CUST-0241,36,Non-binary,Burlington VT,Practice Manager,Peripheral,Wireless Hub,Device Pairing,ClinicHub Pro,3/6/2024,4
CUST-0262,43,Female,Hartford CT,Practice Manager,Peripheral,Privacy Shield,Secure Display,SecureView SaaS,3/6/2024,3
CUST-0360,19,Male,Burlington VT,Student / Academic,Peripheral,Stylus Pro,Clinical Note-taking,NoteStream SaaS,3/6/2024,5
CUST-0239,32,Female,Worcester MA,Clinical Administrator,Peripheral,Keyboard Fold,Administrative Tasks,AdminFlow SaaS,3/6/2024,3
CUST-0096,28,Female,Bridgeport CT,Patient / Consumer,Peripheral,BioSensor Band,Remote Monitoring,VitalsNet SaaS,3/6/2024,3
CUST-0167,52,Male,Portland ME,Practice Manager,Tablet,Tab Pro 12,Patient Education,TeleDoc Platform,3/7/2024,2
CUST-0047,33,Prefer not to say,Bridgeport CT,Clinical Administrator,Peripheral,Keyboard Fold,Telehealth Setup,AdminFlow SaaS,3/7/2024,4
CUST-0196,41,Female,Springfield MA,Clinical Administrator,Tablet,Tab Pro 12,Clinical Documentation,EduHealth SaaS,3/7/2024,1
CUST-0020,29,Female,Manchester NH,Patient / Consumer,Smart Watch,Pulse Elite,Health Monitoring,FitCore SaaS,3/7/2024,1
CUST-0320,49,Female,Burlington VT,Patient / Consumer,Peripheral,Wireless Hub,Device Pairing,MeshConnect SaaS,3/7/2024,1
CUST-0040,34,Female,Manchester NH,IT & Technology Staff,Peripheral,Wireless Hub,Device Pairing,MeshConnect SaaS,3/7/2024,1
CUST-0001,42,Male,Burlington VT,Clinical Administrator,Peripheral,Charging Dock,Clinical Stations,PowerDesk SaaS,3/7/2024,2
CUST-0275,36,Female,Burlington VT,Patient / Consumer,Peripheral,Charging Dock,Fleet Management,FleetCharge Pro,3/7/2024,1
CUST-0111,21,Male,Boston MA,Patient / Consumer,Peripheral,Privacy Shield,Screen Privacy,ComplianceGuard,3/8/2024,1
CUST-0162,51,Male,Burlington VT,Practice Manager,Peripheral,Keyboard Fold,Remote Input,TeleSetup Pro,3/8/2024,4
CUST-0047,33,Prefer not to say,Bridgeport CT,Clinical Administrator,Peripheral,Privacy Shield,Secure Display,ComplianceGuard,3/8/2024,6
CUST-0266,18,Male,Manchester NH,Student / Academic,Peripheral,Stylus Pro,Digital Annotation,SignFlow,3/8/2024,2
CUST-0384,21,Male,Springfield MA,Student / Academic,Peripheral,Charging Dock,Clinical Stations,PowerDesk SaaS,3/8/2024,4
CUST-0277,39,Male,Springfield MA,Clinical Administrator,Tablet,Tab Pro 12,Patient Education,ClinicalOS,3/8/2024,1
CUST-0313,35,Female,Portland ME,Field Technician,Peripheral,Stylus Pro,E-Signature,SignFlow,3/8/2024,3
CUST-0387,39,Male,Portland ME,Research Scientist,Smart Watch,Pulse Elite,Fitness Tracking,FitCore SaaS,3/8/2024,2
CUST-0055,45,Female,Boston MA,Research Scientist,Smart Watch,Pulse Sport,Sleep Analysis,WellnessCloud,3/8/2024,1
CUST-0128,36,Male,Worcester MA,Healthcare Professional,Peripheral,BioSensor Band,Vitals Streaming,BioStream API,3/9/2024,2
CUST-0148,30,Female,Manchester NH,Practice Manager,Peripheral,Stylus Pro,Digital Annotation,NoteStream SaaS,3/10/2024,1
CUST-0230,62,Female,Providence RI,Patient / Consumer,Peripheral,BioSensor Band,Vitals Streaming,BioStream API,3/10/2024,4
CUST-0141,55,Male,Worcester MA,Patient / Consumer,Peripheral,BioSensor Band,Vitals Streaming,BioStream API,3/10/2024,3
CUST-0080,22,Female,Bridgeport CT,Healthcare Professional,Tablet,Tab Studio,Remote Diagnosis,DesignHub SaaS,3/10/2024,2
CUST-0164,30,Male,Portland ME,Clinical Administrator,Peripheral,Charging Dock,Clinical Stations,PowerDesk SaaS,3/10/2024,3
CUST-0320,49,Female,Burlington VT,Patient / Consumer,Peripheral,Wireless Hub,Device Pairing,ClinicHub Pro,3/11/2024,1
CUST-0335,28,Female,Burlington VT,Student / Academic,Peripheral,Privacy Shield,Secure Display,SecureView SaaS,3/11/2024,2
CUST-0345,33,Female,Hartford CT,Clinical Administrator,Tablet,Tab Pro 12,Telehealth Consult,ClinicalOS,3/11/2024,1
CUST-0215,40,Female,Manchester NH,Practice Manager,Peripheral,Charging Dock,Clinical Stations,PowerDesk SaaS,3/11/2024,1
CUST-0399,34,Male,Hartford CT,Research Scientist,Peripheral,Stylus Pro,Digital Annotation,SignFlow,3/11/2024,3
CUST-0078,33,Prefer not to say,Springfield MA,Research Scientist,Smart Watch,Pulse Sport,Sleep Analysis,WellnessCloud,3/11/2024,1
CUST-0317,50,Non-binary,Bridgeport CT,Practice Manager,Tablet,Tab Pro 12,Patient Education,ClinicalOS,3/11/2024,1
CUST-0118,33,Male,Manchester NH,Patient / Consumer,Peripheral,Charging Dock,Clinical Stations,PowerDesk SaaS,3/11/2024,4
CUST-0285,50,Male,Springfield MA,IT & Technology Staff,Smart Watch,Pulse Sport,Sleep Analysis,FitCore SaaS,3/11/2024,2
CUST-0127,36,Male,Burlington VT,Patient / Consumer,Peripheral,Keyboard Fold,Administrative Tasks,AdminFlow SaaS,3/11/2024,1
CUST-0113,38,Male,Bridgeport CT,Clinical Administrator,Peripheral,Stylus Pro,Clinical Note-taking,NoteStream SaaS,3/11/2024,3
CUST-0339,36,Female,Portland ME,IT & Technology Staff,Tablet,Tab Studio,Data Visualisation,DiagnosticAI,3/11/2024,1
CUST-0238,54,Male,Portland ME,Patient / Consumer,Smart Watch,Pulse Sport,Fitness Tracking,WellnessCloud,3/12/2024,1
CUST-0080,22,Female,Bridgeport CT,Healthcare Professional,Peripheral,Stylus Pro,Digital Annotation,SignFlow,3/12/2024,2
CUST-0233,24,Male,Boston MA,Student / Academic,Smart Watch,Pulse Elite,Fitness Tracking,FitCore SaaS,3/12/2024,1
CUST-0362,51,Female,Springfield MA,Clinical Administrator,Peripheral,Charging Dock,Clinical Stations,FleetCharge Pro,3/12/2024,4
CUST-0235,57,Female,Worcester MA,Clinical Administrator,Peripheral,Privacy Shield,Secure Display,SecureView SaaS,3/12/2024,1
CUST-0395,29,Female,Worcester MA,Student / Academic,Smart Watch,Pulse Elite,Health Monitoring,FitCore SaaS,3/12/2024,1
CUST-0075,18,Non-binary,Hartford CT,Patient / Consumer,Smart Watch,Pulse Elite,Health Monitoring,FitCore SaaS,3/12/2024,1
CUST-0254,68,Female,Springfield MA,Patient / Consumer,Smart Watch,Pulse Sport,Activity Logging,WellnessCloud,3/12/2024,1
CUST-0052,22,Male,Bridgeport CT,Student / Academic,Smart Watch,Pulse Sport,Sleep Analysis,WellnessCloud,3/13/2024,2
CUST-0150,38,Female,Worcester MA,Research Scientist,Peripheral,BioSensor Band,Vitals Streaming,VitalsNet SaaS,3/13/2024,1
CUST-0327,46,Female,Concord NH,Research Scientist,Tablet,Tab Compact,Patient Intake,FieldOps SaaS,3/13/2024,1
CUST-0083,51,Female,Portland ME,Clinical Administrator,Peripheral,Wireless Hub,Device Pairing,ClinicHub Pro,3/13/2024,4
CUST-0084,26,Male,Springfield MA,Field Technician,Peripheral,Charging Dock,Fleet Management,PowerDesk SaaS,3/13/2024,2
CUST-0164,30,Male,Portland ME,Clinical Administrator,Peripheral,Keyboard Fold,Telehealth Setup,AdminFlow SaaS,3/13/2024,5
CUST-0258,34,Female,Concord NH,Healthcare Professional,Peripheral,Keyboard Fold,Administrative Tasks,TeleSetup Pro,3/14/2024,4
CUST-0316,44,Male,Boston MA,Practice Manager,Peripheral,Charging Dock,Clinical Stations,FleetCharge Pro,3/14/2024,3
CUST-0124,29,Male,Bridgeport CT,Patient / Consumer,Peripheral,BioSensor Band,Remote Monitoring,VitalsNet SaaS,3/14/2024,1
CUST-0412,24,Female,Boston MA,IT & Technology Staff,Tablet,Tab Compact,Field Data Entry,FieldOps SaaS,3/15/2024,2
CUST-0387,39,Male,Portland ME,Research Scientist,Peripheral,Keyboard Fold,Telehealth Setup,AdminFlow SaaS,3/15/2024,2
CUST-0044,38,Male,Concord NH,Healthcare Professional,Peripheral,BioSensor Band,Continuous Glucose Monitor,VitalsNet SaaS,3/15/2024,3
CUST-0098,56,Non-binary,Manchester NH,Patient / Consumer,Peripheral,Keyboard Fold,Telehealth Setup,AdminFlow SaaS,3/15/2024,1
CUST-0212,48,Male,Worcester MA,Clinical Administrator,Tablet,Tab Pro 12,Telehealth Consult,EduHealth SaaS,3/15/2024,1
CUST-0002,34,Male,Manchester NH,Research Scientist,Tablet,Tab Studio,Creative Workflow,DesignHub SaaS,3/15/2024,4
CUST-0073,35,Female,Boston MA,Research Scientist,Peripheral,Stylus Pro,E-Signature,SignFlow,3/15/2024,2
CUST-0155,40,Female,Hartford CT,Clinical Administrator,Peripheral,Charging Dock,Clinical Stations,FleetCharge Pro,3/15/2024,2
CUST-0419,53,Male,Springfield MA,Healthcare Professional,Tablet,Tab Compact,Inventory Management,IntakeFlow,3/15/2024,4
CUST-0142,30,Female,Hartford CT,Student / Academic,Peripheral,Privacy Shield,Screen Privacy,ComplianceGuard,3/16/2024,2
CUST-0376,31,Female,Portland ME,Clinical Administrator,Peripheral,Keyboard Fold,Telehealth Setup,AdminFlow SaaS,3/16/2024,5
CUST-0184,26,Male,Manchester NH,Student / Academic,Peripheral,Privacy Shield,Screen Privacy,ComplianceGuard,3/16/2024,1
CUST-0356,22,Non-binary,Burlington VT,Field Technician,Smart Watch,Pulse Elite,Fitness Tracking,HealthSync Pro,3/17/2024,1
CUST-0047,33,Prefer not to say,Bridgeport CT,Clinical Administrator,Tablet,Tab Studio,Remote Diagnosis,DiagnosticAI,3/17/2024,1
CUST-0091,42,Female,Springfield MA,Healthcare Professional,Peripheral,BioSensor Band,Continuous Glucose Monitor,BioStream API,3/17/2024,1
CUST-0402,30,Female,Bridgeport CT,Research Scientist,Tablet,Tab Studio,Remote Diagnosis,DataViz Suite,3/17/2024,3
CUST-0349,40,Female,Manchester NH,Patient / Consumer,Tablet,Tab Compact,Patient Intake,IntakeFlow,3/18/2024,1
CUST-0249,80,Female,Hartford CT,Patient / Consumer,Peripheral,Wireless Hub,Clinic Network,MeshConnect SaaS,3/18/2024,6
CUST-0283,77,Male,Hartford CT,Patient / Consumer,Tablet,Tab Compact,Patient Intake,FieldOps SaaS,3/18/2024,1
CUST-0381,35,Male,Manchester NH,Practice Manager,Peripheral,Privacy Shield,Secure Display,SecureView SaaS,3/18/2024,4
CUST-0065,45,Male,Concord NH,Clinical Administrator,Tablet,Tab Pro 12,Clinical Documentation,ClinicalOS,3/18/2024,1
CUST-0414,56,Female,Worcester MA,Practice Manager,Peripheral,Keyboard Fold,Telehealth Setup,TeleSetup Pro,3/18/2024,3
CUST-0146,64,Male,Portland ME,Patient / Consumer,Smart Watch,Pulse Sport,Fitness Tracking,FitCore SaaS,3/18/2024,1
CUST-0049,35,Male,Springfield MA,IT & Technology Staff,Smart Watch,Pulse Elite,Remote Patient Check-in,HealthSync Pro,3/18/2024,3
CUST-0196,41,Female,Springfield MA,Clinical Administrator,Tablet,Tab Compact,Field Data Entry,FieldOps SaaS,3/18/2024,1
CUST-0361,40,Prefer not to say,Hartford CT,Research Scientist,Tablet,Tab Pro 12,Patient Education,EduHealth SaaS,3/18/2024,1
CUST-0086,33,Male,Springfield MA,Clinical Administrator,Peripheral,BioSensor Band,Continuous Glucose Monitor,VitalsNet SaaS,3/18/2024,2
CUST-0146,64,Male,Portland ME,Patient / Consumer,Peripheral,BioSensor Band,Remote Monitoring,VitalsNet SaaS,3/18/2024,1
CUST-0274,44,Female,Portland ME,Practice Manager,Peripheral,BioSensor Band,Continuous Glucose Monitor,VitalsNet SaaS,3/18/2024,7
CUST-0383,18,Male,Springfield MA,IT & Technology Staff,Peripheral,Wireless Hub,Device Pairing,MeshConnect SaaS,3/19/2024,3
CUST-0013,40,Prefer not to say,Worcester MA,Clinical Administrator,Peripheral,Keyboard Fold,Administrative Tasks,TeleSetup Pro,3/19/2024,3
CUST-0259,59,Male,Portland ME,Patient / Consumer,Smart Watch,Pulse Elite,Fitness Tracking,FitCore SaaS,3/19/2024,1
CUST-0291,41,Male,Bridgeport CT,Practice Manager,Peripheral,Keyboard Fold,Administrative Tasks,AdminFlow SaaS,3/19/2024,3
CUST-0246,34,Male,Worcester MA,Clinical Administrator,Smart Watch,Pulse Elite,Remote Patient Check-in,FitCore SaaS,3/19/2024,1
CUST-0038,20,Male,Providence RI,Clinical Administrator,Peripheral,Charging Dock,Multi-Device Charging,FleetCharge Pro,3/19/2024,1
CUST-0113,38,Male,Bridgeport CT,Clinical Administrator,Peripheral,Privacy Shield,HIPAA Compliance,SecureView SaaS,3/19/2024,2
CUST-0407,28,Male,Boston MA,Clinical Administrator,Tablet,Tab Pro 12,Clinical Documentation,ClinicalOS,3/19/2024,3
CUST-0058,22,Male,Portland ME,Student / Academic,Tablet,Tab Studio,Creative Workflow,DataViz Suite,3/19/2024,1
CUST-0415,57,Male,Bridgeport CT,Patient / Consumer,Smart Watch,Pulse Elite,Fitness Tracking,FitCore SaaS,3/20/2024,3
CUST-0169,39,Female,Springfield MA,Healthcare Professional,Tablet,Tab Compact,Patient Intake,FieldOps SaaS,3/20/2024,1
CUST-0402,30,Female,Bridgeport CT,Research Scientist,Tablet,Tab Studio,Remote Diagnosis,DiagnosticAI,3/20/2024,1
CUST-0044,38,Male,Concord NH,Healthcare Professional,Smart Watch,Pulse Elite,Fitness Tracking,FitCore SaaS,3/20/2024,2
CUST-0369,33,Female,Providence RI,IT & Technology Staff,Peripheral,Privacy Shield,Screen Privacy,SecureView SaaS,3/20/2024,2
CUST-0025,26,Male,Portland ME,Field Technician,Tablet,Tab Compact,Inventory Management,FieldOps SaaS,3/20/2024,3
CUST-0298,25,Female,Hartford CT,Student / Academic,Smart Watch,Pulse Sport,Activity Logging,FitCore SaaS,3/21/2024,2
CUST-0142,30,Female,Hartford CT,Student / Academic,Peripheral,Keyboard Fold,Telehealth Setup,TeleSetup Pro,3/21/2024,3
CUST-0353,39,Male,Concord NH,IT & Technology Staff,Peripheral,Privacy Shield,Secure Display,SecureView SaaS,3/21/2024,1
CUST-0085,28,Female,Boston MA,Research Scientist,Peripheral,BioSensor Band,Remote Monitoring,VitalsNet SaaS,3/21/2024,3
CUST-0245,27,Male,Providence RI,Clinical Administrator,Peripheral,Privacy Shield,Screen Privacy,SecureView SaaS,3/21/2024,4
CUST-0379,63,Prefer not to say,Worcester MA,Healthcare Professional,Peripheral,Privacy Shield,HIPAA Compliance,ComplianceGuard,3/21/2024,2
CUST-0163,46,Male,Concord NH,Research Scientist,Peripheral,Stylus Pro,E-Signature,SignFlow,3/21/2024,2
CUST-0295,45,Male,Hartford CT,Healthcare Professional,Peripheral,Privacy Shield,HIPAA Compliance,SecureView SaaS,3/21/2024,4
CUST-0418,45,Female,Burlington VT,Practice Manager,Peripheral,Keyboard Fold,Administrative Tasks,TeleSetup Pro,3/22/2024,4
CUST-0092,46,Male,Portland ME,Clinical Administrator,Tablet,Tab Compact,Patient Intake,FieldOps SaaS,3/22/2024,4
CUST-0104,39,Male,Concord NH,Patient / Consumer,Smart Watch,Pulse Sport,Activity Logging,WellnessCloud,3/22/2024,1
CUST-0344,26,Female,Concord NH,Field Technician,Smart Watch,Pulse Sport,Sleep Analysis,WellnessCloud,3/22/2024,1
CUST-0135,19,Female,Manchester NH,Student / Academic,Smart Watch,Pulse Sport,Activity Logging,FitCore SaaS,3/22/2024,1
CUST-0138,30,Male,Worcester MA,IT & Technology Staff,Peripheral,Keyboard Fold,Remote Input,AdminFlow SaaS,3/22/2024,1
CUST-0053,37,Male,Portland ME,Practice Manager,Peripheral,Wireless Hub,Data Aggregation,MeshConnect SaaS,3/22/2024,1
CUST-0384,21,Male,Springfield MA,Student / Academic,Peripheral,Privacy Shield,HIPAA Compliance,ComplianceGuard,3/22/2024,2
CUST-0411,44,Female,Providence RI,Clinical Administrator,Tablet,Tab Compact,Patient Intake,InvTrack Pro,3/22/2024,1
CUST-0050,18,Prefer not to say,Bridgeport CT,Field Technician,Tablet,Tab Compact,Patient Intake,FieldOps SaaS,3/22/2024,3
CUST-0194,26,Female,Portland ME,Clinical Administrator,Peripheral,Privacy Shield,Secure Display,ComplianceGuard,3/22/2024,2
CUST-0392,42,Male,Manchester NH,Clinical Administrator,Smart Watch,Pulse Elite,Remote Patient Check-in,HealthSync Pro,3/23/2024,1
CUST-0062,28,Male,Manchester NH,Field Technician,Smart Watch,Pulse Elite,Health Monitoring,HealthSync Pro,3/23/2024,2
CUST-0022,31,Female,Burlington VT,IT & Technology Staff,Peripheral,Charging Dock,Clinical Stations,FleetCharge Pro,3/23/2024,1
CUST-0134,40,Male,Manchester NH,Research Scientist,Tablet,Tab Studio,Creative Workflow,DiagnosticAI,3/24/2024,1
CUST-0119,37,Female,Hartford CT,Field Technician,Peripheral,Charging Dock,Clinical Stations,PowerDesk SaaS,3/24/2024,1
CUST-0339,36,Female,Portland ME,IT & Technology Staff,Tablet,Tab Compact,Field Data Entry,IntakeFlow,3/25/2024,3
CUST-0358,41,Female,Portland ME,Practice Manager,Tablet,Tab Pro 12,Patient Education,TeleDoc Platform,3/25/2024,4
CUST-0286,18,Female,Burlington VT,IT & Technology Staff,Smart Watch,Pulse Elite,Health Monitoring,FitCore SaaS,3/25/2024,4
CUST-0363,40,Male,Concord NH,Healthcare Professional,Smart Watch,Pulse Elite,Remote Patient Check-in,FitCore SaaS,3/25/2024,1
CUST-0015,18,Female,Manchester NH,Student / Academic,Peripheral,Stylus Pro,Clinical Note-taking,NoteStream SaaS,3/25/2024,3
CUST-0305,41,Female,Portland ME,Healthcare Professional,Smart Watch,Pulse Elite,Remote Patient Check-in,FitCore SaaS,3/25/2024,1
CUST-0033,29,Female,Worcester MA,Field Technician,Peripheral,Privacy Shield,Screen Privacy,ComplianceGuard,3/25/2024,3
CUST-0199,42,Female,Hartford CT,Healthcare Professional,Tablet,Tab Pro 12,Clinical Documentation,TeleDoc Platform,3/25/2024,4
CUST-0396,21,Female,Worcester MA,Student / Academic,Peripheral,Wireless Hub,Clinic Network,ClinicHub Pro,3/25/2024,1
CUST-0094,35,Female,Concord NH,Clinical Administrator,Tablet,Tab Compact,Inventory Management,InvTrack Pro,3/26/2024,1
CUST-0037,55,Female,Concord NH,Patient / Consumer,Smart Watch,Pulse Elite,Remote Patient Check-in,HealthSync Pro,3/26/2024,1
CUST-0027,21,Female,Hartford CT,Field Technician,Peripheral,BioSensor Band,Continuous Glucose Monitor,BioStream API,3/26/2024,1
CUST-0122,27,Male,Portland ME,Research Scientist,Smart Watch,Pulse Elite,Health Monitoring,HealthSync Pro,3/26/2024,1
CUST-0306,53,Prefer not to say,Manchester NH,Patient / Consumer,Smart Watch,Pulse Elite,Fitness Tracking,HealthSync Pro,3/26/2024,1
CUST-0105,31,Female,Burlington VT,IT & Technology Staff,Smart Watch,Pulse Elite,Health Monitoring,FitCore SaaS,3/26/2024,1
CUST-0031,37,Male,Boston MA,Practice Manager,Peripheral,Keyboard Fold,Administrative Tasks,AdminFlow SaaS,3/26/2024,3
CUST-0274,44,Female,Portland ME,Practice Manager,Smart Watch,Pulse Sport,Activity Logging,WellnessCloud,3/26/2024,2
CUST-0364,39,Prefer not to say,Springfield MA,Research Scientist,Peripheral,Stylus Pro,E-Signature,SignFlow,3/26/2024,3
CUST-0396,21,Female,Worcester MA,Student / Academic,Peripheral,BioSensor Band,Vitals Streaming,BioStream API,3/26/2024,1
CUST-0122,27,Male,Portland ME,Research Scientist,Tablet,Tab Studio,Data Visualisation,DataViz Suite,3/27/2024,1
CUST-0031,37,Male,Boston MA,Practice Manager,Peripheral,Charging Dock,Clinical Stations,PowerDesk SaaS,3/27/2024,1
CUST-0249,80,Female,Hartford CT,Patient / Consumer,Smart Watch,Pulse Elite,Remote Patient Check-in,FitCore SaaS,3/27/2024,1
CUST-0312,41,Male,Manchester NH,IT & Technology Staff,Tablet,Tab Studio,Remote Diagnosis,DesignHub SaaS,3/27/2024,1
CUST-0050,18,Prefer not to say,Bridgeport CT,Field Technician,Peripheral,Keyboard Fold,Administrative Tasks,AdminFlow SaaS,3/27/2024,4
CUST-0412,24,Female,Boston MA,IT & Technology Staff,Peripheral,Stylus Pro,E-Signature,NoteStream SaaS,3/27/2024,4
CUST-0225,44,Female,Bridgeport CT,Patient / Consumer,Peripheral,Keyboard Fold,Administrative Tasks,TeleSetup Pro,3/27/2024,1
CUST-0053,37,Male,Portland ME,Practice Manager,Tablet,Tab Pro 12,Telehealth Consult,TeleDoc Platform,3/27/2024,1
CUST-0110,32,Male,Boston MA,IT & Technology Staff,Smart Watch,Pulse Elite,Fitness Tracking,HealthSync Pro,3/27/2024,1
CUST-0011,21,Female,Springfield MA,Student / Academic,Peripheral,Charging Dock,Clinical Stations,PowerDesk SaaS,3/27/2024,1
CUST-0412,24,Female,Boston MA,IT & Technology Staff,Smart Watch,Pulse Sport,Sleep Analysis,WellnessCloud,3/28/2024,1
CUST-0238,54,Male,Portland ME,Patient / Consumer,Peripheral,BioSensor Band,Continuous Glucose Monitor,VitalsNet SaaS,3/28/2024,2
CUST-0119,37,Female,Hartford CT,Field Technician,Peripheral,Charging Dock,Fleet Management,FleetCharge Pro,3/28/2024,8
CUST-0037,55,Female,Concord NH,Patient / Consumer,Peripheral,BioSensor Band,Vitals Streaming,VitalsNet SaaS,3/28/2024,6
CUST-0331,51,Female,Boston MA,Patient / Consumer,Tablet,Tab Compact,Inventory Management,FieldOps SaaS,3/28/2024,4
CUST-0028,36,Male,Portland ME,IT & Technology Staff,Peripheral,Charging Dock,Fleet Management,FleetCharge Pro,3/28/2024,1
CUST-0108,39,Non-binary,Providence RI,Clinical Administrator,Peripheral,BioSensor Band,Continuous Glucose Monitor,VitalsNet SaaS,3/28/2024,4
CUST-0365,42,Male,Bridgeport CT,Research Scientist,Smart Watch,Pulse Elite,Health Monitoring,HealthSync Pro,3/28/2024,1
CUST-0330,43,Non-binary,Boston MA,Clinical Administrator,Tablet,Tab Studio,Data Visualisation,DesignHub SaaS,3/28/2024,1
CUST-0237,18,Male,Springfield MA,IT & Technology Staff,Peripheral,Privacy Shield,HIPAA Compliance,ComplianceGuard,3/28/2024,1
CUST-0147,23,Male,Portland ME,IT & Technology Staff,Peripheral,Keyboard Fold,Remote Input,TeleSetup Pro,3/29/2024,2
CUST-0163,46,Male,Concord NH,Research Scientist,Peripheral,Keyboard Fold,Remote Input,TeleSetup Pro,3/29/2024,3
CUST-0271,56,Female,Bridgeport CT,Healthcare Professional,Peripheral,BioSensor Band,Vitals Streaming,VitalsNet SaaS,3/29/2024,3
CUST-0168,43,Male,Springfield MA,Field Technician,Tablet,Tab Compact,Patient Intake,IntakeFlow,3/29/2024,1
CUST-0006,28,Male,Springfield MA,Field Technician,Peripheral,Charging Dock,Fleet Management,FleetCharge Pro,3/29/2024,2
CUST-0412,24,Female,Boston MA,IT & Technology Staff,Peripheral,Privacy Shield,Secure Display,SecureView SaaS,3/29/2024,2
CUST-0090,49,Male,Manchester NH,Practice Manager,Peripheral,Charging Dock,Multi-Device Charging,PowerDesk SaaS,3/29/2024,1
CUST-0416,31,Male,Manchester NH,Clinical Administrator,Smart Watch,Pulse Elite,Remote Patient Check-in,HealthSync Pro,3/29/2024,1
CUST-0058,22,Male,Portland ME,Student / Academic,Tablet,Tab Compact,Patient Intake,IntakeFlow,3/31/2024,2
CUST-0149,49,Male,Springfield MA,Practice Manager,Peripheral,Privacy Shield,HIPAA Compliance,ComplianceGuard,3/31/2024,4
CUST-0142,30,Female,Hartford CT,Student / Academic,Smart Watch,Pulse Sport,Fitness Tracking,FitCore SaaS,3/31/2024,1
CUST-0395,29,Female,Worcester MA,Student / Academic,Peripheral,Keyboard Fold,Administrative Tasks,TeleSetup Pro,3/31/2024,4
CUST-0352,51,Male,Bridgeport CT,Clinical Administrator,Peripheral,Charging Dock,Multi-Device Charging,FleetCharge Pro,3/31/2024,1
CUST-0208,26,Male,Portland ME,Student / Academic,Tablet,Tab Compact,Field Data Entry,FieldOps SaaS,3/31/2024,1
CUST-0187,36,Male,Hartford CT,IT & Technology Staff,Peripheral,BioSensor Band,Continuous Glucose Monitor,VitalsNet SaaS,4/1/2024,1
CUST-0164,30,Male,Portland ME,Clinical Administrator,Peripheral,Wireless Hub,Clinic Network,MeshConnect SaaS,4/1/2024,1
CUST-0100,31,Male,Springfield MA,IT & Technology Staff,Tablet,Tab Pro 12,Telehealth Consult,TeleDoc Platform,4/1/2024,1
CUST-0408,36,Female,Portland ME,Clinical Administrator,Peripheral,Keyboard Fold,Administrative Tasks,TeleSetup Pro,4/1/2024,2
CUST-0108,39,Non-binary,Providence RI,Clinical Administrator,Tablet,Tab Pro 12,Clinical Documentation,ClinicalOS,4/1/2024,1
CUST-0398,73,Male,Springfield MA,Patient / Consumer,Tablet,Tab Compact,Inventory Management,FieldOps SaaS,4/1/2024,3
CUST-0026,24,Male,Hartford CT,Student / Academic,Peripheral,BioSensor Band,Vitals Streaming,VitalsNet SaaS,4/1/2024,1
CUST-0310,48,Male,Worcester MA,Patient / Consumer,Peripheral,BioSensor Band,Remote Monitoring,BioStream API,4/1/2024,1
CUST-0310,48,Male,Worcester MA,Patient / Consumer,Tablet,Tab Compact,Field Data Entry,InvTrack Pro,4/2/2024,1
CUST-0237,18,Male,Springfield MA,IT & Technology Staff,Tablet,Tab Pro 12,Patient Education,TeleDoc Platform,4/2/2024,2
CUST-0204,68,Male,Portland ME,Patient / Consumer,Smart Watch,Pulse Elite,Health Monitoring,HealthSync Pro,4/2/2024,1
CUST-0287,28,Male,Bridgeport CT,Field Technician,Peripheral,Privacy Shield,Secure Display,SecureView SaaS,4/2/2024,5
CUST-0173,29,Female,Worcester MA,Field Technician,Peripheral,Privacy Shield,Secure Display,ComplianceGuard,4/2/2024,6
CUST-0121,27,Male,Portland ME,Student / Academic,Smart Watch,Pulse Sport,Sleep Analysis,WellnessCloud,4/2/2024,1
CUST-0367,25,Female,Springfield MA,Student / Academic,Peripheral,Keyboard Fold,Administrative Tasks,TeleSetup Pro,4/2/2024,1
CUST-0233,24,Male,Boston MA,Student / Academic,Smart Watch,Pulse Sport,Fitness Tracking,WellnessCloud,4/2/2024,1
CUST-0275,36,Female,Burlington VT,Patient / Consumer,Peripheral,BioSensor Band,Continuous Glucose Monitor,VitalsNet SaaS,4/3/2024,3
CUST-0157,43,Female,Bridgeport CT,Field Technician,Peripheral,Wireless Hub,Clinic Network,ClinicHub Pro,4/3/2024,2
CUST-0214,50,Female,Hartford CT,Practice Manager,Tablet,Tab Studio,Remote Diagnosis,DataViz Suite,4/3/2024,1
CUST-0178,44,Female,Providence RI,IT & Technology Staff,Peripheral,Privacy Shield,Secure Display,SecureView SaaS,4/3/2024,3
CUST-0246,34,Male,Worcester MA,Clinical Administrator,Peripheral,Charging Dock,Fleet Management,FleetCharge Pro,4/3/2024,8
CUST-0418,45,Female,Burlington VT,Practice Manager,Tablet,Tab Compact,Inventory Management,InvTrack Pro,4/3/2024,1
CUST-0096,28,Female,Bridgeport CT,Patient / Consumer,Smart Watch,Pulse Elite,Health Monitoring,FitCore SaaS,4/3/2024,3
CUST-0304,34,Non-binary,Hartford CT,Field Technician,Peripheral,Charging Dock,Fleet Management,FleetCharge Pro,4/4/2024,3
CUST-0031,37,Male,Boston MA,Practice Manager,Tablet,Tab Compact,Patient Intake,FieldOps SaaS,4/4/2024,1
CUST-0376,31,Female,Portland ME,Clinical Administrator,Peripheral,Privacy Shield,HIPAA Compliance,SecureView SaaS,4/4/2024,3
CUST-0084,26,Male,Springfield MA,Field Technician,Tablet,Tab Compact,Inventory Management,InvTrack Pro,4/4/2024,1
CUST-0033,29,Female,Worcester MA,Field Technician,Peripheral,Stylus Pro,Digital Annotation,SignFlow,4/4/2024,1
CUST-0365,42,Male,Bridgeport CT,Research Scientist,Tablet,Tab Studio,Remote Diagnosis,DataViz Suite,4/4/2024,1
CUST-0175,35,Female,Providence RI,IT & Technology Staff,Peripheral,BioSensor Band,Remote Monitoring,BioStream API,4/4/2024,4
CUST-0376,31,Female,Portland ME,Clinical Administrator,Tablet,Tab Compact,Inventory Management,InvTrack Pro,4/4/2024,1
CUST-0252,44,Female,Burlington VT,Research Scientist,Smart Watch,Pulse Sport,Sleep Analysis,WellnessCloud,4/4/2024,2
CUST-0392,42,Male,Manchester NH,Clinical Administrator,Peripheral,Wireless Hub,Device Pairing,ClinicHub Pro,4/4/2024,1
CUST-0098,56,Non-binary,Manchester NH,Patient / Consumer,Peripheral,Keyboard Fold,Remote Input,AdminFlow SaaS,4/4/2024,1
CUST-0116,32,Male,Concord NH,Field Technician,Peripheral,Charging Dock,Clinical Stations,PowerDesk SaaS,4/5/2024,1
CUST-0210,80,Female,Burlington VT,Patient / Consumer,Tablet,Tab Pro 12,Patient Education,EduHealth SaaS,4/5/2024,2
CUST-0054,43,Male,Springfield MA,Clinical Administrator,Tablet,Tab Pro 12,Patient Education,TeleDoc Platform,4/5/2024,1
CUST-0235,57,Female,Worcester MA,Clinical Administrator,Peripheral,Charging Dock,Fleet Management,FleetCharge Pro,4/5/2024,3
CUST-0244,43,Female,Burlington VT,Research Scientist,Peripheral,BioSensor Band,Continuous Glucose Monitor,VitalsNet SaaS,4/5/2024,3
CUST-0377,50,Female,Bridgeport CT,Healthcare Professional,Tablet,Tab Compact,Inventory Management,FieldOps SaaS,4/5/2024,2
CUST-0233,24,Male,Boston MA,Student / Academic,Smart Watch,Pulse Elite,Fitness Tracking,HealthSync Pro,4/5/2024,1
CUST-0328,43,Female,Springfield MA,Research Scientist,Peripheral,BioSensor Band,Remote Monitoring,BioStream API,4/5/2024,3
CUST-0219,26,Prefer not to say,Bridgeport CT,Field Technician,Smart Watch,Pulse Sport,Fitness Tracking,FitCore SaaS,4/5/2024,1
CUST-0205,25,Male,Hartford CT,Clinical Administrator,Tablet,Tab Pro 12,Clinical Documentation,ClinicalOS,4/5/2024,3
CUST-0133,31,Female,Bridgeport CT,Healthcare Professional,Peripheral,Stylus Pro,Clinical Note-taking,SignFlow,4/5/2024,1
CUST-0340,26,Prefer not to say,Bridgeport CT,Field Technician,Tablet,Tab Compact,Field Data Entry,IntakeFlow,4/6/2024,1
CUST-0116,32,Male,Concord NH,Field Technician,Smart Watch,Pulse Sport,Fitness Tracking,FitCore SaaS,4/6/2024,1
CUST-0006,28,Male,Springfield MA,Field Technician,Peripheral,Wireless Hub,Data Aggregation,ClinicHub Pro,4/7/2024,3
CUST-0406,37,Female,Worcester MA,IT & Technology Staff,Peripheral,Wireless Hub,Data Aggregation,MeshConnect SaaS,4/7/2024,1
CUST-0321,36,Prefer not to say,Hartford CT,Research Scientist,Tablet,Tab Studio,Remote Diagnosis,DiagnosticAI,4/7/2024,1
CUST-0389,36,Male,Manchester NH,Field Technician,Peripheral,Keyboard Fold,Administrative Tasks,AdminFlow SaaS,4/7/2024,2
CUST-0064,32,Female,Boston MA,Practice Manager,Peripheral,Charging Dock,Clinical Stations,PowerDesk SaaS,4/8/2024,2
CUST-0029,42,Female,Worcester MA,Patient / Consumer,Tablet,Tab Compact,Inventory Management,IntakeFlow,4/8/2024,2
CUST-0278,30,Female,Burlington VT,Research Scientist,Smart Watch,Pulse Elite,Remote Patient Check-in,HealthSync Pro,4/8/2024,1
CUST-0002,34,Male,Manchester NH,Research Scientist,Tablet,Tab Compact,Field Data Entry,IntakeFlow,4/8/2024,2
CUST-0392,42,Male,Manchester NH,Clinical Administrator,Peripheral,Wireless Hub,Device Pairing,ClinicHub Pro,4/8/2024,3
CUST-0087,28,Non-binary,Portland ME,Student / Academic,Tablet,Tab Compact,Field Data Entry,FieldOps SaaS,4/8/2024,3
CUST-0066,50,Male,Portland ME,Clinical Administrator,Peripheral,BioSensor Band,Vitals Streaming,BioStream API,4/8/2024,3
CUST-0003,43,Female,Boston MA,Clinical Administrator,Peripheral,Wireless Hub,Clinic Network,ClinicHub Pro,4/8/2024,2
CUST-0352,51,Male,Bridgeport CT,Clinical Administrator,Peripheral,Wireless Hub,Device Pairing,MeshConnect SaaS,4/8/2024,6
CUST-0361,40,Prefer not to say,Hartford CT,Research Scientist,Tablet,Tab Studio,Data Visualisation,DiagnosticAI,4/9/2024,1
CUST-0420,42,Male,Burlington VT,Healthcare Professional,Smart Watch,Pulse Elite,Fitness Tracking,HealthSync Pro,4/9/2024,1
CUST-0223,44,Female,Providence RI,Clinical Administrator,Peripheral,Charging Dock,Fleet Management,PowerDesk SaaS,4/9/2024,2
CUST-0213,53,Female,Portland ME,Practice Manager,Tablet,Tab Studio,Data Visualisation,DataViz Suite,4/9/2024,4
CUST-0386,31,Male,Manchester NH,Field Technician,Peripheral,Privacy Shield,Screen Privacy,ComplianceGuard,4/9/2024,3
CUST-0052,22,Male,Bridgeport CT,Student / Academic,Peripheral,Wireless Hub,Data Aggregation,MeshConnect SaaS,4/9/2024,2
CUST-0277,39,Male,Springfield MA,Clinical Administrator,Peripheral,Privacy Shield,Secure Display,ComplianceGuard,4/9/2024,2
CUST-0344,26,Female,Concord NH,Field Technician,Tablet,Tab Compact,Patient Intake,IntakeFlow,4/9/2024,1
CUST-0088,25,Male,Worcester MA,Student / Academic,Peripheral,Privacy Shield,Screen Privacy,ComplianceGuard,4/10/2024,3
CUST-0246,34,Male,Worcester MA,Clinical Administrator,Tablet,Tab Pro 12,Telehealth Consult,ClinicalOS,4/10/2024,5
CUST-0086,33,Male,Springfield MA,Clinical Administrator,Peripheral,Stylus Pro,Clinical Note-taking,SignFlow,4/10/2024,2
CUST-0358,41,Female,Portland ME,Practice Manager,Peripheral,BioSensor Band,Remote Monitoring,BioStream API,4/10/2024,2
CUST-0275,36,Female,Burlington VT,Patient / Consumer,Peripheral,Wireless Hub,Clinic Network,ClinicHub Pro,4/10/2024,2
CUST-0182,38,Female,Hartford CT,Patient / Consumer,Peripheral,BioSensor Band,Vitals Streaming,BioStream API,4/10/2024,3
CUST-0023,36,Female,Boston MA,Research Scientist,Tablet,Tab Pro 12,Telehealth Consult,TeleDoc Platform,4/10/2024,1
CUST-0338,35,Female,Manchester NH,Clinical Administrator,Peripheral,Privacy Shield,Screen Privacy,ComplianceGuard,4/11/2024,3
CUST-0355,29,Female,Hartford CT,Field Technician,Smart Watch,Pulse Sport,Activity Logging,WellnessCloud,4/11/2024,2
CUST-0011,21,Female,Springfield MA,Student / Academic,Peripheral,Privacy Shield,HIPAA Compliance,SecureView SaaS,4/11/2024,2
CUST-0196,41,Female,Springfield MA,Clinical Administrator,Peripheral,Stylus Pro,E-Signature,NoteStream SaaS,4/11/2024,1
CUST-0232,55,Female,Hartford CT,Patient / Consumer,Smart Watch,Pulse Sport,Activity Logging,WellnessCloud,4/11/2024,3
CUST-0224,21,Male,Hartford CT,Research Scientist,Tablet,Tab Studio,Data Visualisation,DiagnosticAI,4/11/2024,1
CUST-0368,42,Male,Providence RI,Healthcare Professional,Smart Watch,Pulse Sport,Fitness Tracking,WellnessCloud,4/11/2024,2
CUST-0378,54,Female,Boston MA,Patient / Consumer,Peripheral,Stylus Pro,E-Signature,NoteStream SaaS,4/11/2024,3
CUST-0288,61,Female,Burlington VT,Patient / Consumer,Smart Watch,Pulse Elite,Fitness Tracking,HealthSync Pro,4/11/2024,2
CUST-0221,80,Male,Portland ME,Patient / Consumer,Peripheral,Charging Dock,Clinical Stations,PowerDesk SaaS,4/12/2024,3
CUST-0036,27,Female,Bridgeport CT,Clinical Administrator,Tablet,Tab Studio,Remote Diagnosis,DataViz Suite,4/12/2024,1
CUST-0125,34,Female,Bridgeport CT,Field Technician,Peripheral,BioSensor Band,Continuous Glucose Monitor,VitalsNet SaaS,4/12/2024,3
CUST-0219,26,Prefer not to say,Bridgeport CT,Field Technician,Smart Watch,Pulse Sport,Fitness Tracking,WellnessCloud,4/12/2024,1
CUST-0420,42,Male,Burlington VT,Healthcare Professional,Peripheral,Privacy Shield,Screen Privacy,SecureView SaaS,4/12/2024,1
CUST-0051,38,Female,Worcester MA,Research Scientist,Tablet,Tab Studio,Remote Diagnosis,DiagnosticAI,4/13/2024,2
CUST-0201,47,Female,Worcester MA,Practice Manager,Peripheral,Stylus Pro,E-Signature,SignFlow,4/13/2024,1
CUST-0124,29,Male,Bridgeport CT,Patient / Consumer,Tablet,Tab Studio,Creative Workflow,DesignHub SaaS,4/13/2024,1
CUST-0117,29,Female,Portland ME,Field Technician,Tablet,Tab Compact,Field Data Entry,FieldOps SaaS,4/15/2024,1
CUST-0354,28,Female,Providence RI,Field Technician,Peripheral,Charging Dock,Fleet Management,PowerDesk SaaS,4/15/2024,2
CUST-0311,31,Male,Worcester MA,IT & Technology Staff,Peripheral,Wireless Hub,Clinic Network,MeshConnect SaaS,4/16/2024,2
CUST-0221,80,Male,Portland ME,Patient / Consumer,Peripheral,Wireless Hub,Clinic Network,MeshConnect SaaS,4/16/2024,3
CUST-0157,43,Female,Bridgeport CT,Field Technician,Smart Watch,Pulse Sport,Sleep Analysis,WellnessCloud,4/17/2024,1
CUST-0046,31,Male,Hartford CT,Clinical Administrator,Peripheral,Charging Dock,Fleet Management,PowerDesk SaaS,4/17/2024,4
CUST-0298,25,Female,Hartford CT,Student / Academic,Smart Watch,Pulse Sport,Activity Logging,WellnessCloud,4/17/2024,1
CUST-0292,26,Female,Concord NH,Field Technician,Tablet,Tab Compact,Field Data Entry,IntakeFlow,4/17/2024,1
CUST-0108,39,Non-binary,Providence RI,Clinical Administrator,Peripheral,Wireless Hub,Data Aggregation,ClinicHub Pro,4/17/2024,4
CUST-0245,27,Male,Providence RI,Clinical Administrator,Peripheral,Stylus Pro,E-Signature,NoteStream SaaS,4/17/2024,1
CUST-0299,45,Female,Hartford CT,Clinical Administrator,Tablet,Tab Compact,Inventory Management,InvTrack Pro,4/17/2024,1
CUST-0172,28,Female,Burlington VT,Research Scientist,Peripheral,BioSensor Band,Remote Monitoring,VitalsNet SaaS,4/17/2024,2
CUST-0239,32,Female,Worcester MA,Clinical Administrator,Peripheral,BioSensor Band,Vitals Streaming,BioStream API,4/18/2024,3
CUST-0353,39,Male,Concord NH,IT & Technology Staff,Peripheral,Wireless Hub,Clinic Network,ClinicHub Pro,4/18/2024,1
CUST-0342,44,Male,Manchester NH,Healthcare Professional,Tablet,Tab Pro 12,Clinical Documentation,ClinicalOS,4/18/2024,1
CUST-0086,33,Male,Springfield MA,Clinical Administrator,Peripheral,Charging Dock,Fleet Management,PowerDesk SaaS,4/18/2024,3
CUST-0331,51,Female,Boston MA,Patient / Consumer,Peripheral,Wireless Hub,Device Pairing,MeshConnect SaaS,4/18/2024,2
CUST-0158,48,Female,Hartford CT,Practice Manager,Peripheral,Stylus Pro,Clinical Note-taking,SignFlow,4/18/2024,1
CUST-0052,22,Male,Bridgeport CT,Student / Academic,Peripheral,Charging Dock,Clinical Stations,FleetCharge Pro,4/18/2024,2
CUST-0280,32,Prefer not to say,Manchester NH,Research Scientist,Tablet,Tab Pro 12,Clinical Documentation,ClinicalOS,4/19/2024,1
CUST-0054,43,Male,Springfield MA,Clinical Administrator,Peripheral,Charging Dock,Clinical Stations,FleetCharge Pro,4/19/2024,5
CUST-0032,54,Male,Providence RI,Clinical Administrator,Peripheral,BioSensor Band,Continuous Glucose Monitor,VitalsNet SaaS,4/19/2024,3
CUST-0144,39,Male,Springfield MA,Clinical Administrator,Peripheral,Keyboard Fold,Telehealth Setup,TeleSetup Pro,4/19/2024,4
CUST-0127,36,Male,Burlington VT,Patient / Consumer,Smart Watch,Pulse Sport,Sleep Analysis,WellnessCloud,4/19/2024,2
CUST-0380,24,Female,Hartford CT,Field Technician,Tablet,Tab Pro 12,Clinical Documentation,TeleDoc Platform,4/20/2024,2
CUST-0002,34,Male,Manchester NH,Research Scientist,Tablet,Tab Pro 12,Clinical Documentation,ClinicalOS,4/20/2024,1
CUST-0237,18,Male,Springfield MA,IT & Technology Staff,Tablet,Tab Studio,Creative Workflow,DataViz Suite,4/21/2024,1
CUST-0117,29,Female,Portland ME,Field Technician,Peripheral,Stylus Pro,E-Signature,SignFlow,4/21/2024,2
CUST-0214,50,Female,Hartford CT,Practice Manager,Peripheral,Charging Dock,Multi-Device Charging,FleetCharge Pro,4/22/2024,1
CUST-0243,47,Female,Manchester NH,Healthcare Professional,Peripheral,Keyboard Fold,Administrative Tasks,AdminFlow SaaS,4/22/2024,3
CUST-0376,31,Female,Portland ME,Clinical Administrator,Tablet,Tab Compact,Field Data Entry,IntakeFlow,4/22/2024,3
CUST-0375,65,Female,Bridgeport CT,Practice Manager,Peripheral,Charging Dock,Multi-Device Charging,PowerDesk SaaS,4/22/2024,1
CUST-0139,39,Female,Burlington VT,IT & Technology Staff,Tablet,Tab Studio,Creative Workflow,DesignHub SaaS,4/22/2024,1
CUST-0195,39,Female,Burlington VT,Clinical Administrator,Tablet,Tab Studio,Data Visualisation,DataViz Suite,4/22/2024,2
CUST-0062,28,Male,Manchester NH,Field Technician,Peripheral,Wireless Hub,Data Aggregation,MeshConnect SaaS,4/22/2024,2
CUST-0303,44,Female,Bridgeport CT,Clinical Administrator,Peripheral,Keyboard Fold,Telehealth Setup,TeleSetup Pro,4/22/2024,3
CUST-0171,37,Female,Worcester MA,Patient / Consumer,Peripheral,BioSensor Band,Remote Monitoring,BioStream API,4/23/2024,3
CUST-0077,44,Male,Burlington VT,Practice Manager,Peripheral,Stylus Pro,Clinical Note-taking,NoteStream SaaS,4/23/2024,4
CUST-0294,35,Male,Worcester MA,Field Technician,Peripheral,Keyboard Fold,Administrative Tasks,TeleSetup Pro,4/23/2024,7
CUST-0048,41,Male,Hartford CT,IT & Technology Staff,Peripheral,BioSensor Band,Vitals Streaming,BioStream API,4/23/2024,3
CUST-0220,24,Male,Hartford CT,Student / Academic,Tablet,Tab Studio,Remote Diagnosis,DesignHub SaaS,4/23/2024,1
CUST-0114,47,Prefer not to say,Providence RI,Field Technician,Peripheral,Privacy Shield,Screen Privacy,SecureView SaaS,4/23/2024,1
CUST-0331,51,Female,Boston MA,Patient / Consumer,Smart Watch,Pulse Sport,Sleep Analysis,FitCore SaaS,4/23/2024,3
CUST-0027,21,Female,Hartford CT,Field Technician,Smart Watch,Pulse Elite,Health Monitoring,FitCore SaaS,4/23/2024,2
CUST-0073,35,Female,Boston MA,Research Scientist,Tablet,Tab Studio,Creative Workflow,DiagnosticAI,4/23/2024,1
CUST-0282,50,Non-binary,Burlington VT,Practice Manager,Tablet,Tab Pro 12,Telehealth Consult,TeleDoc Platform,4/23/2024,4
CUST-0281,45,Non-binary,Providence RI,Practice Manager,Tablet,Tab Compact,Field Data Entry,InvTrack Pro,4/23/2024,2
CUST-0028,36,Male,Portland ME,IT & Technology Staff,Peripheral,Keyboard Fold,Telehealth Setup,AdminFlow SaaS,4/23/2024,3
CUST-0084,26,Male,Springfield MA,Field Technician,Smart Watch,Pulse Elite,Health Monitoring,FitCore SaaS,4/23/2024,4
CUST-0180,60,Female,Concord NH,Research Scientist,Peripheral,Wireless Hub,Clinic Network,MeshConnect SaaS,4/23/2024,5
CUST-0292,26,Female,Concord NH,Field Technician,Peripheral,BioSensor Band,Remote Monitoring,VitalsNet SaaS,4/24/2024,2
CUST-0380,24,Female,Hartford CT,Field Technician,Peripheral,Wireless Hub,Device Pairing,ClinicHub Pro,4/24/2024,1
CUST-0256,44,Female,Burlington VT,Patient / Consumer,Tablet,Tab Compact,Patient Intake,InvTrack Pro,4/24/2024,2
CUST-0204,68,Male,Portland ME,Patient / Consumer,Smart Watch,Pulse Elite,Fitness Tracking,FitCore SaaS,4/24/2024,1
CUST-0174,25,Female,Worcester MA,Student / Academic,Tablet,Tab Studio,Creative Workflow,DiagnosticAI,4/24/2024,3
CUST-0378,54,Female,Boston MA,Patient / Consumer,Smart Watch,Pulse Elite,Health Monitoring,HealthSync Pro,4/24/2024,3
CUST-0047,33,Prefer not to say,Bridgeport CT,Clinical Administrator,Tablet,Tab Compact,Patient Intake,InvTrack Pro,4/24/2024,2
CUST-0275,36,Female,Burlington VT,Patient / Consumer,Smart Watch,Pulse Elite,Remote Patient Check-in,FitCore SaaS,4/24/2024,1
CUST-0344,26,Female,Concord NH,Field Technician,Peripheral,Keyboard Fold,Remote Input,AdminFlow SaaS,4/24/2024,6
CUST-0341,19,Male,Worcester MA,Student / Academic,Peripheral,Stylus Pro,E-Signature,SignFlow,4/24/2024,1
CUST-0193,31,Male,Portland ME,Field Technician,Smart Watch,Pulse Sport,Sleep Analysis,FitCore SaaS,4/25/2024,1
CUST-0162,51,Male,Burlington VT,Practice Manager,Peripheral,Charging Dock,Multi-Device Charging,FleetCharge Pro,4/25/2024,2
CUST-0086,33,Male,Springfield MA,Clinical Administrator,Tablet,Tab Pro 12,Telehealth Consult,EduHealth SaaS,4/25/2024,2
CUST-0347,18,Non-binary,Portland ME,Student / Academic,Peripheral,Stylus Pro,Clinical Note-taking,NoteStream SaaS,4/25/2024,1
CUST-0344,26,Female,Concord NH,Field Technician,Peripheral,Stylus Pro,Digital Annotation,NoteStream SaaS,4/25/2024,3
CUST-0242,29,Male,Springfield MA,Field Technician,Peripheral,BioSensor Band,Remote Monitoring,VitalsNet SaaS,4/25/2024,4
CUST-0030,27,Male,Providence RI,Field Technician,Smart Watch,Pulse Sport,Fitness Tracking,WellnessCloud,4/25/2024,1
CUST-0272,29,Male,Portland ME,Practice Manager,Peripheral,Keyboard Fold,Administrative Tasks,AdminFlow SaaS,4/25/2024,2
CUST-0310,48,Male,Worcester MA,Patient / Consumer,Tablet,Tab Pro 12,Telehealth Consult,TeleDoc Platform,4/25/2024,2
CUST-0284,31,Male,Bridgeport CT,Practice Manager,Tablet,Tab Compact,Patient Intake,InvTrack Pro,4/25/2024,1
CUST-0234,41,Non-binary,Hartford CT,Patient / Consumer,Peripheral,Wireless Hub,Clinic Network,MeshConnect SaaS,4/25/2024,4
CUST-0097,44,Female,Bridgeport CT,Healthcare Professional,Peripheral,Privacy Shield,HIPAA Compliance,ComplianceGuard,4/26/2024,1
CUST-0087,28,Non-binary,Portland ME,Student / Academic,Tablet,Tab Pro 12,Clinical Documentation,ClinicalOS,4/26/2024,1
CUST-0069,47,Female,Bridgeport CT,Practice Manager,Tablet,Tab Pro 12,Clinical Documentation,TeleDoc Platform,4/26/2024,1
CUST-0246,34,Male,Worcester MA,Clinical Administrator,Smart Watch,Pulse Sport,Fitness Tracking,FitCore SaaS,4/26/2024,3
CUST-0132,36,Male,Worcester MA,Research Scientist,Peripheral,Stylus Pro,Clinical Note-taking,NoteStream SaaS,4/26/2024,2
CUST-0334,27,Male,Bridgeport CT,IT & Technology Staff,Tablet,Tab Compact,Patient Intake,InvTrack Pro,4/26/2024,1
CUST-0415,57,Male,Bridgeport CT,Patient / Consumer,Peripheral,Keyboard Fold,Remote Input,AdminFlow SaaS,4/26/2024,2
CUST-0226,69,Prefer not to say,Portland ME,Patient / Consumer,Peripheral,BioSensor Band,Continuous Glucose Monitor,VitalsNet SaaS,4/26/2024,1
CUST-0192,50,Non-binary,Springfield MA,Healthcare Professional,Tablet,Tab Pro 12,Patient Education,TeleDoc Platform,4/26/2024,1
CUST-0155,40,Female,Hartford CT,Clinical Administrator,Peripheral,Privacy Shield,Screen Privacy,ComplianceGuard,4/26/2024,8
CUST-0089,28,Female,Burlington VT,IT & Technology Staff,Tablet,Tab Studio,Creative Workflow,DiagnosticAI,4/26/2024,1
CUST-0187,36,Male,Hartford CT,IT & Technology Staff,Tablet,Tab Studio,Remote Diagnosis,DataViz Suite,4/26/2024,1
CUST-0105,31,Female,Burlington VT,IT & Technology Staff,Tablet,Tab Studio,Remote Diagnosis,DesignHub SaaS,4/27/2024,2
CUST-0159,32,Male,Portland ME,Practice Manager,Peripheral,BioSensor Band,Vitals Streaming,BioStream API,4/27/2024,1
CUST-0285,50,Male,Springfield MA,IT & Technology Staff,Tablet,Tab Studio,Remote Diagnosis,DesignHub SaaS,4/27/2024,1
CUST-0387,39,Male,Portland ME,Research Scientist,Smart Watch,Pulse Elite,Remote Patient Check-in,FitCore SaaS,4/27/2024,1
CUST-0369,33,Female,Providence RI,IT & Technology Staff,Peripheral,Wireless Hub,Clinic Network,MeshConnect SaaS,4/28/2024,2
CUST-0270,54,Male,Worcester MA,Patient / Consumer,Smart Watch,Pulse Sport,Fitness Tracking,FitCore SaaS,4/28/2024,1
CUST-0365,42,Male,Bridgeport CT,Research Scientist,Peripheral,Wireless Hub,Data Aggregation,ClinicHub Pro,4/28/2024,3
CUST-0078,33,Prefer not to say,Springfield MA,Research Scientist,Peripheral,BioSensor Band,Continuous Glucose Monitor,BioStream API,4/28/2024,3
CUST-0301,26,Male,Burlington VT,IT & Technology Staff,Peripheral,Charging Dock,Clinical Stations,PowerDesk SaaS,4/29/2024,3
CUST-0291,41,Male,Bridgeport CT,Practice Manager,Peripheral,Privacy Shield,Screen Privacy,ComplianceGuard,4/29/2024,6
CUST-0075,18,Non-binary,Hartford CT,Patient / Consumer,Peripheral,BioSensor Band,Remote Monitoring,BioStream API,4/29/2024,1
CUST-0130,26,Female,Bridgeport CT,Field Technician,Tablet,Tab Compact,Inventory Management,FieldOps SaaS,4/29/2024,1
CUST-0042,37,Male,Providence RI,Research Scientist,Tablet,Tab Studio,Data Visualisation,DataViz Suite,4/29/2024,1
CUST-0342,44,Male,Manchester NH,Healthcare Professional,Peripheral,BioSensor Band,Remote Monitoring,VitalsNet SaaS,4/29/2024,3
CUST-0218,41,Female,Concord NH,Practice Manager,Peripheral,Privacy Shield,Screen Privacy,ComplianceGuard,4/29/2024,7
CUST-0198,24,Male,Concord NH,Student / Academic,Tablet,Tab Studio,Data Visualisation,DiagnosticAI,4/30/2024,2
CUST-0059,57,Female,Portland ME,Patient / Consumer,Smart Watch,Pulse Elite,Remote Patient Check-in,FitCore SaaS,4/30/2024,2
CUST-0251,24,Male,Bridgeport CT,Research Scientist,Tablet,Tab Studio,Remote Diagnosis,DataViz Suite,4/30/2024,1
CUST-0383,18,Male,Springfield MA,IT & Technology Staff,Peripheral,Keyboard Fold,Telehealth Setup,AdminFlow SaaS,4/30/2024,2
CUST-0173,29,Female,Worcester MA,Field Technician,Peripheral,Charging Dock,Clinical Stations,FleetCharge Pro,4/30/2024,4
CUST-0152,45,Female,Manchester NH,Healthcare Professional,Smart Watch,Pulse Elite,Remote Patient Check-in,HealthSync Pro,4/30/2024,3
CUST-0079,42,Female,Boston MA,Healthcare Professional,Peripheral,BioSensor Band,Continuous Glucose Monitor,VitalsNet SaaS,4/30/2024,3
CUST-0412,24,Female,Boston MA,IT & Technology Staff,Tablet,Tab Studio,Remote Diagnosis,DiagnosticAI,4/30/2024,1
CUST-0175,35,Female,Providence RI,IT & Technology Staff,Peripheral,Wireless Hub,Device Pairing,MeshConnect SaaS,4/30/2024,3
CUST-0336,31,Male,Hartford CT,IT & Technology Staff,Peripheral,Wireless Hub,Device Pairing,ClinicHub Pro,4/30/2024,3
CUST-0290,37,Female,Hartford CT,Practice Manager,Peripheral,BioSensor Band,Vitals Streaming,VitalsNet SaaS,4/30/2024,4
CUST-0115,34,Female,Providence RI,Research Scientist,Tablet,Tab Studio,Data Visualisation,DataViz Suite,4/30/2024,1
CUST-0305,41,Female,Portland ME,Healthcare Professional,Smart Watch,Pulse Elite,Health Monitoring,FitCore SaaS,4/30/2024,1
CUST-0209,26,Female,Concord NH,Student / Academic,Tablet,Tab Compact,Field Data Entry,FieldOps SaaS,4/30/2024,4
CUST-0295,45,Male,Hartford CT,Healthcare Professional,Peripheral,Wireless Hub,Data Aggregation,MeshConnect SaaS,4/30/2024,1
CUST-0131,24,Male,Springfield MA,Clinical Administrator,Peripheral,Wireless Hub,Data Aggregation,MeshConnect SaaS,5/1/2024,1
CUST-0271,56,Female,Bridgeport CT,Healthcare Professional,Peripheral,Keyboard Fold,Remote Input,TeleSetup Pro,5/1/2024,4
CUST-0360,19,Male,Burlington VT,Student / Academic,Peripheral,Stylus Pro,E-Signature,NoteStream SaaS,5/1/2024,3
CUST-0194,26,Female,Portland ME,Clinical Administrator,Peripheral,Keyboard Fold,Telehealth Setup,AdminFlow SaaS,5/1/2024,1
CUST-0249,80,Female,Hartford CT,Patient / Consumer,Smart Watch,Pulse Sport,Sleep Analysis,FitCore SaaS,5/1/2024,2
CUST-0008,39,Female,Concord NH,IT & Technology Staff,Tablet,Tab Studio,Data Visualisation,DesignHub SaaS,5/2/2024,5
CUST-0145,25,Male,Portland ME,Student / Academic,Peripheral,Stylus Pro,Digital Annotation,SignFlow,5/2/2024,1
CUST-0208,26,Male,Portland ME,Student / Academic,Smart Watch,Pulse Elite,Remote Patient Check-in,HealthSync Pro,5/2/2024,1
CUST-0364,39,Prefer not to say,Springfield MA,Research Scientist,Tablet,Tab Pro 12,Clinical Documentation,ClinicalOS,5/2/2024,1
CUST-0117,29,Female,Portland ME,Field Technician,Peripheral,Wireless Hub,Clinic Network,MeshConnect SaaS,5/2/2024,5
CUST-0420,42,Male,Burlington VT,Healthcare Professional,Peripheral,BioSensor Band,Vitals Streaming,VitalsNet SaaS,5/2/2024,2
CUST-0299,45,Female,Hartford CT,Clinical Administrator,Tablet,Tab Compact,Inventory Management,InvTrack Pro,5/2/2024,1
CUST-0251,24,Male,Bridgeport CT,Research Scientist,Tablet,Tab Studio,Creative Workflow,DataViz Suite,5/2/2024,3
CUST-0235,57,Female,Worcester MA,Clinical Administrator,Peripheral,Privacy Shield,HIPAA Compliance,ComplianceGuard,5/3/2024,4
CUST-0271,56,Female,Bridgeport CT,Healthcare Professional,Tablet,Tab Pro 12,Telehealth Consult,ClinicalOS,5/3/2024,1
CUST-0116,32,Male,Concord NH,Field Technician,Smart Watch,Pulse Sport,Activity Logging,FitCore SaaS,5/3/2024,1
CUST-0313,35,Female,Portland ME,Field Technician,Peripheral,Wireless Hub,Device Pairing,ClinicHub Pro,5/3/2024,2
CUST-0189,35,Female,Concord NH,Practice Manager,Tablet,Tab Pro 12,Telehealth Consult,EduHealth SaaS,5/3/2024,1
CUST-0050,18,Prefer not to say,Bridgeport CT,Field Technician,Peripheral,Charging Dock,Multi-Device Charging,PowerDesk SaaS,5/3/2024,2
CUST-0177,42,Male,Worcester MA,Healthcare Professional,Tablet,Tab Studio,Remote Diagnosis,DesignHub SaaS,5/3/2024,2
CUST-0251,24,Male,Bridgeport CT,Research Scientist,Smart Watch,Pulse Sport,Sleep Analysis,WellnessCloud,5/3/2024,1
CUST-0279,42,Female,Manchester NH,Healthcare Professional,Tablet,Tab Compact,Inventory Management,InvTrack Pro,5/4/2024,2
CUST-0377,50,Female,Bridgeport CT,Healthcare Professional,Peripheral,BioSensor Band,Remote Monitoring,BioStream API,5/4/2024,3
CUST-0259,59,Male,Portland ME,Patient / Consumer,Tablet,Tab Compact,Field Data Entry,InvTrack Pro,5/5/2024,1
CUST-0108,39,Non-binary,Providence RI,Clinical Administrator,Tablet,Tab Studio,Remote Diagnosis,DataViz Suite,5/5/2024,1
CUST-0265,35,Female,Worcester MA,Clinical Administrator,Tablet,Tab Studio,Creative Workflow,DesignHub SaaS,5/5/2024,1
CUST-0285,50,Male,Springfield MA,IT & Technology Staff,Peripheral,Charging Dock,Fleet Management,FleetCharge Pro,5/5/2024,2
CUST-0322,43,Male,Springfield MA,Clinical Administrator,Smart Watch,Pulse Elite,Fitness Tracking,FitCore SaaS,5/5/2024,1
CUST-0138,30,Male,Worcester MA,IT & Technology Staff,Peripheral,BioSensor Band,Vitals Streaming,BioStream API,5/5/2024,1
CUST-0398,73,Male,Springfield MA,Patient / Consumer,Peripheral,Wireless Hub,Data Aggregation,MeshConnect SaaS,5/6/2024,1
CUST-0273,29,Female,Hartford CT,Student / Academic,Tablet,Tab Compact,Patient Intake,FieldOps SaaS,5/6/2024,1
CUST-0243,47,Female,Manchester NH,Healthcare Professional,Smart Watch,Pulse Elite,Health Monitoring,FitCore SaaS,5/6/2024,2
CUST-0015,18,Female,Manchester NH,Student / Academic,Peripheral,Keyboard Fold,Administrative Tasks,TeleSetup Pro,5/6/2024,3
CUST-0283,77,Male,Hartford CT,Patient / Consumer,Tablet,Tab Compact,Field Data Entry,InvTrack Pro,5/6/2024,2
CUST-0039,30,Male,Burlington VT,Practice Manager,Smart Watch,Pulse Sport,Sleep Analysis,WellnessCloud,5/6/2024,1
CUST-0134,40,Male,Manchester NH,Research Scientist,Tablet,Tab Pro 12,Patient Education,EduHealth SaaS,5/6/2024,2
CUST-0333,53,Male,Worcester MA,Patient / Consumer,Smart Watch,Pulse Elite,Fitness Tracking,FitCore SaaS,5/6/2024,1
CUST-0382,21,Female,Manchester NH,Student / Academic,Tablet,Tab Compact,Patient Intake,FieldOps SaaS,5/6/2024,4
CUST-0025,26,Male,Portland ME,Field Technician,Smart Watch,Pulse Sport,Fitness Tracking,FitCore SaaS,5/6/2024,4
CUST-0298,25,Female,Hartford CT,Student / Academic,Tablet,Tab Studio,Creative Workflow,DiagnosticAI,5/6/2024,2
CUST-0145,25,Male,Portland ME,Student / Academic,Peripheral,Stylus Pro,Clinical Note-taking,SignFlow,5/7/2024,2
CUST-0112,23,Male,Portland ME,Student / Academic,Peripheral,Keyboard Fold,Telehealth Setup,AdminFlow SaaS,5/7/2024,1
CUST-0227,53,Male,Providence RI,Patient / Consumer,Tablet,Tab Pro 12,Patient Education,TeleDoc Platform,5/7/2024,1
CUST-0374,46,Female,Hartford CT,Clinical Administrator,Tablet,Tab Pro 12,Patient Education,ClinicalOS,5/7/2024,2
CUST-0307,38,Prefer not to say,Manchester NH,Field Technician,Tablet,Tab Compact,Field Data Entry,InvTrack Pro,5/7/2024,3
CUST-0009,44,Male,Concord NH,Patient / Consumer,Peripheral,Keyboard Fold,Telehealth Setup,AdminFlow SaaS,5/7/2024,4
CUST-0230,62,Female,Providence RI,Patient / Consumer,Tablet,Tab Pro 12,Patient Education,ClinicalOS,5/7/2024,2
CUST-0236,50,Male,Boston MA,Practice Manager,Peripheral,Stylus Pro,E-Signature,SignFlow,5/7/2024,2
CUST-0334,27,Male,Bridgeport CT,IT & Technology Staff,Peripheral,Wireless Hub,Device Pairing,ClinicHub Pro,5/7/2024,2
CUST-0053,37,Male,Portland ME,Practice Manager,Tablet,Tab Pro 12,Patient Education,ClinicalOS,5/8/2024,1
CUST-0378,54,Female,Boston MA,Patient / Consumer,Peripheral,BioSensor Band,Remote Monitoring,VitalsNet SaaS,5/8/2024,4
CUST-0072,45,Male,Hartford CT,IT & Technology Staff,Peripheral,Charging Dock,Fleet Management,PowerDesk SaaS,5/8/2024,1
CUST-0039,30,Male,Burlington VT,Practice Manager,Peripheral,Charging Dock,Clinical Stations,FleetCharge Pro,5/8/2024,1
CUST-0417,76,Female,Springfield MA,Patient / Consumer,Smart Watch,Pulse Sport,Activity Logging,WellnessCloud,5/8/2024,3
CUST-0074,45,Male,Worcester MA,IT & Technology Staff,Peripheral,Charging Dock,Fleet Management,PowerDesk SaaS,5/8/2024,4
CUST-0227,53,Male,Providence RI,Patient / Consumer,Smart Watch,Pulse Elite,Remote Patient Check-in,HealthSync Pro,5/8/2024,1
CUST-0090,49,Male,Manchester NH,Practice Manager,Smart Watch,Pulse Sport,Fitness Tracking,WellnessCloud,5/8/2024,1
CUST-0233,24,Male,Boston MA,Student / Academic,Tablet,Tab Pro 12,Patient Education,TeleDoc Platform,5/8/2024,3
CUST-0060,40,Female,Springfield MA,IT & Technology Staff,Peripheral,Charging Dock,Multi-Device Charging,FleetCharge Pro,5/8/2024,1
CUST-0400,47,Female,Concord NH,Research Scientist,Tablet,Tab Studio,Remote Diagnosis,DataViz Suite,5/8/2024,2
CUST-0211,47,Female,Portland ME,Healthcare Professional,Smart Watch,Pulse Elite,Health Monitoring,HealthSync Pro,5/8/2024,1
CUST-0046,31,Male,Hartford CT,Clinical Administrator,Peripheral,Charging Dock,Fleet Management,PowerDesk SaaS,5/9/2024,4
CUST-0342,44,Male,Manchester NH,Healthcare Professional,Peripheral,Keyboard Fold,Telehealth Setup,AdminFlow SaaS,5/9/2024,3
CUST-0138,30,Male,Worcester MA,IT & Technology Staff,Tablet,Tab Studio,Creative Workflow,DiagnosticAI,5/9/2024,3
CUST-0255,27,Male,Hartford CT,Patient / Consumer,Smart Watch,Pulse Sport,Fitness Tracking,FitCore SaaS,5/9/2024,1
CUST-0324,62,Prefer not to say,Worcester MA,Healthcare Professional,Smart Watch,Pulse Elite,Health Monitoring,HealthSync Pro,5/9/2024,1
CUST-0262,43,Female,Hartford CT,Practice Manager,Peripheral,Wireless Hub,Device Pairing,ClinicHub Pro,5/9/2024,4
CUST-0035,65,Prefer not to say,Boston MA,Patient / Consumer,Peripheral,Charging Dock,Clinical Stations,PowerDesk SaaS,5/9/2024,4
CUST-0018,32,Male,Concord NH,Field Technician,Smart Watch,Pulse Sport,Sleep Analysis,WellnessCloud,5/9/2024,1
CUST-0059,57,Female,Portland ME,Patient / Consumer,Peripheral,Privacy Shield,Secure Display,ComplianceGuard,5/10/2024,1
CUST-0003,43,Female,Boston MA,Clinical Administrator,Smart Watch,Pulse Elite,Fitness Tracking,HealthSync Pro,5/10/2024,1
CUST-0252,44,Female,Burlington VT,Research Scientist,Peripheral,Charging Dock,Clinical Stations,PowerDesk SaaS,5/10/2024,4
CUST-0177,42,Male,Worcester MA,Healthcare Professional,Smart Watch,Pulse Sport,Fitness Tracking,FitCore SaaS,5/10/2024,1
CUST-0185,39,Female,Portland ME,Healthcare Professional,Smart Watch,Pulse Elite,Health Monitoring,FitCore SaaS,5/10/2024,2
CUST-0311,31,Male,Worcester MA,IT & Technology Staff,Peripheral,BioSensor Band,Vitals Streaming,VitalsNet SaaS,5/10/2024,4
CUST-0285,50,Male,Springfield MA,IT & Technology Staff,Peripheral,Privacy Shield,Secure Display,ComplianceGuard,5/10/2024,4
CUST-0282,50,Non-binary,Burlington VT,Practice Manager,Smart Watch,Pulse Sport,Fitness Tracking,FitCore SaaS,5/10/2024,1
CUST-0412,24,Female,Boston MA,IT & Technology Staff,Tablet,Tab Studio,Remote Diagnosis,DataViz Suite,5/10/2024,2
CUST-0034,22,Female,Hartford CT,Field Technician,Peripheral,Charging Dock,Fleet Management,FleetCharge Pro,5/10/2024,5
CUST-0114,47,Prefer not to say,Providence RI,Field Technician,Smart Watch,Pulse Sport,Fitness Tracking,WellnessCloud,5/10/2024,1
CUST-0388,43,Male,Hartford CT,Field Technician,Tablet,Tab Compact,Inventory Management,FieldOps SaaS,5/11/2024,1
CUST-0046,31,Male,Hartford CT,Clinical Administrator,Tablet,Tab Compact,Inventory Management,InvTrack Pro,5/11/2024,3
CUST-0404,42,Male,Burlington VT,Healthcare Professional,Smart Watch,Pulse Elite,Remote Patient Check-in,HealthSync Pro,5/11/2024,2
CUST-0170,24,Female,Concord NH,Field Technician,Peripheral,Privacy Shield,Screen Privacy,SecureView SaaS,5/12/2024,2
CUST-0032,54,Male,Providence RI,Clinical Administrator,Peripheral,Charging Dock,Fleet Management,FleetCharge Pro,5/12/2024,6
CUST-0199,42,Female,Hartford CT,Healthcare Professional,Tablet,Tab Pro 12,Patient Education,ClinicalOS,5/13/2024,1
CUST-0041,63,Female,Bridgeport CT,Patient / Consumer,Tablet,Tab Compact,Field Data Entry,IntakeFlow,5/13/2024,1
CUST-0007,77,Female,Boston MA,Patient / Consumer,Peripheral,Stylus Pro,E-Signature,NoteStream SaaS,5/13/2024,2
CUST-0068,68,Female,Manchester NH,Patient / Consumer,Smart Watch,Pulse Elite,Remote Patient Check-in,FitCore SaaS,5/13/2024,1
CUST-0381,35,Male,Manchester NH,Practice Manager,Peripheral,Keyboard Fold,Remote Input,AdminFlow SaaS,5/13/2024,1
CUST-0061,39,Male,Hartford CT,Practice Manager,Tablet,Tab Pro 12,Telehealth Consult,TeleDoc Platform,5/13/2024,4
CUST-0107,43,Female,Manchester NH,Field Technician,Tablet,Tab Pro 12,Clinical Documentation,TeleDoc Platform,5/13/2024,2
CUST-0367,25,Female,Springfield MA,Student / Academic,Peripheral,Charging Dock,Clinical Stations,PowerDesk SaaS,5/13/2024,2
CUST-0168,43,Male,Springfield MA,Field Technician,Peripheral,Keyboard Fold,Remote Input,AdminFlow SaaS,5/13/2024,5
CUST-0393,26,Male,Concord NH,Clinical Administrator,Peripheral,Privacy Shield,Screen Privacy,ComplianceGuard,5/13/2024,6
CUST-0080,22,Female,Bridgeport CT,Healthcare Professional,Smart Watch,Pulse Elite,Remote Patient Check-in,FitCore SaaS,5/13/2024,1
CUST-0213,53,Female,Portland ME,Practice Manager,Peripheral,Wireless Hub,Clinic Network,MeshConnect SaaS,5/14/2024,3
CUST-0235,57,Female,Worcester MA,Clinical Administrator,Peripheral,Wireless Hub,Device Pairing,ClinicHub Pro,5/14/2024,3
CUST-0071,45,Prefer not to say,Portland ME,Healthcare Professional,Tablet,Tab Pro 12,Patient Education,EduHealth SaaS,5/14/2024,1
CUST-0083,51,Female,Portland ME,Clinical Administrator,Smart Watch,Pulse Sport,Activity Logging,FitCore SaaS,5/14/2024,1
CUST-0240,43,Female,Worcester MA,Research Scientist,Tablet,Tab Compact,Field Data Entry,InvTrack Pro,5/14/2024,1
CUST-0028,36,Male,Portland ME,IT & Technology Staff,Tablet,Tab Pro 12,Clinical Documentation,TeleDoc Platform,5/15/2024,1
CUST-0296,25,Male,Providence RI,Field Technician,Tablet,Tab Compact,Inventory Management,InvTrack Pro,5/15/2024,3
CUST-0106,36,Female,Bridgeport CT,IT & Technology Staff,Tablet,Tab Pro 12,Telehealth Consult,EduHealth SaaS,5/15/2024,1
CUST-0097,44,Female,Bridgeport CT,Healthcare Professional,Peripheral,Stylus Pro,Digital Annotation,NoteStream SaaS,5/15/2024,2
CUST-0237,18,Male,Springfield MA,IT & Technology Staff,Peripheral,Wireless Hub,Data Aggregation,MeshConnect SaaS,5/15/2024,2
CUST-0109,44,Female,Springfield MA,Healthcare Professional,Peripheral,Stylus Pro,Digital Annotation,SignFlow,5/15/2024,4
CUST-0402,30,Female,Bridgeport CT,Research Scientist,Tablet,Tab Pro 12,Clinical Documentation,EduHealth SaaS,5/16/2024,1
CUST-0231,36,Male,Boston MA,Practice Manager,Tablet,Tab Pro 12,Clinical Documentation,TeleDoc Platform,5/16/2024,1
CUST-0064,32,Female,Boston MA,Practice Manager,Peripheral,Keyboard Fold,Telehealth Setup,AdminFlow SaaS,5/16/2024,2
CUST-0206,27,Female,Springfield MA,Research Scientist,Peripheral,BioSensor Band,Continuous Glucose Monitor,BioStream API,5/16/2024,4
CUST-0049,35,Male,Springfield MA,IT & Technology Staff,Peripheral,Wireless Hub,Data Aggregation,MeshConnect SaaS,5/16/2024,3
CUST-0087,28,Non-binary,Portland ME,Student / Academic,Peripheral,Keyboard Fold,Administrative Tasks,TeleSetup Pro,5/16/2024,1
CUST-0065,45,Male,Concord NH,Clinical Administrator,Peripheral,Privacy Shield,Secure Display,SecureView SaaS,5/16/2024,1
CUST-0285,50,Male,Springfield MA,IT & Technology Staff,Peripheral,Charging Dock,Fleet Management,FleetCharge Pro,5/16/2024,3
CUST-0169,39,Female,Springfield MA,Healthcare Professional,Smart Watch,Pulse Elite,Health Monitoring,HealthSync Pro,5/16/2024,1
CUST-0287,28,Male,Bridgeport CT,Field Technician,Tablet,Tab Pro 12,Telehealth Consult,TeleDoc Platform,5/17/2024,2
CUST-0229,27,Male,Boston MA,IT & Technology Staff,Smart Watch,Pulse Elite,Remote Patient Check-in,HealthSync Pro,5/17/2024,2
CUST-0003,43,Female,Boston MA,Clinical Administrator,Peripheral,BioSensor Band,Continuous Glucose Monitor,BioStream API,5/17/2024,4
CUST-0253,49,Male,Providence RI,IT & Technology Staff,Tablet,Tab Compact,Field Data Entry,FieldOps SaaS,5/17/2024,1
CUST-0250,41,Female,Burlington VT,Clinical Administrator,Smart Watch,Pulse Sport,Sleep Analysis,WellnessCloud,5/17/2024,4
CUST-0003,43,Female,Boston MA,Clinical Administrator,Tablet,Tab Pro 12,Patient Education,TeleDoc Platform,5/17/2024,3
CUST-0420,42,Male,Burlington VT,Healthcare Professional,Peripheral,Stylus Pro,Clinical Note-taking,SignFlow,5/17/2024,4
CUST-0105,31,Female,Burlington VT,IT & Technology Staff,Peripheral,Charging Dock,Clinical Stations,PowerDesk SaaS,5/17/2024,5
CUST-0006,28,Male,Springfield MA,Field Technician,Peripheral,Privacy Shield,Screen Privacy,ComplianceGuard,5/17/2024,1
CUST-0414,56,Female,Worcester MA,Practice Manager,Smart Watch,Pulse Sport,Activity Logging,FitCore SaaS,5/17/2024,1
CUST-0144,39,Male,Springfield MA,Clinical Administrator,Tablet,Tab Studio,Data Visualisation,DiagnosticAI,5/17/2024,3
CUST-0150,38,Female,Worcester MA,Research Scientist,Peripheral,BioSensor Band,Vitals Streaming,VitalsNet SaaS,5/17/2024,1
CUST-0270,54,Male,Worcester MA,Patient / Consumer,Tablet,Tab Studio,Creative Workflow,DataViz Suite,5/18/2024,1
CUST-0311,31,Male,Worcester MA,IT & Technology Staff,Peripheral,Wireless Hub,Device Pairing,MeshConnect SaaS,5/18/2024,1
CUST-0125,34,Female,Bridgeport CT,Field Technician,Peripheral,Keyboard Fold,Remote Input,TeleSetup Pro,5/18/2024,4
CUST-0388,43,Male,Hartford CT,Field Technician,Tablet,Tab Pro 12,Clinical Documentation,TeleDoc Platform,5/19/2024,1
CUST-0079,42,Female,Boston MA,Healthcare Professional,Peripheral,Keyboard Fold,Telehealth Setup,AdminFlow SaaS,5/19/2024,3
CUST-0157,43,Female,Bridgeport CT,Field Technician,Peripheral,Stylus Pro,E-Signature,NoteStream SaaS,5/19/2024,1
CUST-0264,22,Female,Hartford CT,Field Technician,Peripheral,Wireless Hub,Device Pairing,MeshConnect SaaS,5/20/2024,5
CUST-0372,26,Male,Burlington VT,Student / Academic,Peripheral,Stylus Pro,Clinical Note-taking,SignFlow,5/20/2024,4
CUST-0278,30,Female,Burlington VT,Research Scientist,Smart Watch,Pulse Elite,Health Monitoring,FitCore SaaS,5/20/2024,1
CUST-0149,49,Male,Springfield MA,Practice Manager,Peripheral,Charging Dock,Clinical Stations,FleetCharge Pro,5/20/2024,1
CUST-0256,44,Female,Burlington VT,Patient / Consumer,Smart Watch,Pulse Sport,Activity Logging,FitCore SaaS,5/20/2024,1
CUST-0064,32,Female,Boston MA,Practice Manager,Tablet,Tab Pro 12,Clinical Documentation,ClinicalOS,5/20/2024,5
CUST-0304,34,Non-binary,Hartford CT,Field Technician,Tablet,Tab Studio,Creative Workflow,DataViz Suite,5/20/2024,1
CUST-0226,69,Prefer not to say,Portland ME,Patient / Consumer,Tablet,Tab Pro 12,Patient Education,ClinicalOS,5/21/2024,1
CUST-0344,26,Female,Concord NH,Field Technician,Peripheral,BioSensor Band,Remote Monitoring,VitalsNet SaaS,5/21/2024,1
CUST-0220,24,Male,Hartford CT,Student / Academic,Smart Watch,Pulse Sport,Activity Logging,WellnessCloud,5/21/2024,2
CUST-0192,50,Non-binary,Springfield MA,Healthcare Professional,Peripheral,Wireless Hub,Device Pairing,ClinicHub Pro,5/21/2024,1
CUST-0381,35,Male,Manchester NH,Practice Manager,Tablet,Tab Pro 12,Clinical Documentation,TeleDoc Platform,5/21/2024,3
CUST-0409,30,Male,Concord NH,Field Technician,Peripheral,Stylus Pro,E-Signature,NoteStream SaaS,5/21/2024,2
CUST-0159,32,Male,Portland ME,Practice Manager,Tablet,Tab Pro 12,Telehealth Consult,ClinicalOS,5/22/2024,1
CUST-0200,27,Male,Concord NH,Clinical Administrator,Smart Watch,Pulse Elite,Fitness Tracking,HealthSync Pro,5/22/2024,1
CUST-0354,28,Female,Providence RI,Field Technician,Smart Watch,Pulse Sport,Activity Logging,WellnessCloud,5/22/2024,1
CUST-0192,50,Non-binary,Springfield MA,Healthcare Professional,Peripheral,BioSensor Band,Vitals Streaming,VitalsNet SaaS,5/22/2024,5
CUST-0162,51,Male,Burlington VT,Practice Manager,Tablet,Tab Studio,Data Visualisation,DesignHub SaaS,5/22/2024,1
CUST-0188,37,Female,Portland ME,Clinical Administrator,Peripheral,Stylus Pro,E-Signature,SignFlow,5/22/2024,3
CUST-0046,31,Male,Hartford CT,Clinical Administrator,Tablet,Tab Studio,Creative Workflow,DataViz Suite,5/22/2024,3
CUST-0074,45,Male,Worcester MA,IT & Technology Staff,Tablet,Tab Compact,Patient Intake,InvTrack Pro,5/22/2024,1
CUST-0337,38,Female,Concord NH,Patient / Consumer,Peripheral,Privacy Shield,Secure Display,ComplianceGuard,5/22/2024,1
CUST-0343,46,Male,Burlington VT,Practice Manager,Peripheral,Charging Dock,Multi-Device Charging,PowerDesk SaaS,5/23/2024,3
CUST-0226,69,Prefer not to say,Portland ME,Patient / Consumer,Peripheral,BioSensor Band,Continuous Glucose Monitor,VitalsNet SaaS,5/23/2024,2
CUST-0251,24,Male,Bridgeport CT,Research Scientist,Peripheral,Stylus Pro,E-Signature,SignFlow,5/23/2024,3
CUST-0014,20,Female,Springfield MA,Clinical Administrator,Peripheral,Privacy Shield,HIPAA Compliance,ComplianceGuard,5/23/2024,3
CUST-0244,43,Female,Burlington VT,Research Scientist,Tablet,Tab Studio,Data Visualisation,DiagnosticAI,5/24/2024,1
CUST-0120,42,Male,Hartford CT,Research Scientist,Peripheral,Privacy Shield,HIPAA Compliance,ComplianceGuard,5/24/2024,4
CUST-0114,47,Prefer not to say,Providence RI,Field Technician,Peripheral,Stylus Pro,Digital Annotation,NoteStream SaaS,5/24/2024,2
CUST-0043,40,Female,Hartford CT,Healthcare Professional,Smart Watch,Pulse Sport,Fitness Tracking,FitCore SaaS,5/24/2024,2
CUST-0206,27,Female,Springfield MA,Research Scientist,Peripheral,BioSensor Band,Continuous Glucose Monitor,BioStream API,5/25/2024,2
CUST-0246,34,Male,Worcester MA,Clinical Administrator,Smart Watch,Pulse Elite,Health Monitoring,HealthSync Pro,5/25/2024,1
CUST-0031,37,Male,Boston MA,Practice Manager,Smart Watch,Pulse Elite,Remote Patient Check-in,FitCore SaaS,5/25/2024,1
CUST-0056,46,Female,Boston MA,Clinical Administrator,Peripheral,Keyboard Fold,Telehealth Setup,AdminFlow SaaS,5/25/2024,1
CUST-0394,47,Female,Springfield MA,IT & Technology Staff,Peripheral,Wireless Hub,Data Aggregation,ClinicHub Pro,5/25/2024,2
CUST-0314,52,Non-binary,Providence RI,Practice Manager,Tablet,Tab Compact,Inventory Management,IntakeFlow,5/25/2024,1
CUST-0392,42,Male,Manchester NH,Clinical Administrator,Peripheral,Charging Dock,Clinical Stations,FleetCharge Pro,5/26/2024,3
CUST-0282,50,Non-binary,Burlington VT,Practice Manager,Smart Watch,Pulse Elite,Fitness Tracking,FitCore SaaS,5/26/2024,1
CUST-0298,25,Female,Hartford CT,Student / Academic,Peripheral,Stylus Pro,E-Signature,SignFlow,5/27/2024,1
CUST-0243,47,Female,Manchester NH,Healthcare Professional,Smart Watch,Pulse Elite,Remote Patient Check-in,FitCore SaaS,5/27/2024,1
CUST-0197,33,Male,Worcester MA,Healthcare Professional,Peripheral,Stylus Pro,E-Signature,SignFlow,5/27/2024,4
CUST-0201,47,Female,Worcester MA,Practice Manager,Tablet,Tab Compact,Patient Intake,InvTrack Pro,5/27/2024,1
CUST-0221,80,Male,Portland ME,Patient / Consumer,Smart Watch,Pulse Sport,Sleep Analysis,WellnessCloud,5/27/2024,1
CUST-0300,48,Female,Worcester MA,Healthcare Professional,Tablet,Tab Pro 12,Telehealth Consult,ClinicalOS,5/27/2024,3
CUST-0026,24,Male,Hartford CT,Student / Academic,Peripheral,Stylus Pro,E-Signature,SignFlow,5/27/2024,2
CUST-0197,33,Male,Worcester MA,Healthcare Professional,Tablet,Tab Studio,Creative Workflow,DataViz Suite,5/27/2024,3
CUST-0384,21,Male,Springfield MA,Student / Academic,Tablet,Tab Pro 12,Telehealth Consult,ClinicalOS,5/27/2024,1
CUST-0104,39,Male,Concord NH,Patient / Consumer,Peripheral,BioSensor Band,Continuous Glucose Monitor,BioStream API,5/27/2024,1
CUST-0176,50,Non-binary,Springfield MA,Healthcare Professional,Peripheral,Stylus Pro,Clinical Note-taking,SignFlow,5/28/2024,5
CUST-0143,21,Female,Providence RI,Research Scientist,Smart Watch,Pulse Elite,Remote Patient Check-in,FitCore SaaS,5/28/2024,3
CUST-0046,31,Male,Hartford CT,Clinical Administrator,Smart Watch,Pulse Sport,Fitness Tracking,FitCore SaaS,5/28/2024,1
CUST-0073,35,Female,Boston MA,Research Scientist,Peripheral,Keyboard Fold,Remote Input,AdminFlow SaaS,5/28/2024,4
CUST-0272,29,Male,Portland ME,Practice Manager,Tablet,Tab Pro 12,Telehealth Consult,ClinicalOS,5/28/2024,2
CUST-0378,54,Female,Boston MA,Patient / Consumer,Smart Watch,Pulse Elite,Remote Patient Check-in,FitCore SaaS,5/28/2024,1
CUST-0317,50,Non-binary,Bridgeport CT,Practice Manager,Smart Watch,Pulse Sport,Fitness Tracking,FitCore SaaS,5/29/2024,1
CUST-0116,32,Male,Concord NH,Field Technician,Tablet,Tab Studio,Remote Diagnosis,DataViz Suite,5/29/2024,3
CUST-0285,50,Male,Springfield MA,IT & Technology Staff,Peripheral,Charging Dock,Clinical Stations,FleetCharge Pro,5/30/2024,1
CUST-0386,31,Male,Manchester NH,Field Technician,Peripheral,Stylus Pro,E-Signature,SignFlow,5/30/2024,2
CUST-0396,21,Female,Worcester MA,Student / Academic,Peripheral,Stylus Pro,E-Signature,SignFlow,5/30/2024,2
CUST-0197,33,Male,Worcester MA,Healthcare Professional,Tablet,Tab Compact,Inventory Management,FieldOps SaaS,5/30/2024,1
CUST-0330,43,Non-binary,Boston MA,Clinical Administrator,Tablet,Tab Studio,Remote Diagnosis,DesignHub SaaS,5/30/2024,1
CUST-0409,30,Male,Concord NH,Field Technician,Peripheral,BioSensor Band,Continuous Glucose Monitor,VitalsNet SaaS,5/30/2024,2
CUST-0419,53,Male,Springfield MA,Healthcare Professional,Tablet,Tab Pro 12,Clinical Documentation,TeleDoc Platform,5/30/2024,4
CUST-0364,39,Prefer not to say,Springfield MA,Research Scientist,Smart Watch,Pulse Sport,Fitness Tracking,FitCore SaaS,5/30/2024,1
CUST-0321,36,Prefer not to say,Hartford CT,Research Scientist,Peripheral,Stylus Pro,E-Signature,SignFlow,5/31/2024,1
CUST-0062,28,Male,Manchester NH,Field Technician,Peripheral,Privacy Shield,Secure Display,ComplianceGuard,5/31/2024,7
CUST-0088,25,Male,Worcester MA,Student / Academic,Peripheral,Keyboard Fold,Administrative Tasks,TeleSetup Pro,5/31/2024,3
CUST-0356,22,Non-binary,Burlington VT,Field Technician,Smart Watch,Pulse Sport,Fitness Tracking,FitCore SaaS,5/31/2024,1
CUST-0315,47,Female,Burlington VT,Research Scientist,Smart Watch,Pulse Elite,Health Monitoring,FitCore SaaS,5/31/2024,1
CUST-0337,38,Female,Concord NH,Patient / Consumer,Peripheral,Stylus Pro,Clinical Note-taking,NoteStream SaaS,5/31/2024,2
CUST-0249,80,Female,Hartford CT,Patient / Consumer,Tablet,Tab Pro 12,Telehealth Consult,TeleDoc Platform,5/31/2024,1
CUST-0380,24,Female,Hartford CT,Field Technician,Peripheral,Wireless Hub,Device Pairing,ClinicHub Pro,5/31/2024,2
CUST-0218,41,Female,Concord NH,Practice Manager,Tablet,Tab Pro 12,Clinical Documentation,TeleDoc Platform,6/1/2024,3
CUST-0403,42,Female,Burlington VT,Healthcare Professional,Tablet,Tab Pro 12,Clinical Documentation,ClinicalOS,6/1/2024,3
CUST-0197,33,Male,Worcester MA,Healthcare Professional,Tablet,Tab Pro 12,Clinical Documentation,EduHealth SaaS,6/1/2024,1
CUST-0173,29,Female,Worcester MA,Field Technician,Peripheral,Privacy Shield,Screen Privacy,SecureView SaaS,6/1/2024,1
CUST-0288,61,Female,Burlington VT,Patient / Consumer,Peripheral,Privacy Shield,Screen Privacy,ComplianceGuard,6/2/2024,1
CUST-0078,33,Prefer not to say,Springfield MA,Research Scientist,Peripheral,Privacy Shield,Secure Display,ComplianceGuard,6/2/2024,4
CUST-0346,44,Female,Bridgeport CT,Healthcare Professional,Peripheral,Stylus Pro,Clinical Note-taking,NoteStream SaaS,6/3/2024,1
CUST-0416,31,Male,Manchester NH,Clinical Administrator,Tablet,Tab Compact,Patient Intake,FieldOps SaaS,6/3/2024,2
CUST-0187,36,Male,Hartford CT,IT & Technology Staff,Smart Watch,Pulse Elite,Remote Patient Check-in,HealthSync Pro,6/3/2024,2
CUST-0096,28,Female,Bridgeport CT,Patient / Consumer,Tablet,Tab Studio,Data Visualisation,DiagnosticAI,6/3/2024,2
CUST-0164,30,Male,Portland ME,Clinical Administrator,Smart Watch,Pulse Sport,Activity Logging,FitCore SaaS,6/3/2024,2
CUST-0195,39,Female,Burlington VT,Clinical Administrator,Peripheral,Wireless Hub,Clinic Network,ClinicHub Pro,6/4/2024,3
CUST-0271,56,Female,Bridgeport CT,Healthcare Professional,Peripheral,Privacy Shield,Secure Display,SecureView SaaS,6/4/2024,1
CUST-0097,44,Female,Bridgeport CT,Healthcare Professional,Smart Watch,Pulse Elite,Health Monitoring,FitCore SaaS,6/4/2024,3
CUST-0228,34,Male,Bridgeport CT,Patient / Consumer,Tablet,Tab Compact,Field Data Entry,InvTrack Pro,6/4/2024,1
CUST-0310,48,Male,Worcester MA,Patient / Consumer,Peripheral,Wireless Hub,Clinic Network,ClinicHub Pro,6/4/2024,2
CUST-0330,43,Non-binary,Boston MA,Clinical Administrator,Smart Watch,Pulse Elite,Health Monitoring,HealthSync Pro,6/4/2024,1
CUST-0003,43,Female,Boston MA,Clinical Administrator,Smart Watch,Pulse Sport,Sleep Analysis,FitCore SaaS,6/4/2024,1
CUST-0068,68,Female,Manchester NH,Patient / Consumer,Peripheral,Wireless Hub,Device Pairing,MeshConnect SaaS,6/5/2024,3
CUST-0367,25,Female,Springfield MA,Student / Academic,Peripheral,Keyboard Fold,Administrative Tasks,TeleSetup Pro,6/5/2024,1
CUST-0353,39,Male,Concord NH,IT & Technology Staff,Tablet,Tab Pro 12,Telehealth Consult,TeleDoc Platform,6/5/2024,1
CUST-0241,36,Non-binary,Burlington VT,Practice Manager,Tablet,Tab Compact,Field Data Entry,IntakeFlow,6/6/2024,1
CUST-0060,40,Female,Springfield MA,IT & Technology Staff,Peripheral,Wireless Hub,Device Pairing,ClinicHub Pro,6/6/2024,4
CUST-0052,22,Male,Bridgeport CT,Student / Academic,Peripheral,BioSensor Band,Vitals Streaming,BioStream API,6/6/2024,1
CUST-0015,18,Female,Manchester NH,Student / Academic,Tablet,Tab Compact,Field Data Entry,InvTrack Pro,6/7/2024,1
CUST-0317,50,Non-binary,Bridgeport CT,Practice Manager,Peripheral,Keyboard Fold,Telehealth Setup,AdminFlow SaaS,6/7/2024,2
CUST-0013,40,Prefer not to say,Worcester MA,Clinical Administrator,Tablet,Tab Pro 12,Patient Education,ClinicalOS,6/7/2024,1
CUST-0198,24,Male,Concord NH,Student / Academic,Tablet,Tab Pro 12,Patient Education,EduHealth SaaS,6/7/2024,1
CUST-0352,51,Male,Bridgeport CT,Clinical Administrator,Peripheral,Wireless Hub,Data Aggregation,MeshConnect SaaS,6/7/2024,2
CUST-0293,30,Prefer not to say,Portland ME,Research Scientist,Tablet,Tab Studio,Creative Workflow,DiagnosticAI,6/7/2024,1
CUST-0380,24,Female,Hartford CT,Field Technician,Tablet,Tab Studio,Creative Workflow,DiagnosticAI,6/7/2024,1
CUST-0263,18,Male,Springfield MA,Patient / Consumer,Smart Watch,Pulse Sport,Activity Logging,WellnessCloud,6/7/2024,1
CUST-0066,50,Male,Portland ME,Clinical Administrator,Peripheral,Keyboard Fold,Administrative Tasks,AdminFlow SaaS,6/8/2024,3
CUST-0201,47,Female,Worcester MA,Practice Manager,Peripheral,Keyboard Fold,Telehealth Setup,AdminFlow SaaS,6/8/2024,5
CUST-0176,50,Non-binary,Springfield MA,Healthcare Professional,Smart Watch,Pulse Elite,Fitness Tracking,HealthSync Pro,6/9/2024,1
CUST-0195,39,Female,Burlington VT,Clinical Administrator,Peripheral,Stylus Pro,E-Signature,SignFlow,6/9/2024,3
CUST-0418,45,Female,Burlington VT,Practice Manager,Peripheral,Wireless Hub,Device Pairing,ClinicHub Pro,6/9/2024,6
CUST-0145,25,Male,Portland ME,Student / Academic,Peripheral,Privacy Shield,Secure Display,SecureView SaaS,6/10/2024,1
CUST-0132,36,Male,Worcester MA,Research Scientist,Peripheral,Wireless Hub,Device Pairing,MeshConnect SaaS,6/10/2024,2
CUST-0312,41,Male,Manchester NH,IT & Technology Staff,Tablet,Tab Studio,Remote Diagnosis,DesignHub SaaS,6/10/2024,2
CUST-0312,41,Male,Manchester NH,IT & Technology Staff,Smart Watch,Pulse Elite,Remote Patient Check-in,FitCore SaaS,6/10/2024,1
CUST-0400,47,Female,Concord NH,Research Scientist,Tablet,Tab Studio,Creative Workflow,DiagnosticAI,6/10/2024,1
CUST-0216,64,Male,Portland ME,Patient / Consumer,Peripheral,Privacy Shield,HIPAA Compliance,ComplianceGuard,6/10/2024,4
CUST-0061,39,Male,Hartford CT,Practice Manager,Peripheral,Privacy Shield,Secure Display,SecureView SaaS,6/11/2024,2
CUST-0182,38,Female,Hartford CT,Patient / Consumer,Peripheral,BioSensor Band,Remote Monitoring,VitalsNet SaaS,6/11/2024,1
CUST-0167,52,Male,Portland ME,Practice Manager,Tablet,Tab Pro 12,Telehealth Consult,ClinicalOS,6/11/2024,3
CUST-0171,37,Female,Worcester MA,Patient / Consumer,Tablet,Tab Compact,Field Data Entry,IntakeFlow,6/11/2024,1
CUST-0363,40,Male,Concord NH,Healthcare Professional,Peripheral,BioSensor Band,Continuous Glucose Monitor,VitalsNet SaaS,6/11/2024,2
CUST-0283,77,Male,Hartford CT,Patient / Consumer,Tablet,Tab Pro 12,Clinical Documentation,EduHealth SaaS,6/11/2024,1
CUST-0225,44,Female,Bridgeport CT,Patient / Consumer,Tablet,Tab Compact,Patient Intake,FieldOps SaaS,6/11/2024,2
CUST-0155,40,Female,Hartford CT,Clinical Administrator,Tablet,Tab Pro 12,Patient Education,EduHealth SaaS,6/12/2024,1
CUST-0339,36,Female,Portland ME,IT & Technology Staff,Tablet,Tab Studio,Creative Workflow,DiagnosticAI,6/12/2024,1
CUST-0255,27,Male,Hartford CT,Patient / Consumer,Peripheral,Privacy Shield,Screen Privacy,SecureView SaaS,6/12/2024,2
CUST-0127,36,Male,Burlington VT,Patient / Consumer,Smart Watch,Pulse Elite,Fitness Tracking,HealthSync Pro,6/12/2024,1
CUST-0271,56,Female,Bridgeport CT,Healthcare Professional,Peripheral,BioSensor Band,Vitals Streaming,BioStream API,6/12/2024,4
CUST-0045,28,Male,Portland ME,Patient / Consumer,Peripheral,Wireless Hub,Data Aggregation,ClinicHub Pro,6/12/2024,4
CUST-0316,44,Male,Boston MA,Practice Manager,Peripheral,Keyboard Fold,Remote Input,AdminFlow SaaS,6/13/2024,2
CUST-0258,34,Female,Concord NH,Healthcare Professional,Smart Watch,Pulse Elite,Remote Patient Check-in,HealthSync Pro,6/13/2024,2
CUST-0071,45,Prefer not to say,Portland ME,Healthcare Professional,Peripheral,Charging Dock,Multi-Device Charging,FleetCharge Pro,6/13/2024,1
CUST-0062,28,Male,Manchester NH,Field Technician,Smart Watch,Pulse Elite,Remote Patient Check-in,HealthSync Pro,6/13/2024,1
CUST-0019,25,Male,Portland ME,IT & Technology Staff,Peripheral,Wireless Hub,Clinic Network,MeshConnect SaaS,6/13/2024,2
CUST-0189,35,Female,Concord NH,Practice Manager,Peripheral,Keyboard Fold,Administrative Tasks,AdminFlow SaaS,6/13/2024,1
CUST-0144,39,Male,Springfield MA,Clinical Administrator,Smart Watch,Pulse Sport,Activity Logging,WellnessCloud,6/13/2024,1
CUST-0353,39,Male,Concord NH,IT & Technology Staff,Tablet,Tab Compact,Inventory Management,InvTrack Pro,6/13/2024,1
CUST-0287,28,Male,Bridgeport CT,Field Technician,Tablet,Tab Studio,Creative Workflow,DataViz Suite,6/13/2024,3
CUST-0259,59,Male,Portland ME,Patient / Consumer,Tablet,Tab Studio,Data Visualisation,DiagnosticAI,6/14/2024,1
CUST-0108,39,Non-binary,Providence RI,Clinical Administrator,Tablet,Tab Studio,Remote Diagnosis,DataViz Suite,6/14/2024,2
CUST-0126,34,Non-binary,Manchester NH,Student / Academic,Smart Watch,Pulse Elite,Fitness Tracking,FitCore SaaS,6/14/2024,1
CUST-0103,38,Male,Worcester MA,Healthcare Professional,Tablet,Tab Pro 12,Telehealth Consult,EduHealth SaaS,6/14/2024,1
CUST-0183,31,Female,Boston MA,Healthcare Professional,Tablet,Tab Compact,Inventory Management,InvTrack Pro,6/15/2024,2
CUST-0039,30,Male,Burlington VT,Practice Manager,Peripheral,Wireless Hub,Clinic Network,ClinicHub Pro,6/16/2024,1
CUST-0279,42,Female,Manchester NH,Healthcare Professional,Peripheral,Privacy Shield,Secure Display,ComplianceGuard,6/16/2024,3
CUST-0324,62,Prefer not to say,Worcester MA,Healthcare Professional,Peripheral,BioSensor Band,Continuous Glucose Monitor,VitalsNet SaaS,6/17/2024,2
CUST-0076,65,Male,Bridgeport CT,Patient / Consumer,Peripheral,Keyboard Fold,Telehealth Setup,AdminFlow SaaS,6/17/2024,3
CUST-0072,45,Male,Hartford CT,IT & Technology Staff,Peripheral,Stylus Pro,Clinical Note-taking,NoteStream SaaS,6/17/2024,1
CUST-0064,32,Female,Boston MA,Practice Manager,Peripheral,Keyboard Fold,Administrative Tasks,TeleSetup Pro,6/17/2024,1
CUST-0126,34,Non-binary,Manchester NH,Student / Academic,Peripheral,Stylus Pro,Clinical Note-taking,SignFlow,6/17/2024,3
CUST-0126,34,Non-binary,Manchester NH,Student / Academic,Smart Watch,Pulse Sport,Sleep Analysis,FitCore SaaS,6/17/2024,1
CUST-0029,42,Female,Worcester MA,Patient / Consumer,Smart Watch,Pulse Elite,Fitness Tracking,FitCore SaaS,6/17/2024,4
CUST-0141,55,Male,Worcester MA,Patient / Consumer,Smart Watch,Pulse Elite,Fitness Tracking,FitCore SaaS,6/18/2024,2
CUST-0188,37,Female,Portland ME,Clinical Administrator,Tablet,Tab Pro 12,Clinical Documentation,EduHealth SaaS,6/19/2024,2
CUST-0183,31,Female,Boston MA,Healthcare Professional,Peripheral,BioSensor Band,Remote Monitoring,VitalsNet SaaS,6/19/2024,1
CUST-0224,21,Male,Hartford CT,Research Scientist,Smart Watch,Pulse Elite,Remote Patient Check-in,FitCore SaaS,6/19/2024,1
CUST-0296,25,Male,Providence RI,Field Technician,Tablet,Tab Compact,Patient Intake,InvTrack Pro,6/19/2024,3
CUST-0145,25,Male,Portland ME,Student / Academic,Tablet,Tab Pro 12,Patient Education,EduHealth SaaS,6/19/2024,2
CUST-0320,49,Female,Burlington VT,Patient / Consumer,Smart Watch,Pulse Sport,Fitness Tracking,WellnessCloud,6/19/2024,1
CUST-0347,18,Non-binary,Portland ME,Student / Academic,Smart Watch,Pulse Elite,Remote Patient Check-in,FitCore SaaS,6/19/2024,1
CUST-0388,43,Male,Hartford CT,Field Technician,Tablet,Tab Compact,Field Data Entry,FieldOps SaaS,6/19/2024,1
CUST-0077,44,Male,Burlington VT,Practice Manager,Tablet,Tab Pro 12,Telehealth Consult,TeleDoc Platform,6/20/2024,1
CUST-0217,39,Female,Concord NH,Patient / Consumer,Tablet,Tab Compact,Inventory Management,FieldOps SaaS,6/20/2024,3
CUST-0214,50,Female,Hartford CT,Practice Manager,Peripheral,Charging Dock,Clinical Stations,PowerDesk SaaS,6/20/2024,6
CUST-0394,47,Female,Springfield MA,IT & Technology Staff,Peripheral,Privacy Shield,HIPAA Compliance,SecureView SaaS,6/20/2024,1
CUST-0185,39,Female,Portland ME,Healthcare Professional,Peripheral,BioSensor Band,Remote Monitoring,VitalsNet SaaS,6/20/2024,2
CUST-0405,21,Male,Providence RI,Student / Academic,Smart Watch,Pulse Sport,Fitness Tracking,WellnessCloud,6/20/2024,1
CUST-0288,61,Female,Burlington VT,Patient / Consumer,Smart Watch,Pulse Elite,Remote Patient Check-in,FitCore SaaS,6/20/2024,1
CUST-0080,22,Female,Bridgeport CT,Healthcare Professional,Smart Watch,Pulse Elite,Remote Patient Check-in,FitCore SaaS,6/20/2024,2
CUST-0226,69,Prefer not to say,Portland ME,Patient / Consumer,Smart Watch,Pulse Elite,Remote Patient Check-in,FitCore SaaS,6/20/2024,1
CUST-0211,47,Female,Portland ME,Healthcare Professional,Tablet,Tab Pro 12,Patient Education,ClinicalOS,6/20/2024,1
CUST-0397,24,Prefer not to say,Springfield MA,Healthcare Professional,Smart Watch,Pulse Elite,Fitness Tracking,HealthSync Pro,6/20/2024,2
CUST-0318,30,Male,Concord NH,IT & Technology Staff,Peripheral,Keyboard Fold,Administrative Tasks,AdminFlow SaaS,6/20/2024,1
CUST-0084,26,Male,Springfield MA,Field Technician,Tablet,Tab Studio,Creative Workflow,DataViz Suite,6/20/2024,5
CUST-0195,39,Female,Burlington VT,Clinical Administrator,Peripheral,Privacy Shield,HIPAA Compliance,ComplianceGuard,6/21/2024,5
CUST-0395,29,Female,Worcester MA,Student / Academic,Peripheral,Charging Dock,Multi-Device Charging,PowerDesk SaaS,6/21/2024,1
CUST-0014,20,Female,Springfield MA,Clinical Administrator,Peripheral,Charging Dock,Clinical Stations,PowerDesk SaaS,6/21/2024,3
CUST-0180,60,Female,Concord NH,Research Scientist,Peripheral,Stylus Pro,Digital Annotation,NoteStream SaaS,6/21/2024,2
CUST-0210,80,Female,Burlington VT,Patient / Consumer,Tablet,Tab Studio,Remote Diagnosis,DataViz Suite,6/21/2024,4
CUST-0335,28,Female,Burlington VT,Student / Academic,Peripheral,Keyboard Fold,Remote Input,AdminFlow SaaS,6/21/2024,2
CUST-0063,22,Male,Worcester MA,Field Technician,Tablet,Tab Studio,Remote Diagnosis,DiagnosticAI,6/21/2024,1
CUST-0204,68,Male,Portland ME,Patient / Consumer,Tablet,Tab Studio,Data Visualisation,DiagnosticAI,6/22/2024,2
CUST-0142,30,Female,Hartford CT,Student / Academic,Peripheral,Stylus Pro,Clinical Note-taking,SignFlow,6/23/2024,3
CUST-0359,25,Male,Concord NH,Student / Academic,Peripheral,Keyboard Fold,Remote Input,TeleSetup Pro,6/23/2024,2
CUST-0317,50,Non-binary,Bridgeport CT,Practice Manager,Peripheral,BioSensor Band,Remote Monitoring,VitalsNet SaaS,6/23/2024,2
CUST-0388,43,Male,Hartford CT,Field Technician,Peripheral,Charging Dock,Fleet Management,PowerDesk SaaS,6/23/2024,1
CUST-0222,21,Female,Concord NH,Clinical Administrator,Peripheral,Stylus Pro,E-Signature,SignFlow,6/24/2024,2
CUST-0136,76,Female,Worcester MA,Patient / Consumer,Peripheral,Privacy Shield,HIPAA Compliance,SecureView SaaS,6/24/2024,4
CUST-0181,34,Male,Worcester MA,Field Technician,Peripheral,Charging Dock,Clinical Stations,PowerDesk SaaS,6/24/2024,3
CUST-0354,28,Female,Providence RI,Field Technician,Peripheral,Keyboard Fold,Remote Input,AdminFlow SaaS,6/24/2024,4
CUST-0294,35,Male,Worcester MA,Field Technician,Smart Watch,Pulse Elite,Remote Patient Check-in,HealthSync Pro,6/24/2024,1
CUST-0107,43,Female,Manchester NH,Field Technician,Tablet,Tab Compact,Patient Intake,IntakeFlow,6/24/2024,2
CUST-0385,39,Female,Springfield MA,Patient / Consumer,Peripheral,Keyboard Fold,Telehealth Setup,AdminFlow SaaS,6/24/2024,3
CUST-0146,64,Male,Portland ME,Patient / Consumer,Peripheral,Keyboard Fold,Telehealth Setup,TeleSetup Pro,6/25/2024,3
CUST-0118,33,Male,Manchester NH,Patient / Consumer,Smart Watch,Pulse Sport,Sleep Analysis,WellnessCloud,6/25/2024,2
CUST-0184,26,Male,Manchester NH,Student / Academic,Peripheral,Stylus Pro,Digital Annotation,SignFlow,6/25/2024,4
CUST-0188,37,Female,Portland ME,Clinical Administrator,Peripheral,Charging Dock,Clinical Stations,FleetCharge Pro,6/25/2024,2
CUST-0043,40,Female,Hartford CT,Healthcare Professional,Smart Watch,Pulse Elite,Remote Patient Check-in,HealthSync Pro,6/25/2024,1
CUST-0174,25,Female,Worcester MA,Student / Academic,Peripheral,Privacy Shield,Secure Display,ComplianceGuard,6/25/2024,2
CUST-0033,29,Female,Worcester MA,Field Technician,Smart Watch,Pulse Elite,Health Monitoring,HealthSync Pro,6/25/2024,1
CUST-0350,31,Male,Boston MA,IT & Technology Staff,Peripheral,Wireless Hub,Clinic Network,ClinicHub Pro,6/25/2024,1
CUST-0272,29,Male,Portland ME,Practice Manager,Peripheral,Charging Dock,Multi-Device Charging,FleetCharge Pro,6/25/2024,6
CUST-0230,62,Female,Providence RI,Patient / Consumer,Tablet,Tab Studio,Creative Workflow,DiagnosticAI,6/25/2024,1
CUST-0146,64,Male,Portland ME,Patient / Consumer,Smart Watch,Pulse Sport,Sleep Analysis,WellnessCloud,6/26/2024,1
CUST-0103,38,Male,Worcester MA,Healthcare Professional,Tablet,Tab Studio,Data Visualisation,DiagnosticAI,6/26/2024,1
CUST-0191,29,Prefer not to say,Manchester NH,IT & Technology Staff,Peripheral,Wireless Hub,Data Aggregation,MeshConnect SaaS,6/26/2024,3
CUST-0089,28,Female,Burlington VT,IT & Technology Staff,Peripheral,Charging Dock,Multi-Device Charging,PowerDesk SaaS,6/26/2024,2
CUST-0024,23,Female,Concord NH,Research Scientist,Tablet,Tab Studio,Creative Workflow,DesignHub SaaS,6/26/2024,1
CUST-0028,36,Male,Portland ME,IT & Technology Staff,Tablet,Tab Studio,Creative Workflow,DataViz Suite,6/27/2024,1
CUST-0241,36,Non-binary,Burlington VT,Practice Manager,Tablet,Tab Pro 12,Clinical Documentation,TeleDoc Platform,6/27/2024,2
CUST-0031,37,Male,Boston MA,Practice Manager,Peripheral,Privacy Shield,HIPAA Compliance,SecureView SaaS,6/27/2024,3
CUST-0087,28,Non-binary,Portland ME,Student / Academic,Tablet,Tab Studio,Data Visualisation,DiagnosticAI,6/27/2024,1
CUST-0303,44,Female,Bridgeport CT,Clinical Administrator,Tablet,Tab Pro 12,Clinical Documentation,EduHealth SaaS,6/27/2024,1
CUST-0139,39,Female,Burlington VT,IT & Technology Staff,Peripheral,Wireless Hub,Clinic Network,MeshConnect SaaS,6/27/2024,1
CUST-0002,34,Male,Manchester NH,Research Scientist,Peripheral,BioSensor Band,Vitals Streaming,VitalsNet SaaS,6/28/2024,4
CUST-0057,28,Male,Boston MA,Research Scientist,Peripheral,Wireless Hub,Data Aggregation,MeshConnect SaaS,6/28/2024,1
CUST-0343,46,Male,Burlington VT,Practice Manager,Peripheral,Charging Dock,Clinical Stations,PowerDesk SaaS,6/28/2024,3
CUST-0258,34,Female,Concord NH,Healthcare Professional,Tablet,Tab Pro 12,Telehealth Consult,ClinicalOS,6/28/2024,1
CUST-0231,36,Male,Boston MA,Practice Manager,Peripheral,Keyboard Fold,Remote Input,AdminFlow SaaS,6/28/2024,1
CUST-0082,41,Female,Manchester NH,Clinical Administrator,Peripheral,Wireless Hub,Device Pairing,MeshConnect SaaS,6/29/2024,2
CUST-0083,51,Female,Portland ME,Clinical Administrator,Peripheral,Wireless Hub,Data Aggregation,ClinicHub Pro,6/30/2024,2
CUST-0127,36,Male,Burlington VT,Patient / Consumer,Peripheral,Keyboard Fold,Telehealth Setup,AdminFlow SaaS,6/30/2024,3
CUST-0352,51,Male,Bridgeport CT,Clinical Administrator,Peripheral,Keyboard Fold,Administrative Tasks,TeleSetup Pro,6/30/2024,4
CUST-0086,33,Male,Springfield MA,Clinical Administrator,Tablet,Tab Compact,Field Data Entry,IntakeFlow,7/1/2024,2
CUST-0258,34,Female,Concord NH,Healthcare Professional,Peripheral,BioSensor Band,Remote Monitoring,VitalsNet SaaS,7/1/2024,1
CUST-0086,33,Male,Springfield MA,Clinical Administrator,Peripheral,Charging Dock,Fleet Management,FleetCharge Pro,7/2/2024,2
CUST-0354,28,Female,Providence RI,Field Technician,Peripheral,Charging Dock,Clinical Stations,PowerDesk SaaS,7/2/2024,2
CUST-0008,39,Female,Concord NH,IT & Technology Staff,Tablet,Tab Studio,Remote Diagnosis,DesignHub SaaS,7/2/2024,3
CUST-0416,31,Male,Manchester NH,Clinical Administrator,Smart Watch,Pulse Sport,Activity Logging,FitCore SaaS,7/3/2024,1
CUST-0033,29,Female,Worcester MA,Field Technician,Tablet,Tab Compact,Inventory Management,InvTrack Pro,7/3/2024,1
CUST-0241,36,Non-binary,Burlington VT,Practice Manager,Peripheral,Charging Dock,Fleet Management,FleetCharge Pro,7/3/2024,5
CUST-0397,24,Prefer not to say,Springfield MA,Healthcare Professional,Smart Watch,Pulse Elite,Health Monitoring,HealthSync Pro,7/3/2024,1
CUST-0307,38,Prefer not to say,Manchester NH,Field Technician,Peripheral,Keyboard Fold,Telehealth Setup,TeleSetup Pro,7/3/2024,4
CUST-0255,27,Male,Hartford CT,Patient / Consumer,Peripheral,Charging Dock,Clinical Stations,FleetCharge Pro,7/4/2024,3
CUST-0280,32,Prefer not to say,Manchester NH,Research Scientist,Peripheral,BioSensor Band,Vitals Streaming,BioStream API,7/4/2024,5
CUST-0415,57,Male,Bridgeport CT,Patient / Consumer,Peripheral,Stylus Pro,E-Signature,SignFlow,7/4/2024,3
CUST-0414,56,Female,Worcester MA,Practice Manager,Tablet,Tab Pro 12,Telehealth Consult,ClinicalOS,7/4/2024,1
CUST-0353,39,Male,Concord NH,IT & Technology Staff,Peripheral,Charging Dock,Multi-Device Charging,PowerDesk SaaS,7/4/2024,3
CUST-0347,18,Non-binary,Portland ME,Student / Academic,Peripheral,Charging Dock,Fleet Management,PowerDesk SaaS,7/4/2024,2
CUST-0032,54,Male,Providence RI,Clinical Administrator,Peripheral,Privacy Shield,Screen Privacy,SecureView SaaS,7/4/2024,6
CUST-0039,30,Male,Burlington VT,Practice Manager,Tablet,Tab Compact,Patient Intake,FieldOps SaaS,7/4/2024,2
CUST-0226,69,Prefer not to say,Portland ME,Patient / Consumer,Peripheral,Stylus Pro,E-Signature,SignFlow,7/4/2024,2
CUST-0298,25,Female,Hartford CT,Student / Academic,Tablet,Tab Studio,Data Visualisation,DiagnosticAI,7/4/2024,3
CUST-0373,56,Male,Worcester MA,Healthcare Professional,Peripheral,Stylus Pro,Clinical Note-taking,SignFlow,7/5/2024,4
CUST-0341,19,Male,Worcester MA,Student / Academic,Smart Watch,Pulse Sport,Activity Logging,WellnessCloud,7/5/2024,1
CUST-0386,31,Male,Manchester NH,Field Technician,Tablet,Tab Pro 12,Telehealth Consult,EduHealth SaaS,7/5/2024,1
CUST-0010,42,Male,Manchester NH,Clinical Administrator,Tablet,Tab Pro 12,Patient Education,ClinicalOS,7/5/2024,2
CUST-0388,43,Male,Hartford CT,Field Technician,Peripheral,Charging Dock,Multi-Device Charging,FleetCharge Pro,7/5/2024,4
CUST-0207,33,Male,Hartford CT,Field Technician,Peripheral,BioSensor Band,Vitals Streaming,BioStream API,7/6/2024,1
CUST-0053,37,Male,Portland ME,Practice Manager,Peripheral,Stylus Pro,E-Signature,NoteStream SaaS,7/6/2024,1
CUST-0168,43,Male,Springfield MA,Field Technician,Tablet,Tab Studio,Remote Diagnosis,DataViz Suite,7/6/2024,2
CUST-0150,38,Female,Worcester MA,Research Scientist,Smart Watch,Pulse Elite,Remote Patient Check-in,HealthSync Pro,7/6/2024,2
CUST-0301,26,Male,Burlington VT,IT & Technology Staff,Smart Watch,Pulse Sport,Fitness Tracking,FitCore SaaS,7/8/2024,1
CUST-0035,65,Prefer not to say,Boston MA,Patient / Consumer,Smart Watch,Pulse Elite,Remote Patient Check-in,FitCore SaaS,7/8/2024,1
CUST-0167,52,Male,Portland ME,Practice Manager,Peripheral,BioSensor Band,Continuous Glucose Monitor,BioStream API,7/8/2024,3
CUST-0154,46,Male,Portland ME,Practice Manager,Peripheral,Charging Dock,Clinical Stations,PowerDesk SaaS,7/8/2024,1
CUST-0210,80,Female,Burlington VT,Patient / Consumer,Tablet,Tab Pro 12,Telehealth Consult,ClinicalOS,7/8/2024,1
CUST-0329,61,Female,Providence RI,Patient / Consumer,Peripheral,Stylus Pro,Digital Annotation,SignFlow,7/10/2024,2
CUST-0330,43,Non-binary,Boston MA,Clinical Administrator,Peripheral,Privacy Shield,HIPAA Compliance,ComplianceGuard,7/10/2024,1
CUST-0320,49,Female,Burlington VT,Patient / Consumer,Peripheral,BioSensor Band,Remote Monitoring,VitalsNet SaaS,7/10/2024,5
CUST-0133,31,Female,Bridgeport CT,Healthcare Professional,Peripheral,Charging Dock,Clinical Stations,PowerDesk SaaS,7/10/2024,3
CUST-0138,30,Male,Worcester MA,IT & Technology Staff,Peripheral,Charging Dock,Clinical Stations,PowerDesk SaaS,7/10/2024,1
CUST-0388,43,Male,Hartford CT,Field Technician,Tablet,Tab Compact,Patient Intake,InvTrack Pro,7/10/2024,3
CUST-0280,32,Prefer not to say,Manchester NH,Research Scientist,Tablet,Tab Studio,Data Visualisation,DiagnosticAI,7/10/2024,4
CUST-0359,25,Male,Concord NH,Student / Academic,Peripheral,Keyboard Fold,Telehealth Setup,TeleSetup Pro,7/11/2024,4
CUST-0332,19,Female,Manchester NH,Student / Academic,Peripheral,Stylus Pro,Digital Annotation,NoteStream SaaS,7/11/2024,2
CUST-0124,29,Male,Bridgeport CT,Patient / Consumer,Tablet,Tab Studio,Creative Workflow,DesignHub SaaS,7/12/2024,1
CUST-0105,31,Female,Burlington VT,IT & Technology Staff,Peripheral,Privacy Shield,HIPAA Compliance,ComplianceGuard,7/12/2024,1
CUST-0029,42,Female,Worcester MA,Patient / Consumer,Peripheral,BioSensor Band,Remote Monitoring,BioStream API,7/12/2024,1
CUST-0375,65,Female,Bridgeport CT,Practice Manager,Peripheral,Keyboard Fold,Remote Input,AdminFlow SaaS,7/12/2024,5
CUST-0370,31,Female,Boston MA,Clinical Administrator,Peripheral,Keyboard Fold,Remote Input,AdminFlow SaaS,7/12/2024,1
CUST-0030,27,Male,Providence RI,Field Technician,Tablet,Tab Compact,Patient Intake,IntakeFlow,7/12/2024,1
CUST-0412,24,Female,Boston MA,IT & Technology Staff,Peripheral,Privacy Shield,HIPAA Compliance,SecureView SaaS,7/12/2024,2
CUST-0065,45,Male,Concord NH,Clinical Administrator,Smart Watch,Pulse Sport,Fitness Tracking,FitCore SaaS,7/13/2024,2
CUST-0364,39,Prefer not to say,Springfield MA,Research Scientist,Tablet,Tab Studio,Creative Workflow,DataViz Suite,7/13/2024,1
CUST-0419,53,Male,Springfield MA,Healthcare Professional,Peripheral,Privacy Shield,Screen Privacy,ComplianceGuard,7/14/2024,2
CUST-0312,41,Male,Manchester NH,IT & Technology Staff,Smart Watch,Pulse Elite,Fitness Tracking,HealthSync Pro,7/14/2024,2
CUST-0305,41,Female,Portland ME,Healthcare Professional,Peripheral,Stylus Pro,Digital Annotation,NoteStream SaaS,7/14/2024,2
CUST-0135,19,Female,Manchester NH,Student / Academic,Smart Watch,Pulse Sport,Fitness Tracking,FitCore SaaS,7/15/2024,1
CUST-0281,45,Non-binary,Providence RI,Practice Manager,Tablet,Tab Studio,Data Visualisation,DiagnosticAI,7/15/2024,1
CUST-0233,24,Male,Boston MA,Student / Academic,Peripheral,Stylus Pro,Clinical Note-taking,NoteStream SaaS,7/15/2024,3
CUST-0037,55,Female,Concord NH,Patient / Consumer,Peripheral,BioSensor Band,Remote Monitoring,BioStream API,7/15/2024,3
CUST-0094,35,Female,Concord NH,Clinical Administrator,Peripheral,Wireless Hub,Data Aggregation,ClinicHub Pro,7/15/2024,4
CUST-0216,64,Male,Portland ME,Patient / Consumer,Tablet,Tab Studio,Data Visualisation,DiagnosticAI,7/15/2024,1
CUST-0056,46,Female,Boston MA,Clinical Administrator,Peripheral,Wireless Hub,Device Pairing,ClinicHub Pro,7/15/2024,4
CUST-0035,65,Prefer not to say,Boston MA,Patient / Consumer,Peripheral,Stylus Pro,Digital Annotation,NoteStream SaaS,7/15/2024,4
CUST-0118,33,Male,Manchester NH,Patient / Consumer,Smart Watch,Pulse Sport,Activity Logging,WellnessCloud,7/15/2024,1
CUST-0352,51,Male,Bridgeport CT,Clinical Administrator,Tablet,Tab Compact,Inventory Management,FieldOps SaaS,7/15/2024,1
CUST-0417,76,Female,Springfield MA,Patient / Consumer,Smart Watch,Pulse Elite,Health Monitoring,FitCore SaaS,7/16/2024,1
CUST-0324,62,Prefer not to say,Worcester MA,Healthcare Professional,Tablet,Tab Pro 12,Telehealth Consult,ClinicalOS,7/16/2024,1
CUST-0143,21,Female,Providence RI,Research Scientist,Peripheral,Privacy Shield,Screen Privacy,ComplianceGuard,7/16/2024,2
CUST-0245,27,Male,Providence RI,Clinical Administrator,Peripheral,Charging Dock,Clinical Stations,PowerDesk SaaS,7/16/2024,3
CUST-0346,44,Female,Bridgeport CT,Healthcare Professional,Peripheral,Keyboard Fold,Remote Input,TeleSetup Pro,7/16/2024,3
CUST-0325,35,Male,Boston MA,Patient / Consumer,Smart Watch,Pulse Sport,Fitness Tracking,FitCore SaaS,7/16/2024,1
CUST-0162,51,Male,Burlington VT,Practice Manager,Peripheral,Charging Dock,Multi-Device Charging,PowerDesk SaaS,7/16/2024,1
CUST-0106,36,Female,Bridgeport CT,IT & Technology Staff,Tablet,Tab Pro 12,Telehealth Consult,TeleDoc Platform,7/17/2024,1
CUST-0201,47,Female,Worcester MA,Practice Manager,Peripheral,Wireless Hub,Device Pairing,MeshConnect SaaS,7/17/2024,1
CUST-0012,44,Female,Hartford CT,Patient / Consumer,Peripheral,BioSensor Band,Remote Monitoring,VitalsNet SaaS,7/17/2024,4
CUST-0388,43,Male,Hartford CT,Field Technician,Tablet,Tab Compact,Field Data Entry,FieldOps SaaS,7/17/2024,1
CUST-0242,29,Male,Springfield MA,Field Technician,Peripheral,Charging Dock,Clinical Stations,FleetCharge Pro,7/17/2024,2
CUST-0384,21,Male,Springfield MA,Student / Academic,Peripheral,BioSensor Band,Remote Monitoring,BioStream API,7/18/2024,2
CUST-0222,21,Female,Concord NH,Clinical Administrator,Tablet,Tab Compact,Patient Intake,InvTrack Pro,7/18/2024,3
CUST-0288,61,Female,Burlington VT,Patient / Consumer,Smart Watch,Pulse Sport,Activity Logging,WellnessCloud,7/18/2024,1
CUST-0297,52,Prefer not to say,Providence RI,Practice Manager,Peripheral,Keyboard Fold,Remote Input,TeleSetup Pro,7/19/2024,6
CUST-0251,24,Male,Bridgeport CT,Research Scientist,Peripheral,BioSensor Band,Continuous Glucose Monitor,VitalsNet SaaS,7/19/2024,4
CUST-0217,39,Female,Concord NH,Patient / Consumer,Peripheral,Keyboard Fold,Administrative Tasks,AdminFlow SaaS,7/19/2024,2
CUST-0324,62,Prefer not to say,Worcester MA,Healthcare Professional,Tablet,Tab Pro 12,Clinical Documentation,TeleDoc Platform,7/21/2024,1
CUST-0110,32,Male,Boston MA,IT & Technology Staff,Peripheral,Charging Dock,Clinical Stations,PowerDesk SaaS,7/21/2024,1
CUST-0038,20,Male,Providence RI,Clinical Administrator,Tablet,Tab Pro 12,Telehealth Consult,TeleDoc Platform,7/21/2024,1
CUST-0114,47,Prefer not to say,Providence RI,Field Technician,Tablet,Tab Compact,Patient Intake,IntakeFlow,7/22/2024,1
CUST-0081,31,Male,Bridgeport CT,IT & Technology Staff,Smart Watch,Pulse Sport,Activity Logging,WellnessCloud,7/22/2024,2
CUST-0048,41,Male,Hartford CT,IT & Technology Staff,Peripheral,Stylus Pro,Digital Annotation,NoteStream SaaS,7/22/2024,3
CUST-0089,28,Female,Burlington VT,IT & Technology Staff,Peripheral,Privacy Shield,HIPAA Compliance,ComplianceGuard,7/22/2024,3
CUST-0233,24,Male,Boston MA,Student / Academic,Peripheral,Privacy Shield,Screen Privacy,SecureView SaaS,7/22/2024,3
CUST-0258,34,Female,Concord NH,Healthcare Professional,Peripheral,Wireless Hub,Device Pairing,ClinicHub Pro,7/23/2024,2
CUST-0015,18,Female,Manchester NH,Student / Academic,Smart Watch,Pulse Sport,Fitness Tracking,WellnessCloud,7/23/2024,1
CUST-0418,45,Female,Burlington VT,Practice Manager,Peripheral,BioSensor Band,Continuous Glucose Monitor,VitalsNet SaaS,7/23/2024,1
CUST-0334,27,Male,Bridgeport CT,IT & Technology Staff,Tablet,Tab Studio,Data Visualisation,DataViz Suite,7/23/2024,2
CUST-0264,22,Female,Hartford CT,Field Technician,Peripheral,Keyboard Fold,Telehealth Setup,TeleSetup Pro,7/23/2024,1
CUST-0370,31,Female,Boston MA,Clinical Administrator,Tablet,Tab Pro 12,Telehealth Consult,EduHealth SaaS,7/24/2024,1
CUST-0185,39,Female,Portland ME,Healthcare Professional,Peripheral,Privacy Shield,HIPAA Compliance,SecureView SaaS,7/24/2024,4
CUST-0194,26,Female,Portland ME,Clinical Administrator,Smart Watch,Pulse Elite,Fitness Tracking,HealthSync Pro,7/25/2024,1
CUST-0215,40,Female,Manchester NH,Practice Manager,Peripheral,Wireless Hub,Clinic Network,ClinicHub Pro,7/25/2024,4
CUST-0380,24,Female,Hartford CT,Field Technician,Peripheral,Privacy Shield,Secure Display,SecureView SaaS,7/25/2024,3
CUST-0190,20,Female,Manchester NH,IT & Technology Staff,Peripheral,Privacy Shield,HIPAA Compliance,SecureView SaaS,7/25/2024,2
CUST-0143,21,Female,Providence RI,Research Scientist,Peripheral,BioSensor Band,Continuous Glucose Monitor,BioStream API,7/25/2024,2
CUST-0101,23,Female,Portland ME,Research Scientist,Peripheral,Wireless Hub,Clinic Network,MeshConnect SaaS,7/25/2024,3
CUST-0094,35,Female,Concord NH,Clinical Administrator,Tablet,Tab Pro 12,Patient Education,ClinicalOS,7/25/2024,2
CUST-0205,25,Male,Hartford CT,Clinical Administrator,Peripheral,Keyboard Fold,Telehealth Setup,AdminFlow SaaS,7/25/2024,2
CUST-0053,37,Male,Portland ME,Practice Manager,Peripheral,Keyboard Fold,Administrative Tasks,AdminFlow SaaS,7/26/2024,4
CUST-0367,25,Female,Springfield MA,Student / Academic,Peripheral,Stylus Pro,E-Signature,SignFlow,7/26/2024,6
CUST-0283,77,Male,Hartford CT,Patient / Consumer,Smart Watch,Pulse Sport,Fitness Tracking,WellnessCloud,7/28/2024,3
CUST-0408,36,Female,Portland ME,Clinical Administrator,Peripheral,Charging Dock,Clinical Stations,PowerDesk SaaS,7/28/2024,3
CUST-0132,36,Male,Worcester MA,Research Scientist,Peripheral,BioSensor Band,Remote Monitoring,VitalsNet SaaS,7/29/2024,2
CUST-0005,39,Female,Bridgeport CT,Healthcare Professional,Peripheral,Stylus Pro,E-Signature,SignFlow,7/29/2024,4
CUST-0223,44,Female,Providence RI,Clinical Administrator,Peripheral,BioSensor Band,Continuous Glucose Monitor,VitalsNet SaaS,7/29/2024,2
CUST-0405,21,Male,Providence RI,Student / Academic,Peripheral,Wireless Hub,Data Aggregation,MeshConnect SaaS,7/29/2024,1
CUST-0307,38,Prefer not to say,Manchester NH,Field Technician,Smart Watch,Pulse Sport,Sleep Analysis,WellnessCloud,7/29/2024,1
CUST-0269,37,Female,Concord NH,Healthcare Professional,Peripheral,Keyboard Fold,Administrative Tasks,TeleSetup Pro,7/29/2024,2
CUST-0131,24,Male,Springfield MA,Clinical Administrator,Tablet,Tab Pro 12,Patient Education,EduHealth SaaS,7/30/2024,1
CUST-0253,49,Male,Providence RI,IT & Technology Staff,Tablet,Tab Pro 12,Patient Education,EduHealth SaaS,7/30/2024,1
CUST-0238,54,Male,Portland ME,Patient / Consumer,Smart Watch,Pulse Sport,Sleep Analysis,WellnessCloud,7/30/2024,2
CUST-0233,24,Male,Boston MA,Student / Academic,Smart Watch,Pulse Elite,Remote Patient Check-in,HealthSync Pro,7/30/2024,1
CUST-0311,31,Male,Worcester MA,IT & Technology Staff,Tablet,Tab Studio,Remote Diagnosis,DiagnosticAI,7/30/2024,1
CUST-0311,31,Male,Worcester MA,IT & Technology Staff,Peripheral,Wireless Hub,Clinic Network,ClinicHub Pro,7/30/2024,1
CUST-0372,26,Male,Burlington VT,Student / Academic,Smart Watch,Pulse Elite,Health Monitoring,HealthSync Pro,7/31/2024,4
CUST-0016,36,Female,Burlington VT,Healthcare Professional,Smart Watch,Pulse Sport,Fitness Tracking,WellnessCloud,7/31/2024,1
CUST-0288,61,Female,Burlington VT,Patient / Consumer,Smart Watch,Pulse Sport,Sleep Analysis,FitCore SaaS,7/31/2024,1
CUST-0146,64,Male,Portland ME,Patient / Consumer,Peripheral,BioSensor Band,Remote Monitoring,VitalsNet SaaS,7/31/2024,1
CUST-0178,44,Female,Providence RI,IT & Technology Staff,Peripheral,Stylus Pro,Digital Annotation,NoteStream SaaS,7/31/2024,1
CUST-0128,36,Male,Worcester MA,Healthcare Professional,Smart Watch,Pulse Sport,Sleep Analysis,FitCore SaaS,7/31/2024,3
CUST-0142,30,Female,Hartford CT,Student / Academic,Peripheral,Wireless Hub,Clinic Network,ClinicHub Pro,7/31/2024,1
CUST-0051,38,Female,Worcester MA,Research Scientist,Peripheral,BioSensor Band,Remote Monitoring,VitalsNet SaaS,7/31/2024,2
CUST-0110,32,Male,Boston MA,IT & Technology Staff,Peripheral,Charging Dock,Clinical Stations,PowerDesk SaaS,8/1/2024,1
CUST-0212,48,Male,Worcester MA,Clinical Administrator,Peripheral,Wireless Hub,Data Aggregation,ClinicHub Pro,8/1/2024,4
CUST-0202,37,Female,Burlington VT,IT & Technology Staff,Tablet,Tab Pro 12,Clinical Documentation,TeleDoc Platform,8/1/2024,1
CUST-0041,63,Female,Bridgeport CT,Patient / Consumer,Smart Watch,Pulse Sport,Fitness Tracking,FitCore SaaS,8/1/2024,2
CUST-0071,45,Prefer not to say,Portland ME,Healthcare Professional,Smart Watch,Pulse Elite,Remote Patient Check-in,FitCore SaaS,8/1/2024,2
CUST-0405,21,Male,Providence RI,Student / Academic,Tablet,Tab Compact,Patient Intake,IntakeFlow,8/2/2024,2
CUST-0194,26,Female,Portland ME,Clinical Administrator,Tablet,Tab Pro 12,Patient Education,TeleDoc Platform,8/2/2024,1
CUST-0274,44,Female,Portland ME,Practice Manager,Peripheral,Keyboard Fold,Remote Input,AdminFlow SaaS,8/2/2024,4
CUST-0328,43,Female,Springfield MA,Research Scientist,Peripheral,Stylus Pro,Clinical Note-taking,SignFlow,8/2/2024,6
CUST-0069,47,Female,Bridgeport CT,Practice Manager,Tablet,Tab Pro 12,Clinical Documentation,ClinicalOS,8/2/2024,1
CUST-0042,37,Male,Providence RI,Research Scientist,Peripheral,Charging Dock,Fleet Management,FleetCharge Pro,8/2/2024,2
CUST-0141,55,Male,Worcester MA,Patient / Consumer,Peripheral,Keyboard Fold,Telehealth Setup,AdminFlow SaaS,8/2/2024,6
CUST-0124,29,Male,Bridgeport CT,Patient / Consumer,Peripheral,BioSensor Band,Continuous Glucose Monitor,VitalsNet SaaS,8/3/2024,2
CUST-0005,39,Female,Bridgeport CT,Healthcare Professional,Peripheral,Charging Dock,Fleet Management,PowerDesk SaaS,8/3/2024,1
CUST-0096,28,Female,Bridgeport CT,Patient / Consumer,Peripheral,Keyboard Fold,Administrative Tasks,AdminFlow SaaS,8/5/2024,1
CUST-0380,24,Female,Hartford CT,Field Technician,Peripheral,Keyboard Fold,Administrative Tasks,AdminFlow SaaS,8/5/2024,4
CUST-0090,49,Male,Manchester NH,Practice Manager,Peripheral,Charging Dock,Fleet Management,PowerDesk SaaS,8/5/2024,1
CUST-0200,27,Male,Concord NH,Clinical Administrator,Tablet,Tab Studio,Remote Diagnosis,DiagnosticAI,8/5/2024,1
CUST-0331,51,Female,Boston MA,Patient / Consumer,Peripheral,BioSensor Band,Continuous Glucose Monitor,VitalsNet SaaS,8/6/2024,4
CUST-0406,37,Female,Worcester MA,IT & Technology Staff,Tablet,Tab Pro 12,Telehealth Consult,ClinicalOS,8/6/2024,1
CUST-0080,22,Female,Bridgeport CT,Healthcare Professional,Peripheral,Privacy Shield,Screen Privacy,SecureView SaaS,8/6/2024,1
CUST-0115,34,Female,Providence RI,Research Scientist,Peripheral,Stylus Pro,E-Signature,SignFlow,8/6/2024,1
CUST-0174,25,Female,Worcester MA,Student / Academic,Peripheral,Stylus Pro,Digital Annotation,NoteStream SaaS,8/6/2024,3
CUST-0010,42,Male,Manchester NH,Clinical Administrator,Peripheral,Wireless Hub,Device Pairing,ClinicHub Pro,8/6/2024,3
CUST-0407,28,Male,Boston MA,Clinical Administrator,Tablet,Tab Pro 12,Telehealth Consult,EduHealth SaaS,8/6/2024,1
CUST-0329,61,Female,Providence RI,Patient / Consumer,Peripheral,Charging Dock,Multi-Device Charging,FleetCharge Pro,8/6/2024,4
CUST-0227,53,Male,Providence RI,Patient / Consumer,Peripheral,Wireless Hub,Device Pairing,MeshConnect SaaS,8/7/2024,2
CUST-0024,23,Female,Concord NH,Research Scientist,Peripheral,BioSensor Band,Remote Monitoring,BioStream API,8/7/2024,1
CUST-0352,51,Male,Bridgeport CT,Clinical Administrator,Tablet,Tab Pro 12,Patient Education,ClinicalOS,8/7/2024,4
CUST-0286,18,Female,Burlington VT,IT & Technology Staff,Peripheral,Wireless Hub,Device Pairing,MeshConnect SaaS,8/7/2024,4
CUST-0407,28,Male,Boston MA,Clinical Administrator,Peripheral,BioSensor Band,Remote Monitoring,BioStream API,8/7/2024,3
CUST-0230,62,Female,Providence RI,Patient / Consumer,Peripheral,Stylus Pro,Clinical Note-taking,SignFlow,8/8/2024,3
CUST-0099,33,Male,Manchester NH,IT & Technology Staff,Peripheral,Privacy Shield,Screen Privacy,SecureView SaaS,8/8/2024,1
CUST-0352,51,Male,Bridgeport CT,Clinical Administrator,Peripheral,BioSensor Band,Vitals Streaming,VitalsNet SaaS,8/8/2024,1
CUST-0405,21,Male,Providence RI,Student / Academic,Tablet,Tab Pro 12,Patient Education,ClinicalOS,8/8/2024,5
CUST-0287,28,Male,Bridgeport CT,Field Technician,Smart Watch,Pulse Sport,Fitness Tracking,WellnessCloud,8/9/2024,1
CUST-0406,37,Female,Worcester MA,IT & Technology Staff,Peripheral,Wireless Hub,Data Aggregation,ClinicHub Pro,8/9/2024,1
CUST-0240,43,Female,Worcester MA,Research Scientist,Smart Watch,Pulse Sport,Sleep Analysis,WellnessCloud,8/9/2024,1
CUST-0097,44,Female,Bridgeport CT,Healthcare Professional,Peripheral,Privacy Shield,Screen Privacy,SecureView SaaS,8/9/2024,3
CUST-0311,31,Male,Worcester MA,IT & Technology Staff,Tablet,Tab Pro 12,Patient Education,EduHealth SaaS,8/9/2024,2
CUST-0149,49,Male,Springfield MA,Practice Manager,Tablet,Tab Compact,Field Data Entry,FieldOps SaaS,8/9/2024,1
CUST-0241,36,Non-binary,Burlington VT,Practice Manager,Peripheral,Charging Dock,Multi-Device Charging,PowerDesk SaaS,8/9/2024,2
CUST-0073,35,Female,Boston MA,Research Scientist,Peripheral,Keyboard Fold,Remote Input,AdminFlow SaaS,8/9/2024,2
CUST-0284,31,Male,Bridgeport CT,Practice Manager,Tablet,Tab Compact,Inventory Management,FieldOps SaaS,8/9/2024,1
CUST-0068,68,Female,Manchester NH,Patient / Consumer,Peripheral,Privacy Shield,HIPAA Compliance,SecureView SaaS,8/9/2024,1
CUST-0002,34,Male,Manchester NH,Research Scientist,Tablet,Tab Compact,Patient Intake,IntakeFlow,8/10/2024,3
CUST-0184,26,Male,Manchester NH,Student / Academic,Peripheral,Privacy Shield,Secure Display,ComplianceGuard,8/10/2024,3
CUST-0363,40,Male,Concord NH,Healthcare Professional,Peripheral,BioSensor Band,Remote Monitoring,VitalsNet SaaS,8/10/2024,2
CUST-0170,24,Female,Concord NH,Field Technician,Tablet,Tab Compact,Patient Intake,InvTrack Pro,8/10/2024,2
CUST-0104,39,Male,Concord NH,Patient / Consumer,Peripheral,Charging Dock,Clinical Stations,PowerDesk SaaS,8/10/2024,4
CUST-0233,24,Male,Boston MA,Student / Academic,Smart Watch,Pulse Elite,Health Monitoring,HealthSync Pro,8/10/2024,3
CUST-0085,28,Female,Boston MA,Research Scientist,Smart Watch,Pulse Elite,Remote Patient Check-in,FitCore SaaS,8/10/2024,1
CUST-0362,51,Female,Springfield MA,Clinical Administrator,Tablet,Tab Compact,Patient Intake,InvTrack Pro,8/11/2024,1
CUST-0103,38,Male,Worcester MA,Healthcare Professional,Smart Watch,Pulse Sport,Sleep Analysis,WellnessCloud,8/11/2024,1
CUST-0411,44,Female,Providence RI,Clinical Administrator,Peripheral,Keyboard Fold,Telehealth Setup,TeleSetup Pro,8/11/2024,3
CUST-0277,39,Male,Springfield MA,Clinical Administrator,Peripheral,Wireless Hub,Device Pairing,ClinicHub Pro,8/11/2024,2
CUST-0044,38,Male,Concord NH,Healthcare Professional,Peripheral,Stylus Pro,Digital Annotation,NoteStream SaaS,8/12/2024,1
CUST-0112,23,Male,Portland ME,Student / Academic,Smart Watch,Pulse Sport,Sleep Analysis,FitCore SaaS,8/12/2024,1
CUST-0128,36,Male,Worcester MA,Healthcare Professional,Peripheral,Stylus Pro,Clinical Note-taking,SignFlow,8/12/2024,2
CUST-0218,41,Female,Concord NH,Practice Manager,Tablet,Tab Compact,Field Data Entry,IntakeFlow,8/12/2024,2
CUST-0306,53,Prefer not to say,Manchester NH,Patient / Consumer,Peripheral,BioSensor Band,Continuous Glucose Monitor,BioStream API,8/12/2024,1
CUST-0046,31,Male,Hartford CT,Clinical Administrator,Peripheral,Charging Dock,Fleet Management,FleetCharge Pro,8/12/2024,3
CUST-0371,33,Male,Portland ME,IT & Technology Staff,Tablet,Tab Pro 12,Clinical Documentation,ClinicalOS,8/12/2024,1
CUST-0148,30,Female,Manchester NH,Practice Manager,Tablet,Tab Studio,Data Visualisation,DiagnosticAI,8/13/2024,2
CUST-0071,45,Prefer not to say,Portland ME,Healthcare Professional,Tablet,Tab Pro 12,Patient Education,ClinicalOS,8/13/2024,2
CUST-0127,36,Male,Burlington VT,Patient / Consumer,Smart Watch,Pulse Sport,Activity Logging,WellnessCloud,8/14/2024,1
CUST-0034,22,Female,Hartford CT,Field Technician,Peripheral,Keyboard Fold,Administrative Tasks,TeleSetup Pro,8/14/2024,3
CUST-0141,55,Male,Worcester MA,Patient / Consumer,Tablet,Tab Studio,Data Visualisation,DiagnosticAI,8/14/2024,1
CUST-0392,42,Male,Manchester NH,Clinical Administrator,Tablet,Tab Compact,Field Data Entry,IntakeFlow,8/14/2024,1
CUST-0223,44,Female,Providence RI,Clinical Administrator,Tablet,Tab Pro 12,Clinical Documentation,TeleDoc Platform,8/15/2024,1
CUST-0130,26,Female,Bridgeport CT,Field Technician,Tablet,Tab Compact,Inventory Management,FieldOps SaaS,8/15/2024,1
CUST-0019,25,Male,Portland ME,IT & Technology Staff,Smart Watch,Pulse Sport,Activity Logging,WellnessCloud,8/15/2024,1
CUST-0197,33,Male,Worcester MA,Healthcare Professional,Peripheral,Wireless Hub,Data Aggregation,MeshConnect SaaS,8/15/2024,3
CUST-0119,37,Female,Hartford CT,Field Technician,Peripheral,Wireless Hub,Device Pairing,ClinicHub Pro,8/15/2024,3
CUST-0215,40,Female,Manchester NH,Practice Manager,Peripheral,Wireless Hub,Device Pairing,MeshConnect SaaS,8/15/2024,4
CUST-0195,39,Female,Burlington VT,Clinical Administrator,Peripheral,Wireless Hub,Data Aggregation,MeshConnect SaaS,8/15/2024,2
CUST-0398,73,Male,Springfield MA,Patient / Consumer,Peripheral,Keyboard Fold,Remote Input,AdminFlow SaaS,8/15/2024,1
CUST-0344,26,Female,Concord NH,Field Technician,Tablet,Tab Compact,Field Data Entry,IntakeFlow,8/16/2024,1
CUST-0029,42,Female,Worcester MA,Patient / Consumer,Peripheral,Privacy Shield,HIPAA Compliance,ComplianceGuard,8/16/2024,3
CUST-0055,45,Female,Boston MA,Research Scientist,Smart Watch,Pulse Elite,Health Monitoring,FitCore SaaS,8/16/2024,1
CUST-0336,31,Male,Hartford CT,IT & Technology Staff,Tablet,Tab Pro 12,Patient Education,TeleDoc Platform,8/17/2024,2
CUST-0149,49,Male,Springfield MA,Practice Manager,Peripheral,Privacy Shield,Screen Privacy,SecureView SaaS,8/18/2024,1
CUST-0398,73,Male,Springfield MA,Patient / Consumer,Smart Watch,Pulse Sport,Fitness Tracking,WellnessCloud,8/18/2024,1
CUST-0113,38,Male,Bridgeport CT,Clinical Administrator,Smart Watch,Pulse Elite,Health Monitoring,FitCore SaaS,8/18/2024,2
CUST-0301,26,Male,Burlington VT,IT & Technology Staff,Tablet,Tab Pro 12,Clinical Documentation,ClinicalOS,8/19/2024,2
CUST-0337,38,Female,Concord NH,Patient / Consumer,Smart Watch,Pulse Sport,Activity Logging,WellnessCloud,8/19/2024,1
CUST-0377,50,Female,Bridgeport CT,Healthcare Professional,Peripheral,BioSensor Band,Continuous Glucose Monitor,VitalsNet SaaS,8/19/2024,3
CUST-0396,21,Female,Worcester MA,Student / Academic,Tablet,Tab Studio,Creative Workflow,DiagnosticAI,8/19/2024,2
CUST-0009,44,Male,Concord NH,Patient / Consumer,Smart Watch,Pulse Sport,Activity Logging,FitCore SaaS,8/19/2024,1
CUST-0340,26,Prefer not to say,Bridgeport CT,Field Technician,Smart Watch,Pulse Elite,Fitness Tracking,FitCore SaaS,8/19/2024,1
CUST-0126,34,Non-binary,Manchester NH,Student / Academic,Smart Watch,Pulse Elite,Remote Patient Check-in,FitCore SaaS,8/19/2024,1
CUST-0411,44,Female,Providence RI,Clinical Administrator,Peripheral,Wireless Hub,Data Aggregation,ClinicHub Pro,8/19/2024,1
CUST-0173,29,Female,Worcester MA,Field Technician,Peripheral,Keyboard Fold,Administrative Tasks,TeleSetup Pro,8/20/2024,4
CUST-0212,48,Male,Worcester MA,Clinical Administrator,Tablet,Tab Pro 12,Clinical Documentation,EduHealth SaaS,8/20/2024,1
CUST-0212,48,Male,Worcester MA,Clinical Administrator,Peripheral,Charging Dock,Fleet Management,FleetCharge Pro,8/20/2024,2
CUST-0281,45,Non-binary,Providence RI,Practice Manager,Peripheral,BioSensor Band,Continuous Glucose Monitor,VitalsNet SaaS,8/20/2024,1
CUST-0155,40,Female,Hartford CT,Clinical Administrator,Peripheral,Privacy Shield,Secure Display,SecureView SaaS,8/20/2024,5
CUST-0124,29,Male,Bridgeport CT,Patient / Consumer,Peripheral,Keyboard Fold,Administrative Tasks,AdminFlow SaaS,8/20/2024,3
CUST-0255,27,Male,Hartford CT,Patient / Consumer,Tablet,Tab Pro 12,Patient Education,TeleDoc Platform,8/20/2024,1
CUST-0199,42,Female,Hartford CT,Healthcare Professional,Tablet,Tab Studio,Data Visualisation,DataViz Suite,8/20/2024,1
CUST-0300,48,Female,Worcester MA,Healthcare Professional,Peripheral,BioSensor Band,Continuous Glucose Monitor,VitalsNet SaaS,8/20/2024,2
CUST-0056,46,Female,Boston MA,Clinical Administrator,Peripheral,Privacy Shield,Secure Display,SecureView SaaS,8/20/2024,3
CUST-0086,33,Male,Springfield MA,Clinical Administrator,Peripheral,Wireless Hub,Device Pairing,ClinicHub Pro,8/20/2024,4
CUST-0235,57,Female,Worcester MA,Clinical Administrator,Smart Watch,Pulse Sport,Activity Logging,WellnessCloud,8/21/2024,1
CUST-0226,69,Prefer not to say,Portland ME,Patient / Consumer,Tablet,Tab Pro 12,Telehealth Consult,TeleDoc Platform,8/21/2024,3
CUST-0009,44,Male,Concord NH,Patient / Consumer,Tablet,Tab Compact,Patient Intake,InvTrack Pro,8/21/2024,4
CUST-0025,26,Male,Portland ME,Field Technician,Peripheral,Charging Dock,Clinical Stations,PowerDesk SaaS,8/21/2024,3
CUST-0092,46,Male,Portland ME,Clinical Administrator,Peripheral,Wireless Hub,Clinic Network,MeshConnect SaaS,8/21/2024,2
CUST-0331,51,Female,Boston MA,Patient / Consumer,Smart Watch,Pulse Elite,Health Monitoring,HealthSync Pro,8/21/2024,2
CUST-0027,21,Female,Hartford CT,Field Technician,Tablet,Tab Compact,Patient Intake,FieldOps SaaS,8/22/2024,1
CUST-0016,36,Female,Burlington VT,Healthcare Professional,Peripheral,BioSensor Band,Remote Monitoring,VitalsNet SaaS,8/22/2024,1
CUST-0004,57,Male,Portland ME,Healthcare Professional,Tablet,Tab Compact,Inventory Management,FieldOps SaaS,8/22/2024,1
CUST-0270,54,Male,Worcester MA,Patient / Consumer,Peripheral,Wireless Hub,Data Aggregation,MeshConnect SaaS,8/23/2024,4
CUST-0195,39,Female,Burlington VT,Clinical Administrator,Tablet,Tab Compact,Patient Intake,FieldOps SaaS,8/23/2024,1
CUST-0065,45,Male,Concord NH,Clinical Administrator,Peripheral,Privacy Shield,HIPAA Compliance,ComplianceGuard,8/23/2024,5
CUST-0342,44,Male,Manchester NH,Healthcare Professional,Peripheral,BioSensor Band,Remote Monitoring,BioStream API,8/23/2024,3
CUST-0292,26,Female,Concord NH,Field Technician,Peripheral,Keyboard Fold,Telehealth Setup,TeleSetup Pro,8/23/2024,3
CUST-0127,36,Male,Burlington VT,Patient / Consumer,Peripheral,Stylus Pro,E-Signature,NoteStream SaaS,8/23/2024,2
CUST-0192,50,Non-binary,Springfield MA,Healthcare Professional,Tablet,Tab Studio,Data Visualisation,DesignHub SaaS,8/24/2024,2
CUST-0113,38,Male,Bridgeport CT,Clinical Administrator,Peripheral,Privacy Shield,Screen Privacy,ComplianceGuard,8/24/2024,3
CUST-0287,28,Male,Bridgeport CT,Field Technician,Tablet,Tab Pro 12,Telehealth Consult,ClinicalOS,8/24/2024,1
CUST-0348,25,Female,Hartford CT,Clinical Administrator,Peripheral,Wireless Hub,Data Aggregation,MeshConnect SaaS,8/25/2024,3
CUST-0164,30,Male,Portland ME,Clinical Administrator,Peripheral,Wireless Hub,Data Aggregation,MeshConnect SaaS,8/25/2024,4
CUST-0006,28,Male,Springfield MA,Field Technician,Peripheral,Stylus Pro,Digital Annotation,SignFlow,8/25/2024,2
CUST-0120,42,Male,Hartford CT,Research Scientist,Peripheral,BioSensor Band,Vitals Streaming,BioStream API,8/26/2024,2
CUST-0314,52,Non-binary,Providence RI,Practice Manager,Peripheral,Stylus Pro,Clinical Note-taking,NoteStream SaaS,8/26/2024,1
CUST-0040,34,Female,Manchester NH,IT & Technology Staff,Tablet,Tab Compact,Inventory Management,FieldOps SaaS,8/26/2024,1
CUST-0111,21,Male,Boston MA,Patient / Consumer,Peripheral,BioSensor Band,Remote Monitoring,VitalsNet SaaS,8/27/2024,1
CUST-0181,34,Male,Worcester MA,Field Technician,Tablet,Tab Studio,Data Visualisation,DesignHub SaaS,8/27/2024,1
CUST-0126,34,Non-binary,Manchester NH,Student / Academic,Smart Watch,Pulse Sport,Activity Logging,WellnessCloud,8/28/2024,1
CUST-0327,46,Female,Concord NH,Research Scientist,Smart Watch,Pulse Elite,Health Monitoring,FitCore SaaS,8/28/2024,1
CUST-0185,39,Female,Portland ME,Healthcare Professional,Peripheral,Keyboard Fold,Telehealth Setup,AdminFlow SaaS,8/29/2024,4
CUST-0404,42,Male,Burlington VT,Healthcare Professional,Peripheral,Charging Dock,Fleet Management,PowerDesk SaaS,8/29/2024,1
CUST-0127,36,Male,Burlington VT,Patient / Consumer,Smart Watch,Pulse Sport,Fitness Tracking,FitCore SaaS,8/29/2024,1
CUST-0175,35,Female,Providence RI,IT & Technology Staff,Peripheral,Privacy Shield,Screen Privacy,SecureView SaaS,8/29/2024,1
CUST-0259,59,Male,Portland ME,Patient / Consumer,Peripheral,BioSensor Band,Remote Monitoring,VitalsNet SaaS,8/29/2024,3
CUST-0374,46,Female,Hartford CT,Clinical Administrator,Peripheral,Wireless Hub,Clinic Network,ClinicHub Pro,8/29/2024,4
CUST-0257,56,Male,Springfield MA,Practice Manager,Peripheral,Wireless Hub,Data Aggregation,MeshConnect SaaS,8/29/2024,1
CUST-0385,39,Female,Springfield MA,Patient / Consumer,Peripheral,BioSensor Band,Remote Monitoring,BioStream API,8/29/2024,3
CUST-0098,56,Non-binary,Manchester NH,Patient / Consumer,Smart Watch,Pulse Elite,Health Monitoring,FitCore SaaS,8/30/2024,1
CUST-0271,56,Female,Bridgeport CT,Healthcare Professional,Peripheral,Charging Dock,Clinical Stations,FleetCharge Pro,8/30/2024,3
CUST-0083,51,Female,Portland ME,Clinical Administrator,Tablet,Tab Compact,Patient Intake,InvTrack Pro,8/30/2024,1
CUST-0073,35,Female,Boston MA,Research Scientist,Tablet,Tab Studio,Creative Workflow,DiagnosticAI,8/30/2024,4
CUST-0256,44,Female,Burlington VT,Patient / Consumer,Smart Watch,Pulse Elite,Fitness Tracking,HealthSync Pro,8/30/2024,2
CUST-0415,57,Male,Bridgeport CT,Patient / Consumer,Tablet,Tab Studio,Creative Workflow,DesignHub SaaS,8/30/2024,3
CUST-0188,37,Female,Portland ME,Clinical Administrator,Tablet,Tab Compact,Inventory Management,InvTrack Pro,8/30/2024,2
CUST-0082,41,Female,Manchester NH,Clinical Administrator,Tablet,Tab Pro 12,Patient Education,TeleDoc Platform,8/30/2024,1
CUST-0216,64,Male,Portland ME,Patient / Consumer,Tablet,Tab Compact,Patient Intake,IntakeFlow,8/30/2024,5
CUST-0272,29,Male,Portland ME,Practice Manager,Tablet,Tab Compact,Inventory Management,FieldOps SaaS,8/31/2024,2
CUST-0092,46,Male,Portland ME,Clinical Administrator,Peripheral,Charging Dock,Multi-Device Charging,PowerDesk SaaS,8/31/2024,3
CUST-0180,60,Female,Concord NH,Research Scientist,Peripheral,Charging Dock,Multi-Device Charging,PowerDesk SaaS,8/31/2024,2
CUST-0191,29,Prefer not to say,Manchester NH,IT & Technology Staff,Tablet,Tab Pro 12,Clinical Documentation,TeleDoc Platform,8/31/2024,2
CUST-0301,26,Male,Burlington VT,IT & Technology Staff,Peripheral,Charging Dock,Clinical Stations,FleetCharge Pro,8/31/2024,3
CUST-0154,46,Male,Portland ME,Practice Manager,Tablet,Tab Compact,Field Data Entry,FieldOps SaaS,8/31/2024,1
CUST-0150,38,Female,Worcester MA,Research Scientist,Tablet,Tab Studio,Remote Diagnosis,DataViz Suite,9/1/2024,1
CUST-0036,27,Female,Bridgeport CT,Clinical Administrator,Smart Watch,Pulse Sport,Fitness Tracking,WellnessCloud,9/1/2024,2
CUST-0353,39,Male,Concord NH,IT & Technology Staff,Tablet,Tab Studio,Creative Workflow,DesignHub SaaS,9/1/2024,3
CUST-0270,54,Male,Worcester MA,Patient / Consumer,Smart Watch,Pulse Sport,Sleep Analysis,FitCore SaaS,9/1/2024,3
CUST-0316,44,Male,Boston MA,Practice Manager,Peripheral,Wireless Hub,Data Aggregation,ClinicHub Pro,9/1/2024,3
CUST-0294,35,Male,Worcester MA,Field Technician,Tablet,Tab Compact,Inventory Management,IntakeFlow,9/1/2024,1
CUST-0360,19,Male,Burlington VT,Student / Academic,Smart Watch,Pulse Sport,Activity Logging,FitCore SaaS,9/2/2024,1
CUST-0065,45,Male,Concord NH,Clinical Administrator,Peripheral,BioSensor Band,Remote Monitoring,VitalsNet SaaS,9/2/2024,2
CUST-0219,26,Prefer not to say,Bridgeport CT,Field Technician,Peripheral,BioSensor Band,Remote Monitoring,VitalsNet SaaS,9/2/2024,1
CUST-0290,37,Female,Hartford CT,Practice Manager,Peripheral,Keyboard Fold,Telehealth Setup,AdminFlow SaaS,9/2/2024,2
CUST-0279,42,Female,Manchester NH,Healthcare Professional,Tablet,Tab Pro 12,Patient Education,TeleDoc Platform,9/2/2024,1
CUST-0224,21,Male,Hartford CT,Research Scientist,Peripheral,Privacy Shield,HIPAA Compliance,ComplianceGuard,9/2/2024,1
CUST-0156,20,Non-binary,Hartford CT,Student / Academic,Tablet,Tab Pro 12,Patient Education,TeleDoc Platform,9/2/2024,1
CUST-0391,19,Non-binary,Hartford CT,Student / Academic,Peripheral,Charging Dock,Fleet Management,PowerDesk SaaS,9/2/2024,2
CUST-0247,39,Female,Hartford CT,Practice Manager,Peripheral,Keyboard Fold,Administrative Tasks,AdminFlow SaaS,9/2/2024,2
CUST-0363,40,Male,Concord NH,Healthcare Professional,Smart Watch,Pulse Elite,Fitness Tracking,HealthSync Pro,9/3/2024,3
CUST-0240,43,Female,Worcester MA,Research Scientist,Smart Watch,Pulse Sport,Sleep Analysis,WellnessCloud,9/3/2024,1
CUST-0374,46,Female,Hartford CT,Clinical Administrator,Smart Watch,Pulse Sport,Sleep Analysis,FitCore SaaS,9/3/2024,1
CUST-0394,47,Female,Springfield MA,IT & Technology Staff,Tablet,Tab Studio,Data Visualisation,DesignHub SaaS,9/3/2024,2
CUST-0022,31,Female,Burlington VT,IT & Technology Staff,Tablet,Tab Studio,Data Visualisation,DataViz Suite,9/3/2024,1
CUST-0111,21,Male,Boston MA,Patient / Consumer,Smart Watch,Pulse Elite,Health Monitoring,HealthSync Pro,9/3/2024,3
CUST-0161,34,Female,Burlington VT,Practice Manager,Peripheral,Charging Dock,Clinical Stations,FleetCharge Pro,9/4/2024,3
CUST-0199,42,Female,Hartford CT,Healthcare Professional,Peripheral,Charging Dock,Clinical Stations,PowerDesk SaaS,9/4/2024,3
CUST-0147,23,Male,Portland ME,IT & Technology Staff,Tablet,Tab Compact,Field Data Entry,FieldOps SaaS,9/4/2024,2
CUST-0279,42,Female,Manchester NH,Healthcare Professional,Peripheral,Wireless Hub,Device Pairing,ClinicHub Pro,9/4/2024,5
CUST-0034,22,Female,Hartford CT,Field Technician,Tablet,Tab Studio,Data Visualisation,DesignHub SaaS,9/4/2024,1
CUST-0392,42,Male,Manchester NH,Clinical Administrator,Tablet,Tab Pro 12,Telehealth Consult,ClinicalOS,9/4/2024,1
CUST-0050,18,Prefer not to say,Bridgeport CT,Field Technician,Peripheral,Wireless Hub,Data Aggregation,MeshConnect SaaS,9/4/2024,5
CUST-0021,44,Female,Portland ME,IT & Technology Staff,Peripheral,Keyboard Fold,Remote Input,TeleSetup Pro,9/5/2024,3
CUST-0393,26,Male,Concord NH,Clinical Administrator,Peripheral,Charging Dock,Multi-Device Charging,PowerDesk SaaS,9/5/2024,3
CUST-0158,48,Female,Hartford CT,Practice Manager,Peripheral,Wireless Hub,Data Aggregation,MeshConnect SaaS,9/5/2024,1
CUST-0365,42,Male,Bridgeport CT,Research Scientist,Peripheral,BioSensor Band,Vitals Streaming,BioStream API,9/5/2024,1
CUST-0180,60,Female,Concord NH,Research Scientist,Peripheral,BioSensor Band,Remote Monitoring,VitalsNet SaaS,9/5/2024,3
CUST-0023,36,Female,Boston MA,Research Scientist,Peripheral,Privacy Shield,Secure Display,ComplianceGuard,9/5/2024,2
CUST-0317,50,Non-binary,Bridgeport CT,Practice Manager,Tablet,Tab Compact,Patient Intake,InvTrack Pro,9/5/2024,1
CUST-0278,30,Female,Burlington VT,Research Scientist,Peripheral,Wireless Hub,Device Pairing,ClinicHub Pro,9/6/2024,2
CUST-0284,31,Male,Bridgeport CT,Practice Manager,Tablet,Tab Pro 12,Clinical Documentation,ClinicalOS,9/6/2024,1
CUST-0071,45,Prefer not to say,Portland ME,Healthcare Professional,Peripheral,BioSensor Band,Remote Monitoring,VitalsNet SaaS,9/6/2024,2
CUST-0342,44,Male,Manchester NH,Healthcare Professional,Peripheral,Stylus Pro,Digital Annotation,NoteStream SaaS,9/7/2024,1
CUST-0374,46,Female,Hartford CT,Clinical Administrator,Peripheral,Stylus Pro,Digital Annotation,NoteStream SaaS,9/7/2024,3
CUST-0021,44,Female,Portland ME,IT & Technology Staff,Peripheral,Charging Dock,Fleet Management,FleetCharge Pro,9/8/2024,4
CUST-0036,27,Female,Bridgeport CT,Clinical Administrator,Tablet,Tab Compact,Field Data Entry,InvTrack Pro,9/8/2024,1
CUST-0208,26,Male,Portland ME,Student / Academic,Smart Watch,Pulse Elite,Remote Patient Check-in,FitCore SaaS,9/9/2024,1
CUST-0400,47,Female,Concord NH,Research Scientist,Tablet,Tab Studio,Data Visualisation,DiagnosticAI,9/9/2024,2
CUST-0282,50,Non-binary,Burlington VT,Practice Manager,Peripheral,Charging Dock,Clinical Stations,FleetCharge Pro,9/9/2024,1
CUST-0404,42,Male,Burlington VT,Healthcare Professional,Peripheral,Privacy Shield,HIPAA Compliance,ComplianceGuard,9/9/2024,2
CUST-0313,35,Female,Portland ME,Field Technician,Peripheral,Wireless Hub,Clinic Network,ClinicHub Pro,9/9/2024,1
CUST-0202,37,Female,Burlington VT,IT & Technology Staff,Tablet,Tab Compact,Inventory Management,FieldOps SaaS,9/9/2024,1
CUST-0214,50,Female,Hartford CT,Practice Manager,Smart Watch,Pulse Elite,Remote Patient Check-in,FitCore SaaS,9/9/2024,1
CUST-0293,30,Prefer not to say,Portland ME,Research Scientist,Peripheral,Charging Dock,Fleet Management,PowerDesk SaaS,9/9/2024,4
CUST-0006,28,Male,Springfield MA,Field Technician,Smart Watch,Pulse Elite,Fitness Tracking,HealthSync Pro,9/9/2024,2
CUST-0229,27,Male,Boston MA,IT & Technology Staff,Peripheral,BioSensor Band,Remote Monitoring,BioStream API,9/10/2024,1
CUST-0218,41,Female,Concord NH,Practice Manager,Peripheral,Keyboard Fold,Telehealth Setup,AdminFlow SaaS,9/10/2024,2
CUST-0300,48,Female,Worcester MA,Healthcare Professional,Peripheral,Wireless Hub,Data Aggregation,MeshConnect SaaS,9/10/2024,2
CUST-0271,56,Female,Bridgeport CT,Healthcare Professional,Smart Watch,Pulse Elite,Fitness Tracking,HealthSync Pro,9/10/2024,1
CUST-0115,34,Female,Providence RI,Research Scientist,Peripheral,BioSensor Band,Remote Monitoring,VitalsNet SaaS,9/10/2024,3
CUST-0390,21,Male,Burlington VT,Student / Academic,Smart Watch,Pulse Elite,Remote Patient Check-in,FitCore SaaS,9/10/2024,2
CUST-0340,26,Prefer not to say,Bridgeport CT,Field Technician,Peripheral,Wireless Hub,Data Aggregation,ClinicHub Pro,9/11/2024,3
CUST-0236,50,Male,Boston MA,Practice Manager,Peripheral,Charging Dock,Fleet Management,PowerDesk SaaS,9/11/2024,1
CUST-0316,44,Male,Boston MA,Practice Manager,Tablet,Tab Compact,Field Data Entry,InvTrack Pro,9/11/2024,1
CUST-0004,57,Male,Portland ME,Healthcare Professional,Peripheral,BioSensor Band,Vitals Streaming,BioStream API,9/11/2024,2
CUST-0390,21,Male,Burlington VT,Student / Academic,Peripheral,Privacy Shield,HIPAA Compliance,ComplianceGuard,9/11/2024,3
CUST-0223,44,Female,Providence RI,Clinical Administrator,Peripheral,BioSensor Band,Remote Monitoring,VitalsNet SaaS,9/11/2024,1
CUST-0200,27,Male,Concord NH,Clinical Administrator,Peripheral,Wireless Hub,Clinic Network,MeshConnect SaaS,9/11/2024,2
CUST-0403,42,Female,Burlington VT,Healthcare Professional,Peripheral,BioSensor Band,Remote Monitoring,BioStream API,9/11/2024,1
CUST-0335,28,Female,Burlington VT,Student / Academic,Peripheral,BioSensor Band,Continuous Glucose Monitor,VitalsNet SaaS,9/11/2024,2
CUST-0152,45,Female,Manchester NH,Healthcare Professional,Smart Watch,Pulse Elite,Fitness Tracking,HealthSync Pro,9/12/2024,2
CUST-0097,44,Female,Bridgeport CT,Healthcare Professional,Peripheral,BioSensor Band,Vitals Streaming,VitalsNet SaaS,9/12/2024,4
CUST-0353,39,Male,Concord NH,IT & Technology Staff,Smart Watch,Pulse Elite,Fitness Tracking,FitCore SaaS,9/12/2024,1
CUST-0281,45,Non-binary,Providence RI,Practice Manager,Peripheral,Privacy Shield,Secure Display,ComplianceGuard,9/12/2024,4
CUST-0129,24,Female,Concord NH,Student / Academic,Peripheral,Stylus Pro,Clinical Note-taking,SignFlow,9/12/2024,4
CUST-0070,32,Male,Bridgeport CT,Clinical Administrator,Smart Watch,Pulse Elite,Remote Patient Check-in,HealthSync Pro,9/12/2024,1
CUST-0341,19,Male,Worcester MA,Student / Academic,Peripheral,Keyboard Fold,Administrative Tasks,AdminFlow SaaS,9/12/2024,1
CUST-0230,62,Female,Providence RI,Patient / Consumer,Peripheral,Privacy Shield,Screen Privacy,ComplianceGuard,9/12/2024,2
CUST-0356,22,Non-binary,Burlington VT,Field Technician,Tablet,Tab Pro 12,Patient Education,ClinicalOS,9/12/2024,1
CUST-0298,25,Female,Hartford CT,Student / Academic,Smart Watch,Pulse Sport,Fitness Tracking,FitCore SaaS,9/12/2024,2
CUST-0216,64,Male,Portland ME,Patient / Consumer,Peripheral,Stylus Pro,E-Signature,SignFlow,9/13/2024,1
CUST-0110,32,Male,Boston MA,IT & Technology Staff,Peripheral,Keyboard Fold,Administrative Tasks,AdminFlow SaaS,9/13/2024,3
CUST-0013,40,Prefer not to say,Worcester MA,Clinical Administrator,Peripheral,BioSensor Band,Continuous Glucose Monitor,BioStream API,9/13/2024,1
CUST-0107,43,Female,Manchester NH,Field Technician,Peripheral,BioSensor Band,Vitals Streaming,BioStream API,9/13/2024,3
CUST-0118,33,Male,Manchester NH,Patient / Consumer,Peripheral,Keyboard Fold,Remote Input,AdminFlow SaaS,9/13/2024,3
CUST-0203,54,Female,Springfield MA,Practice Manager,Peripheral,BioSensor Band,Continuous Glucose Monitor,BioStream API,9/13/2024,2
CUST-0418,45,Female,Burlington VT,Practice Manager,Tablet,Tab Pro 12,Clinical Documentation,ClinicalOS,9/13/2024,2
CUST-0412,24,Female,Boston MA,IT & Technology Staff,Peripheral,Stylus Pro,Digital Annotation,NoteStream SaaS,9/13/2024,5
CUST-0225,44,Female,Bridgeport CT,Patient / Consumer,Peripheral,Keyboard Fold,Telehealth Setup,AdminFlow SaaS,9/13/2024,4
CUST-0071,45,Prefer not to say,Portland ME,Healthcare Professional,Peripheral,BioSensor Band,Continuous Glucose Monitor,VitalsNet SaaS,9/13/2024,1
CUST-0265,35,Female,Worcester MA,Clinical Administrator,Tablet,Tab Compact,Field Data Entry,InvTrack Pro,9/13/2024,1
CUST-0410,37,Male,Concord NH,IT & Technology Staff,Peripheral,Keyboard Fold,Administrative Tasks,AdminFlow SaaS,9/13/2024,2
CUST-0316,44,Male,Boston MA,Practice Manager,Tablet,Tab Compact,Field Data Entry,IntakeFlow,9/14/2024,3
CUST-0109,44,Female,Springfield MA,Healthcare Professional,Peripheral,BioSensor Band,Remote Monitoring,BioStream API,9/14/2024,2
CUST-0020,29,Female,Manchester NH,Patient / Consumer,Smart Watch,Pulse Sport,Activity Logging,WellnessCloud,9/15/2024,2
CUST-0198,24,Male,Concord NH,Student / Academic,Peripheral,Privacy Shield,Screen Privacy,SecureView SaaS,9/15/2024,2
CUST-0047,33,Prefer not to say,Bridgeport CT,Clinical Administrator,Peripheral,Privacy Shield,Screen Privacy,ComplianceGuard,9/15/2024,4
CUST-0382,21,Female,Manchester NH,Student / Academic,Tablet,Tab Studio,Creative Workflow,DesignHub SaaS,9/16/2024,2
CUST-0258,34,Female,Concord NH,Healthcare Professional,Tablet,Tab Compact,Inventory Management,InvTrack Pro,9/16/2024,1
CUST-0387,39,Male,Portland ME,Research Scientist,Peripheral,BioSensor Band,Vitals Streaming,VitalsNet SaaS,9/16/2024,1
CUST-0013,40,Prefer not to say,Worcester MA,Clinical Administrator,Peripheral,BioSensor Band,Remote Monitoring,VitalsNet SaaS,9/16/2024,3
CUST-0243,47,Female,Manchester NH,Healthcare Professional,Peripheral,Charging Dock,Clinical Stations,PowerDesk SaaS,9/16/2024,1
CUST-0361,40,Prefer not to say,Hartford CT,Research Scientist,Smart Watch,Pulse Elite,Fitness Tracking,FitCore SaaS,9/16/2024,1
CUST-0127,36,Male,Burlington VT,Patient / Consumer,Smart Watch,Pulse Elite,Fitness Tracking,FitCore SaaS,9/16/2024,1
CUST-0095,45,Male,Bridgeport CT,Patient / Consumer,Peripheral,BioSensor Band,Remote Monitoring,VitalsNet SaaS,9/16/2024,2
CUST-0024,23,Female,Concord NH,Research Scientist,Smart Watch,Pulse Sport,Sleep Analysis,FitCore SaaS,9/16/2024,1
CUST-0268,29,Female,Worcester MA,Patient / Consumer,Peripheral,Charging Dock,Multi-Device Charging,FleetCharge Pro,9/17/2024,3
CUST-0168,43,Male,Springfield MA,Field Technician,Smart Watch,Pulse Sport,Activity Logging,FitCore SaaS,9/17/2024,2
CUST-0400,47,Female,Concord NH,Research Scientist,Peripheral,BioSensor Band,Remote Monitoring,VitalsNet SaaS,9/17/2024,3
CUST-0185,39,Female,Portland ME,Healthcare Professional,Tablet,Tab Compact,Field Data Entry,InvTrack Pro,9/17/2024,1
CUST-0403,42,Female,Burlington VT,Healthcare Professional,Peripheral,BioSensor Band,Continuous Glucose Monitor,BioStream API,9/17/2024,3
CUST-0194,26,Female,Portland ME,Clinical Administrator,Smart Watch,Pulse Sport,Activity Logging,WellnessCloud,9/17/2024,2
CUST-0019,25,Male,Portland ME,IT & Technology Staff,Tablet,Tab Compact,Patient Intake,FieldOps SaaS,9/18/2024,1
CUST-0412,24,Female,Boston MA,IT & Technology Staff,Tablet,Tab Studio,Data Visualisation,DataViz Suite,9/18/2024,2
CUST-0297,52,Prefer not to say,Providence RI,Practice Manager,Smart Watch,Pulse Sport,Fitness Tracking,WellnessCloud,9/18/2024,1
CUST-0249,80,Female,Hartford CT,Patient / Consumer,Tablet,Tab Compact,Inventory Management,InvTrack Pro,9/18/2024,1
CUST-0012,44,Female,Hartford CT,Patient / Consumer,Peripheral,BioSensor Band,Remote Monitoring,VitalsNet SaaS,9/18/2024,2
CUST-0365,42,Male,Bridgeport CT,Research Scientist,Tablet,Tab Studio,Remote Diagnosis,DataViz Suite,9/18/2024,1
CUST-0027,21,Female,Hartford CT,Field Technician,Smart Watch,Pulse Sport,Fitness Tracking,WellnessCloud,9/18/2024,1
CUST-0059,57,Female,Portland ME,Patient / Consumer,Peripheral,Stylus Pro,Clinical Note-taking,SignFlow,9/18/2024,4
CUST-0041,63,Female,Bridgeport CT,Patient / Consumer,Smart Watch,Pulse Sport,Sleep Analysis,FitCore SaaS,9/18/2024,1
CUST-0098,56,Non-binary,Manchester NH,Patient / Consumer,Smart Watch,Pulse Sport,Sleep Analysis,WellnessCloud,9/18/2024,1
CUST-0141,55,Male,Worcester MA,Patient / Consumer,Peripheral,Charging Dock,Multi-Device Charging,PowerDesk SaaS,9/18/2024,2
CUST-0347,18,Non-binary,Portland ME,Student / Academic,Smart Watch,Pulse Elite,Remote Patient Check-in,HealthSync Pro,9/18/2024,1
CUST-0192,50,Non-binary,Springfield MA,Healthcare Professional,Peripheral,Keyboard Fold,Administrative Tasks,AdminFlow SaaS,9/19/2024,1
CUST-0261,32,Female,Providence RI,Healthcare Professional,Tablet,Tab Studio,Data Visualisation,DataViz Suite,9/19/2024,3
CUST-0290,37,Female,Hartford CT,Practice Manager,Peripheral,BioSensor Band,Vitals Streaming,VitalsNet SaaS,9/19/2024,4
CUST-0120,42,Male,Hartford CT,Research Scientist,Peripheral,Privacy Shield,Screen Privacy,SecureView SaaS,9/19/2024,2
CUST-0230,62,Female,Providence RI,Patient / Consumer,Peripheral,Stylus Pro,E-Signature,SignFlow,9/19/2024,2
CUST-0343,46,Male,Burlington VT,Practice Manager,Peripheral,Wireless Hub,Data Aggregation,MeshConnect SaaS,9/19/2024,2
CUST-0147,23,Male,Portland ME,IT & Technology Staff,Peripheral,Keyboard Fold,Remote Input,AdminFlow SaaS,9/19/2024,2
CUST-0403,42,Female,Burlington VT,Healthcare Professional,Tablet,Tab Pro 12,Telehealth Consult,EduHealth SaaS,9/20/2024,1
CUST-0294,35,Male,Worcester MA,Field Technician,Peripheral,Charging Dock,Multi-Device Charging,FleetCharge Pro,9/20/2024,4
CUST-0331,51,Female,Boston MA,Patient / Consumer,Peripheral,Wireless Hub,Device Pairing,MeshConnect SaaS,9/20/2024,2
CUST-0052,22,Male,Bridgeport CT,Student / Academic,Tablet,Tab Studio,Creative Workflow,DataViz Suite,9/20/2024,1
CUST-0392,42,Male,Manchester NH,Clinical Administrator,Peripheral,Charging Dock,Multi-Device Charging,FleetCharge Pro,9/21/2024,1
CUST-0008,39,Female,Concord NH,IT & Technology Staff,Peripheral,Wireless Hub,Data Aggregation,ClinicHub Pro,9/22/2024,6
CUST-0261,32,Female,Providence RI,Healthcare Professional,Smart Watch,Pulse Elite,Fitness Tracking,HealthSync Pro,9/22/2024,2
CUST-0141,55,Male,Worcester MA,Patient / Consumer,Tablet,Tab Pro 12,Telehealth Consult,TeleDoc Platform,9/23/2024,1
CUST-0345,33,Female,Hartford CT,Clinical Administrator,Peripheral,Keyboard Fold,Telehealth Setup,AdminFlow SaaS,9/23/2024,1
CUST-0241,36,Non-binary,Burlington VT,Practice Manager,Tablet,Tab Compact,Inventory Management,FieldOps SaaS,9/23/2024,1
CUST-0190,20,Female,Manchester NH,IT & Technology Staff,Peripheral,Keyboard Fold,Administrative Tasks,AdminFlow SaaS,9/23/2024,1
CUST-0027,21,Female,Hartford CT,Field Technician,Peripheral,Wireless Hub,Clinic Network,MeshConnect SaaS,9/23/2024,3
CUST-0033,29,Female,Worcester MA,Field Technician,Smart Watch,Pulse Sport,Sleep Analysis,FitCore SaaS,9/23/2024,1
CUST-0248,41,Male,Burlington VT,Patient / Consumer,Smart Watch,Pulse Sport,Activity Logging,WellnessCloud,9/23/2024,1
CUST-0399,34,Male,Hartford CT,Research Scientist,Smart Watch,Pulse Elite,Health Monitoring,HealthSync Pro,9/23/2024,1
CUST-0038,20,Male,Providence RI,Clinical Administrator,Smart Watch,Pulse Elite,Health Monitoring,HealthSync Pro,9/24/2024,1
CUST-0005,39,Female,Bridgeport CT,Healthcare Professional,Smart Watch,Pulse Elite,Health Monitoring,FitCore SaaS,9/24/2024,1
CUST-0181,34,Male,Worcester MA,Field Technician,Peripheral,Keyboard Fold,Administrative Tasks,AdminFlow SaaS,9/24/2024,4
CUST-0259,59,Male,Portland ME,Patient / Consumer,Smart Watch,Pulse Sport,Sleep Analysis,FitCore SaaS,9/24/2024,2
CUST-0003,43,Female,Boston MA,Clinical Administrator,Peripheral,BioSensor Band,Vitals Streaming,VitalsNet SaaS,9/24/2024,4
CUST-0256,44,Female,Burlington VT,Patient / Consumer,Peripheral,Wireless Hub,Device Pairing,ClinicHub Pro,9/24/2024,4
CUST-0385,39,Female,Springfield MA,Patient / Consumer,Tablet,Tab Pro 12,Patient Education,EduHealth SaaS,9/25/2024,1
CUST-0141,55,Male,Worcester MA,Patient / Consumer,Smart Watch,Pulse Sport,Fitness Tracking,WellnessCloud,9/25/2024,2
CUST-0239,32,Female,Worcester MA,Clinical Administrator,Peripheral,Privacy Shield,Secure Display,ComplianceGuard,9/25/2024,2
CUST-0221,80,Male,Portland ME,Patient / Consumer,Peripheral,Privacy Shield,HIPAA Compliance,ComplianceGuard,9/25/2024,1
CUST-0081,31,Male,Bridgeport CT,IT & Technology Staff,Peripheral,BioSensor Band,Continuous Glucose Monitor,BioStream API,9/25/2024,3
CUST-0176,50,Non-binary,Springfield MA,Healthcare Professional,Tablet,Tab Pro 12,Patient Education,EduHealth SaaS,9/25/2024,1
CUST-0130,26,Female,Bridgeport CT,Field Technician,Peripheral,Charging Dock,Fleet Management,PowerDesk SaaS,9/25/2024,6
CUST-0088,25,Male,Worcester MA,Student / Academic,Peripheral,Stylus Pro,Clinical Note-taking,SignFlow,9/25/2024,4
CUST-0382,21,Female,Manchester NH,Student / Academic,Smart Watch,Pulse Sport,Activity Logging,FitCore SaaS,9/26/2024,1
CUST-0368,42,Male,Providence RI,Healthcare Professional,Peripheral,Stylus Pro,E-Signature,SignFlow,9/26/2024,4
CUST-0165,36,Female,Portland ME,Field Technician,Peripheral,Stylus Pro,Digital Annotation,SignFlow,9/26/2024,4
CUST-0191,29,Prefer not to say,Manchester NH,IT & Technology Staff,Peripheral,Wireless Hub,Data Aggregation,MeshConnect SaaS,9/26/2024,4
CUST-0332,19,Female,Manchester NH,Student / Academic,Smart Watch,Pulse Sport,Sleep Analysis,WellnessCloud,9/26/2024,1
CUST-0347,18,Non-binary,Portland ME,Student / Academic,Peripheral,Keyboard Fold,Administrative Tasks,TeleSetup Pro,9/26/2024,5
CUST-0112,23,Male,Portland ME,Student / Academic,Smart Watch,Pulse Sport,Fitness Tracking,FitCore SaaS,9/26/2024,1
CUST-0066,50,Male,Portland ME,Clinical Administrator,Peripheral,Privacy Shield,Secure Display,ComplianceGuard,9/27/2024,1
CUST-0314,52,Non-binary,Providence RI,Practice Manager,Peripheral,Privacy Shield,HIPAA Compliance,ComplianceGuard,9/27/2024,5
CUST-0320,49,Female,Burlington VT,Patient / Consumer,Peripheral,Keyboard Fold,Remote Input,TeleSetup Pro,9/27/2024,2
CUST-0136,76,Female,Worcester MA,Patient / Consumer,Peripheral,Privacy Shield,HIPAA Compliance,SecureView SaaS,9/27/2024,1
CUST-0081,31,Male,Bridgeport CT,IT & Technology Staff,Tablet,Tab Pro 12,Clinical Documentation,ClinicalOS,9/27/2024,1
CUST-0380,24,Female,Hartford CT,Field Technician,Tablet,Tab Compact,Field Data Entry,InvTrack Pro,9/27/2024,1
CUST-0001,42,Male,Burlington VT,Clinical Administrator,Tablet,Tab Compact,Inventory Management,InvTrack Pro,9/27/2024,1
CUST-0093,40,Male,Concord NH,Patient / Consumer,Smart Watch,Pulse Sport,Sleep Analysis,FitCore SaaS,9/27/2024,1
CUST-0026,24,Male,Hartford CT,Student / Academic,Tablet,Tab Pro 12,Telehealth Consult,EduHealth SaaS,9/28/2024,1
CUST-0301,26,Male,Burlington VT,IT & Technology Staff,Tablet,Tab Pro 12,Telehealth Consult,EduHealth SaaS,9/30/2024,2
CUST-0253,49,Male,Providence RI,IT & Technology Staff,Peripheral,Charging Dock,Clinical Stations,PowerDesk SaaS,9/30/2024,1
CUST-0011,21,Female,Springfield MA,Student / Academic,Tablet,Tab Compact,Patient Intake,IntakeFlow,9/30/2024,1
CUST-0034,22,Female,Hartford CT,Field Technician,Tablet,Tab Compact,Inventory Management,FieldOps SaaS,9/30/2024,1
CUST-0007,77,Female,Boston MA,Patient / Consumer,Smart Watch,Pulse Sport,Activity Logging,FitCore SaaS,9/30/2024,2
CUST-0212,48,Male,Worcester MA,Clinical Administrator,Tablet,Tab Compact,Patient Intake,InvTrack Pro,9/30/2024,1
CUST-0017,28,Female,Manchester NH,Clinical Administrator,Peripheral,BioSensor Band,Vitals Streaming,VitalsNet SaaS,9/30/2024,1
CUST-0258,34,Female,Concord NH,Healthcare Professional,Peripheral,Stylus Pro,Clinical Note-taking,SignFlow,9/30/2024,4
CUST-0282,50,Non-binary,Burlington VT,Practice Manager,Tablet,Tab Compact,Patient Intake,FieldOps SaaS,9/30/2024,1
CUST-0220,24,Male,Hartford CT,Student / Academic,Smart Watch,Pulse Elite,Remote Patient Check-in,FitCore SaaS,10/1/2024,1
CUST-0053,37,Male,Portland ME,Practice Manager,Smart Watch,Pulse Elite,Health Monitoring,FitCore SaaS,10/1/2024,1
CUST-0183,31,Female,Boston MA,Healthcare Professional,Peripheral,Stylus Pro,E-Signature,NoteStream SaaS,10/1/2024,4
CUST-0369,33,Female,Providence RI,IT & Technology Staff,Tablet,Tab Pro 12,Telehealth Consult,EduHealth SaaS,10/1/2024,3
CUST-0171,37,Female,Worcester MA,Patient / Consumer,Peripheral,Wireless Hub,Data Aggregation,ClinicHub Pro,10/1/2024,6
CUST-0092,46,Male,Portland ME,Clinical Administrator,Peripheral,Keyboard Fold,Remote Input,TeleSetup Pro,10/1/2024,1
CUST-0333,53,Male,Worcester MA,Patient / Consumer,Peripheral,BioSensor Band,Remote Monitoring,BioStream API,10/1/2024,1
CUST-0012,44,Female,Hartford CT,Patient / Consumer,Tablet,Tab Studio,Data Visualisation,DesignHub SaaS,10/1/2024,2
CUST-0216,64,Male,Portland ME,Patient / Consumer,Peripheral,BioSensor Band,Continuous Glucose Monitor,BioStream API,10/1/2024,3
CUST-0362,51,Female,Springfield MA,Clinical Administrator,Smart Watch,Pulse Sport,Fitness Tracking,WellnessCloud,10/1/2024,1
CUST-0009,44,Male,Concord NH,Patient / Consumer,Smart Watch,Pulse Elite,Health Monitoring,FitCore SaaS,10/1/2024,1
CUST-0336,31,Male,Hartford CT,IT & Technology Staff,Smart Watch,Pulse Sport,Sleep Analysis,WellnessCloud,10/2/2024,1
CUST-0049,35,Male,Springfield MA,IT & Technology Staff,Smart Watch,Pulse Elite,Health Monitoring,FitCore SaaS,10/2/2024,3
CUST-0327,46,Female,Concord NH,Research Scientist,Peripheral,BioSensor Band,Vitals Streaming,VitalsNet SaaS,10/2/2024,3
CUST-0022,31,Female,Burlington VT,IT & Technology Staff,Peripheral,Charging Dock,Multi-Device Charging,FleetCharge Pro,10/2/2024,1
CUST-0136,76,Female,Worcester MA,Patient / Consumer,Smart Watch,Pulse Elite,Fitness Tracking,FitCore SaaS,10/2/2024,1
CUST-0094,35,Female,Concord NH,Clinical Administrator,Smart Watch,Pulse Sport,Sleep Analysis,WellnessCloud,10/2/2024,1
CUST-0040,34,Female,Manchester NH,IT & Technology Staff,Peripheral,Wireless Hub,Clinic Network,ClinicHub Pro,10/2/2024,4
CUST-0137,20,Male,Burlington VT,Student / Academic,Smart Watch,Pulse Elite,Remote Patient Check-in,HealthSync Pro,10/2/2024,1
CUST-0130,26,Female,Bridgeport CT,Field Technician,Peripheral,Stylus Pro,Digital Annotation,SignFlow,10/3/2024,4
CUST-0359,25,Male,Concord NH,Student / Academic,Peripheral,Privacy Shield,Secure Display,ComplianceGuard,10/3/2024,5
CUST-0184,26,Male,Manchester NH,Student / Academic,Peripheral,Privacy Shield,Screen Privacy,ComplianceGuard,10/3/2024,1
CUST-0137,20,Male,Burlington VT,Student / Academic,Smart Watch,Pulse Sport,Fitness Tracking,WellnessCloud,10/3/2024,1
CUST-0309,47,Male,Boston MA,Healthcare Professional,Peripheral,BioSensor Band,Vitals Streaming,VitalsNet SaaS,10/3/2024,2
CUST-0391,19,Non-binary,Hartford CT,Student / Academic,Peripheral,Stylus Pro,Digital Annotation,SignFlow,10/3/2024,2
CUST-0231,36,Male,Boston MA,Practice Manager,Peripheral,Wireless Hub,Device Pairing,MeshConnect SaaS,10/3/2024,1
CUST-0150,38,Female,Worcester MA,Research Scientist,Peripheral,Wireless Hub,Data Aggregation,ClinicHub Pro,10/3/2024,5
CUST-0239,32,Female,Worcester MA,Clinical Administrator,Peripheral,Wireless Hub,Data Aggregation,ClinicHub Pro,10/4/2024,2
CUST-0246,34,Male,Worcester MA,Clinical Administrator,Peripheral,BioSensor Band,Vitals Streaming,VitalsNet SaaS,10/4/2024,1
CUST-0140,21,Female,Boston MA,Field Technician,Smart Watch,Pulse Sport,Fitness Tracking,FitCore SaaS,10/4/2024,1
CUST-0136,76,Female,Worcester MA,Patient / Consumer,Smart Watch,Pulse Elite,Remote Patient Check-in,HealthSync Pro,10/4/2024,2
CUST-0168,43,Male,Springfield MA,Field Technician,Peripheral,Stylus Pro,E-Signature,SignFlow,10/4/2024,4
CUST-0255,27,Male,Hartford CT,Patient / Consumer,Tablet,Tab Studio,Remote Diagnosis,DataViz Suite,10/5/2024,1
CUST-0316,44,Male,Boston MA,Practice Manager,Tablet,Tab Compact,Field Data Entry,FieldOps SaaS,10/5/2024,2
CUST-0168,43,Male,Springfield MA,Field Technician,Peripheral,BioSensor Band,Vitals Streaming,VitalsNet SaaS,10/5/2024,4
CUST-0402,30,Female,Bridgeport CT,Research Scientist,Peripheral,Stylus Pro,E-Signature,NoteStream SaaS,10/5/2024,2
CUST-0036,27,Female,Bridgeport CT,Clinical Administrator,Tablet,Tab Pro 12,Telehealth Consult,ClinicalOS,10/5/2024,3
CUST-0405,21,Male,Providence RI,Student / Academic,Peripheral,BioSensor Band,Remote Monitoring,VitalsNet SaaS,10/6/2024,5
CUST-0379,63,Prefer not to say,Worcester MA,Healthcare Professional,Tablet,Tab Studio,Creative Workflow,DesignHub SaaS,10/6/2024,1
CUST-0411,44,Female,Providence RI,Clinical Administrator,Peripheral,Stylus Pro,Clinical Note-taking,SignFlow,10/6/2024,1
CUST-0304,34,Non-binary,Hartford CT,Field Technician,Peripheral,Keyboard Fold,Remote Input,AdminFlow SaaS,10/6/2024,1
CUST-0016,36,Female,Burlington VT,Healthcare Professional,Peripheral,Stylus Pro,Clinical Note-taking,SignFlow,10/6/2024,3
CUST-0298,25,Female,Hartford CT,Student / Academic,Smart Watch,Pulse Sport,Activity Logging,FitCore SaaS,10/7/2024,2
CUST-0360,19,Male,Burlington VT,Student / Academic,Smart Watch,Pulse Sport,Fitness Tracking,FitCore SaaS,10/7/2024,1
CUST-0032,54,Male,Providence RI,Clinical Administrator,Peripheral,Charging Dock,Clinical Stations,FleetCharge Pro,10/7/2024,1
CUST-0020,29,Female,Manchester NH,Patient / Consumer,Peripheral,BioSensor Band,Remote Monitoring,VitalsNet SaaS,10/7/2024,4
CUST-0267,46,Male,Hartford CT,IT & Technology Staff,Peripheral,Charging Dock,Clinical Stations,PowerDesk SaaS,10/7/2024,2
CUST-0340,26,Prefer not to say,Bridgeport CT,Field Technician,Peripheral,BioSensor Band,Continuous Glucose Monitor,BioStream API,10/7/2024,1
CUST-0031,37,Male,Boston MA,Practice Manager,Peripheral,Stylus Pro,Digital Annotation,SignFlow,10/7/2024,2
CUST-0273,29,Female,Hartford CT,Student / Academic,Tablet,Tab Compact,Inventory Management,FieldOps SaaS,10/7/2024,1
CUST-0344,26,Female,Concord NH,Field Technician,Peripheral,BioSensor Band,Remote Monitoring,BioStream API,10/8/2024,2
CUST-0400,47,Female,Concord NH,Research Scientist,Peripheral,Keyboard Fold,Telehealth Setup,TeleSetup Pro,10/8/2024,2
CUST-0010,42,Male,Manchester NH,Clinical Administrator,Peripheral,Stylus Pro,Clinical Note-taking,NoteStream SaaS,10/8/2024,2
CUST-0064,32,Female,Boston MA,Practice Manager,Peripheral,Wireless Hub,Clinic Network,MeshConnect SaaS,10/8/2024,2
CUST-0035,65,Prefer not to say,Boston MA,Patient / Consumer,Smart Watch,Pulse Sport,Fitness Tracking,FitCore SaaS,10/8/2024,1
CUST-0292,26,Female,Concord NH,Field Technician,Tablet,Tab Compact,Inventory Management,InvTrack Pro,10/8/2024,2
CUST-0008,39,Female,Concord NH,IT & Technology Staff,Peripheral,BioSensor Band,Vitals Streaming,VitalsNet SaaS,10/8/2024,1
CUST-0372,26,Male,Burlington VT,Student / Academic,Peripheral,Stylus Pro,Clinical Note-taking,SignFlow,10/8/2024,5
CUST-0039,30,Male,Burlington VT,Practice Manager,Peripheral,Charging Dock,Clinical Stations,FleetCharge Pro,10/8/2024,1
CUST-0401,18,Male,Burlington VT,Student / Academic,Peripheral,Wireless Hub,Data Aggregation,ClinicHub Pro,10/8/2024,5
CUST-0269,37,Female,Concord NH,Healthcare Professional,Tablet,Tab Pro 12,Clinical Documentation,EduHealth SaaS,10/8/2024,1
CUST-0335,28,Female,Burlington VT,Student / Academic,Peripheral,Keyboard Fold,Remote Input,TeleSetup Pro,10/9/2024,1
CUST-0301,26,Male,Burlington VT,IT & Technology Staff,Peripheral,Keyboard Fold,Remote Input,TeleSetup Pro,10/9/2024,2
CUST-0166,41,Male,Concord NH,Clinical Administrator,Peripheral,Stylus Pro,Clinical Note-taking,NoteStream SaaS,10/9/2024,1
CUST-0013,40,Prefer not to say,Worcester MA,Clinical Administrator,Tablet,Tab Compact,Patient Intake,InvTrack Pro,10/9/2024,1
CUST-0179,39,Male,Concord NH,Healthcare Professional,Tablet,Tab Pro 12,Telehealth Consult,TeleDoc Platform,10/9/2024,3
CUST-0242,29,Male,Springfield MA,Field Technician,Tablet,Tab Pro 12,Clinical Documentation,TeleDoc Platform,10/9/2024,1
CUST-0171,37,Female,Worcester MA,Patient / Consumer,Smart Watch,Pulse Sport,Sleep Analysis,FitCore SaaS,10/9/2024,2
CUST-0186,42,Female,Springfield MA,Research Scientist,Peripheral,BioSensor Band,Vitals Streaming,BioStream API,10/10/2024,1
CUST-0036,27,Female,Bridgeport CT,Clinical Administrator,Peripheral,BioSensor Band,Continuous Glucose Monitor,BioStream API,10/10/2024,3
CUST-0324,62,Prefer not to say,Worcester MA,Healthcare Professional,Peripheral,Wireless Hub,Device Pairing,MeshConnect SaaS,10/10/2024,4
CUST-0366,32,Female,Portland ME,Research Scientist,Tablet,Tab Studio,Data Visualisation,DiagnosticAI,10/10/2024,1
CUST-0300,48,Female,Worcester MA,Healthcare Professional,Peripheral,Stylus Pro,E-Signature,SignFlow,10/10/2024,3
CUST-0132,36,Male,Worcester MA,Research Scientist,Peripheral,Keyboard Fold,Remote Input,TeleSetup Pro,10/10/2024,2
CUST-0187,36,Male,Hartford CT,IT & Technology Staff,Smart Watch,Pulse Sport,Activity Logging,FitCore SaaS,10/10/2024,3
CUST-0420,42,Male,Burlington VT,Healthcare Professional,Peripheral,Wireless Hub,Data Aggregation,MeshConnect SaaS,10/10/2024,3
CUST-0008,39,Female,Concord NH,IT & Technology Staff,Peripheral,Wireless Hub,Clinic Network,ClinicHub Pro,10/10/2024,1
CUST-0321,36,Prefer not to say,Hartford CT,Research Scientist,Peripheral,Wireless Hub,Data Aggregation,ClinicHub Pro,10/10/2024,4
CUST-0065,45,Male,Concord NH,Clinical Administrator,Tablet,Tab Compact,Field Data Entry,IntakeFlow,10/11/2024,1
CUST-0169,39,Female,Springfield MA,Healthcare Professional,Smart Watch,Pulse Elite,Fitness Tracking,HealthSync Pro,10/11/2024,1
CUST-0381,35,Male,Manchester NH,Practice Manager,Peripheral,Privacy Shield,HIPAA Compliance,SecureView SaaS,10/11/2024,5
CUST-0033,29,Female,Worcester MA,Field Technician,Smart Watch,Pulse Elite,Health Monitoring,HealthSync Pro,10/11/2024,1
CUST-0396,21,Female,Worcester MA,Student / Academic,Peripheral,Stylus Pro,E-Signature,SignFlow,10/11/2024,5
CUST-0199,42,Female,Hartford CT,Healthcare Professional,Tablet,Tab Pro 12,Clinical Documentation,ClinicalOS,10/11/2024,1
CUST-0287,28,Male,Bridgeport CT,Field Technician,Peripheral,Wireless Hub,Device Pairing,ClinicHub Pro,10/11/2024,4
CUST-0089,28,Female,Burlington VT,IT & Technology Staff,Tablet,Tab Studio,Creative Workflow,DesignHub SaaS,10/11/2024,1
CUST-0256,44,Female,Burlington VT,Patient / Consumer,Smart Watch,Pulse Sport,Sleep Analysis,WellnessCloud,10/11/2024,3
CUST-0333,53,Male,Worcester MA,Patient / Consumer,Peripheral,Charging Dock,Fleet Management,PowerDesk SaaS,10/11/2024,1
CUST-0014,20,Female,Springfield MA,Clinical Administrator,Tablet,Tab Pro 12,Telehealth Consult,EduHealth SaaS,10/12/2024,1
CUST-0208,26,Male,Portland ME,Student / Academic,Peripheral,Stylus Pro,Digital Annotation,SignFlow,10/12/2024,1
CUST-0166,41,Male,Concord NH,Clinical Administrator,Peripheral,Privacy Shield,HIPAA Compliance,SecureView SaaS,10/12/2024,5
CUST-0306,53,Prefer not to say,Manchester NH,Patient / Consumer,Peripheral,Stylus Pro,Digital Annotation,SignFlow,10/12/2024,4
CUST-0353,39,Male,Concord NH,IT & Technology Staff,Peripheral,Wireless Hub,Device Pairing,MeshConnect SaaS,10/13/2024,1
CUST-0105,31,Female,Burlington VT,IT & Technology Staff,Tablet,Tab Compact,Patient Intake,InvTrack Pro,10/13/2024,1
CUST-0379,63,Prefer not to say,Worcester MA,Healthcare Professional,Peripheral,Wireless Hub,Data Aggregation,MeshConnect SaaS,10/13/2024,1
CUST-0200,27,Male,Concord NH,Clinical Administrator,Peripheral,Privacy Shield,HIPAA Compliance,ComplianceGuard,10/13/2024,1
CUST-0192,50,Non-binary,Springfield MA,Healthcare Professional,Peripheral,Wireless Hub,Clinic Network,MeshConnect SaaS,10/13/2024,3
CUST-0047,33,Prefer not to say,Bridgeport CT,Clinical Administrator,Tablet,Tab Pro 12,Clinical Documentation,EduHealth SaaS,10/13/2024,1
CUST-0102,45,Female,Burlington VT,Patient / Consumer,Peripheral,Keyboard Fold,Telehealth Setup,AdminFlow SaaS,10/14/2024,1
CUST-0408,36,Female,Portland ME,Clinical Administrator,Smart Watch,Pulse Elite,Fitness Tracking,FitCore SaaS,10/14/2024,1
CUST-0356,22,Non-binary,Burlington VT,Field Technician,Peripheral,Keyboard Fold,Telehealth Setup,AdminFlow SaaS,10/14/2024,2
CUST-0375,65,Female,Bridgeport CT,Practice Manager,Smart Watch,Pulse Sport,Sleep Analysis,WellnessCloud,10/14/2024,1
CUST-0401,18,Male,Burlington VT,Student / Academic,Peripheral,Charging Dock,Multi-Device Charging,PowerDesk SaaS,10/14/2024,2
CUST-0286,18,Female,Burlington VT,IT & Technology Staff,Smart Watch,Pulse Sport,Fitness Tracking,FitCore SaaS,10/14/2024,1
CUST-0080,22,Female,Bridgeport CT,Healthcare Professional,Peripheral,Keyboard Fold,Remote Input,AdminFlow SaaS,10/14/2024,2
CUST-0089,28,Female,Burlington VT,IT & Technology Staff,Peripheral,Privacy Shield,HIPAA Compliance,ComplianceGuard,10/14/2024,3
CUST-0114,47,Prefer not to say,Providence RI,Field Technician,Peripheral,Keyboard Fold,Telehealth Setup,TeleSetup Pro,10/14/2024,2
CUST-0136,76,Female,Worcester MA,Patient / Consumer,Smart Watch,Pulse Elite,Health Monitoring,HealthSync Pro,10/14/2024,1
CUST-0105,31,Female,Burlington VT,IT & Technology Staff,Tablet,Tab Studio,Remote Diagnosis,DiagnosticAI,10/14/2024,5
CUST-0198,24,Male,Concord NH,Student / Academic,Peripheral,Charging Dock,Multi-Device Charging,FleetCharge Pro,10/15/2024,4
CUST-0183,31,Female,Boston MA,Healthcare Professional,Peripheral,BioSensor Band,Continuous Glucose Monitor,VitalsNet SaaS,10/15/2024,3
CUST-0289,56,Female,Springfield MA,Patient / Consumer,Peripheral,BioSensor Band,Remote Monitoring,VitalsNet SaaS,10/15/2024,3
CUST-0116,32,Male,Concord NH,Field Technician,Tablet,Tab Compact,Inventory Management,InvTrack Pro,10/15/2024,3
CUST-0162,51,Male,Burlington VT,Practice Manager,Peripheral,Charging Dock,Multi-Device Charging,FleetCharge Pro,10/15/2024,1
CUST-0332,19,Female,Manchester NH,Student / Academic,Peripheral,Keyboard Fold,Administrative Tasks,TeleSetup Pro,10/15/2024,4
CUST-0194,26,Female,Portland ME,Clinical Administrator,Smart Watch,Pulse Elite,Remote Patient Check-in,HealthSync Pro,10/15/2024,4
CUST-0101,23,Female,Portland ME,Research Scientist,Tablet,Tab Studio,Data Visualisation,DiagnosticAI,10/15/2024,1
CUST-0035,65,Prefer not to say,Boston MA,Patient / Consumer,Peripheral,BioSensor Band,Continuous Glucose Monitor,VitalsNet SaaS,10/15/2024,1
CUST-0367,25,Female,Springfield MA,Student / Academic,Tablet,Tab Compact,Inventory Management,IntakeFlow,10/16/2024,1
CUST-0231,36,Male,Boston MA,Practice Manager,Tablet,Tab Compact,Inventory Management,FieldOps SaaS,10/16/2024,1
CUST-0357,41,Female,Portland ME,Healthcare Professional,Peripheral,Stylus Pro,Digital Annotation,SignFlow,10/16/2024,2
CUST-0225,44,Female,Bridgeport CT,Patient / Consumer,Tablet,Tab Studio,Creative Workflow,DataViz Suite,10/16/2024,1
CUST-0126,34,Non-binary,Manchester NH,Student / Academic,Smart Watch,Pulse Sport,Fitness Tracking,FitCore SaaS,10/16/2024,1
CUST-0124,29,Male,Bridgeport CT,Patient / Consumer,Peripheral,BioSensor Band,Vitals Streaming,VitalsNet SaaS,10/16/2024,3
CUST-0343,46,Male,Burlington VT,Practice Manager,Smart Watch,Pulse Sport,Activity Logging,WellnessCloud,10/16/2024,1
CUST-0058,22,Male,Portland ME,Student / Academic,Tablet,Tab Studio,Remote Diagnosis,DataViz Suite,10/16/2024,1
CUST-0295,45,Male,Hartford CT,Healthcare Professional,Tablet,Tab Pro 12,Telehealth Consult,TeleDoc Platform,10/16/2024,2
CUST-0360,19,Male,Burlington VT,Student / Academic,Peripheral,Stylus Pro,Digital Annotation,SignFlow,10/16/2024,3
CUST-0345,33,Female,Hartford CT,Clinical Administrator,Tablet,Tab Pro 12,Patient Education,ClinicalOS,10/17/2024,1
CUST-0041,63,Female,Bridgeport CT,Patient / Consumer,Smart Watch,Pulse Sport,Activity Logging,FitCore SaaS,10/17/2024,2
CUST-0185,39,Female,Portland ME,Healthcare Professional,Peripheral,Wireless Hub,Device Pairing,ClinicHub Pro,10/17/2024,5
CUST-0337,38,Female,Concord NH,Patient / Consumer,Smart Watch,Pulse Elite,Remote Patient Check-in,FitCore SaaS,10/17/2024,1
CUST-0027,21,Female,Hartford CT,Field Technician,Tablet,Tab Compact,Inventory Management,FieldOps SaaS,10/17/2024,2
CUST-0079,42,Female,Boston MA,Healthcare Professional,Peripheral,Privacy Shield,Secure Display,SecureView SaaS,10/17/2024,3
CUST-0167,52,Male,Portland ME,Practice Manager,Peripheral,Charging Dock,Fleet Management,FleetCharge Pro,10/17/2024,1
CUST-0065,45,Male,Concord NH,Clinical Administrator,Tablet,Tab Pro 12,Clinical Documentation,ClinicalOS,10/17/2024,1
CUST-0043,40,Female,Hartford CT,Healthcare Professional,Tablet,Tab Pro 12,Patient Education,ClinicalOS,10/18/2024,1
CUST-0234,41,Non-binary,Hartford CT,Patient / Consumer,Smart Watch,Pulse Elite,Fitness Tracking,FitCore SaaS,10/18/2024,2
CUST-0293,30,Prefer not to say,Portland ME,Research Scientist,Tablet,Tab Studio,Remote Diagnosis,DiagnosticAI,10/18/2024,4
CUST-0387,39,Male,Portland ME,Research Scientist,Peripheral,Charging Dock,Fleet Management,FleetCharge Pro,10/18/2024,4
CUST-0160,62,Female,Bridgeport CT,Patient / Consumer,Peripheral,Privacy Shield,HIPAA Compliance,ComplianceGuard,10/18/2024,6
CUST-0253,49,Male,Providence RI,IT & Technology Staff,Tablet,Tab Studio,Remote Diagnosis,DesignHub SaaS,10/18/2024,1
CUST-0308,38,Male,Burlington VT,Practice Manager,Peripheral,Wireless Hub,Device Pairing,MeshConnect SaaS,10/18/2024,1
CUST-0071,45,Prefer not to say,Portland ME,Healthcare Professional,Peripheral,BioSensor Band,Vitals Streaming,BioStream API,10/18/2024,3
CUST-0394,47,Female,Springfield MA,IT & Technology Staff,Tablet,Tab Studio,Data Visualisation,DiagnosticAI,10/19/2024,1
CUST-0392,42,Male,Manchester NH,Clinical Administrator,Peripheral,Charging Dock,Fleet Management,PowerDesk SaaS,10/19/2024,1
CUST-0410,37,Male,Concord NH,IT & Technology Staff,Peripheral,Wireless Hub,Device Pairing,MeshConnect SaaS,10/19/2024,2
CUST-0192,50,Non-binary,Springfield MA,Healthcare Professional,Peripheral,Charging Dock,Clinical Stations,FleetCharge Pro,10/20/2024,1
CUST-0325,35,Male,Boston MA,Patient / Consumer,Peripheral,Stylus Pro,E-Signature,NoteStream SaaS,10/20/2024,3
CUST-0370,31,Female,Boston MA,Clinical Administrator,Peripheral,Keyboard Fold,Telehealth Setup,TeleSetup Pro,10/20/2024,6
CUST-0416,31,Male,Manchester NH,Clinical Administrator,Peripheral,Privacy Shield,Secure Display,ComplianceGuard,10/20/2024,1
CUST-0053,37,Male,Portland ME,Practice Manager,Tablet,Tab Compact,Field Data Entry,FieldOps SaaS,10/20/2024,1
CUST-0306,53,Prefer not to say,Manchester NH,Patient / Consumer,Smart Watch,Pulse Sport,Fitness Tracking,WellnessCloud,10/21/2024,2
CUST-0060,40,Female,Springfield MA,IT & Technology Staff,Tablet,Tab Studio,Creative Workflow,DataViz Suite,10/21/2024,1
CUST-0321,36,Prefer not to say,Hartford CT,Research Scientist,Tablet,Tab Studio,Remote Diagnosis,DiagnosticAI,10/21/2024,2
CUST-0142,30,Female,Hartford CT,Student / Academic,Peripheral,Keyboard Fold,Administrative Tasks,AdminFlow SaaS,10/21/2024,3
CUST-0352,51,Male,Bridgeport CT,Clinical Administrator,Tablet,Tab Pro 12,Telehealth Consult,EduHealth SaaS,10/21/2024,1
CUST-0143,21,Female,Providence RI,Research Scientist,Peripheral,Keyboard Fold,Remote Input,TeleSetup Pro,10/21/2024,3
CUST-0267,46,Male,Hartford CT,IT & Technology Staff,Peripheral,Wireless Hub,Clinic Network,ClinicHub Pro,10/21/2024,2
CUST-0199,42,Female,Hartford CT,Healthcare Professional,Peripheral,BioSensor Band,Continuous Glucose Monitor,BioStream API,10/21/2024,1
CUST-0099,33,Male,Manchester NH,IT & Technology Staff,Peripheral,Keyboard Fold,Remote Input,AdminFlow SaaS,10/21/2024,1
CUST-0357,41,Female,Portland ME,Healthcare Professional,Smart Watch,Pulse Elite,Fitness Tracking,HealthSync Pro,10/22/2024,1
CUST-0013,40,Prefer not to say,Worcester MA,Clinical Administrator,Tablet,Tab Pro 12,Telehealth Consult,EduHealth SaaS,10/22/2024,2
CUST-0120,42,Male,Hartford CT,Research Scientist,Peripheral,BioSensor Band,Remote Monitoring,BioStream API,10/22/2024,2
CUST-0416,31,Male,Manchester NH,Clinical Administrator,Peripheral,Keyboard Fold,Administrative Tasks,AdminFlow SaaS,10/22/2024,4
CUST-0313,35,Female,Portland ME,Field Technician,Tablet,Tab Compact,Field Data Entry,IntakeFlow,10/22/2024,2
CUST-0266,18,Male,Manchester NH,Student / Academic,Tablet,Tab Pro 12,Patient Education,TeleDoc Platform,10/22/2024,1
CUST-0049,35,Male,Springfield MA,IT & Technology Staff,Peripheral,Wireless Hub,Data Aggregation,MeshConnect SaaS,10/23/2024,1
CUST-0047,33,Prefer not to say,Bridgeport CT,Clinical Administrator,Peripheral,Stylus Pro,E-Signature,SignFlow,10/23/2024,2
CUST-0284,31,Male,Bridgeport CT,Practice Manager,Smart Watch,Pulse Sport,Sleep Analysis,WellnessCloud,10/23/2024,4
CUST-0251,24,Male,Bridgeport CT,Research Scientist,Tablet,Tab Compact,Inventory Management,IntakeFlow,10/23/2024,1
CUST-0414,56,Female,Worcester MA,Practice Manager,Smart Watch,Pulse Sport,Sleep Analysis,WellnessCloud,10/23/2024,1
CUST-0145,25,Male,Portland ME,Student / Academic,Peripheral,Stylus Pro,Clinical Note-taking,NoteStream SaaS,10/23/2024,3
CUST-0095,45,Male,Bridgeport CT,Patient / Consumer,Smart Watch,Pulse Elite,Health Monitoring,HealthSync Pro,10/23/2024,2
CUST-0256,44,Female,Burlington VT,Patient / Consumer,Tablet,Tab Compact,Inventory Management,IntakeFlow,10/23/2024,1
CUST-0398,73,Male,Springfield MA,Patient / Consumer,Peripheral,Stylus Pro,E-Signature,SignFlow,10/23/2024,2
CUST-0302,21,Female,Worcester MA,Student / Academic,Peripheral,Wireless Hub,Clinic Network,MeshConnect SaaS,10/23/2024,4
CUST-0290,37,Female,Hartford CT,Practice Manager,Peripheral,Wireless Hub,Device Pairing,MeshConnect SaaS,10/24/2024,1
CUST-0222,21,Female,Concord NH,Clinical Administrator,Tablet,Tab Studio,Creative Workflow,DataViz Suite,10/24/2024,2
CUST-0293,30,Prefer not to say,Portland ME,Research Scientist,Peripheral,BioSensor Band,Vitals Streaming,VitalsNet SaaS,10/24/2024,2
CUST-0235,57,Female,Worcester MA,Clinical Administrator,Tablet,Tab Pro 12,Patient Education,TeleDoc Platform,10/24/2024,2
CUST-0338,35,Female,Manchester NH,Clinical Administrator,Peripheral,Wireless Hub,Data Aggregation,MeshConnect SaaS,10/24/2024,4
CUST-0256,44,Female,Burlington VT,Patient / Consumer,Peripheral,Charging Dock,Clinical Stations,FleetCharge Pro,10/24/2024,1
CUST-0024,23,Female,Concord NH,Research Scientist,Peripheral,BioSensor Band,Vitals Streaming,BioStream API,10/24/2024,5
CUST-0285,50,Male,Springfield MA,IT & Technology Staff,Peripheral,Wireless Hub,Data Aggregation,MeshConnect SaaS,10/24/2024,1
CUST-0246,34,Male,Worcester MA,Clinical Administrator,Peripheral,Charging Dock,Multi-Device Charging,PowerDesk SaaS,10/24/2024,1
CUST-0103,38,Male,Worcester MA,Healthcare Professional,Peripheral,Stylus Pro,E-Signature,SignFlow,10/24/2024,8
CUST-0241,36,Non-binary,Burlington VT,Practice Manager,Peripheral,Keyboard Fold,Administrative Tasks,TeleSetup Pro,10/24/2024,3
CUST-0360,19,Male,Burlington VT,Student / Academic,Peripheral,Charging Dock,Fleet Management,PowerDesk SaaS,10/25/2024,2
CUST-0195,39,Female,Burlington VT,Clinical Administrator,Peripheral,Keyboard Fold,Administrative Tasks,AdminFlow SaaS,10/25/2024,2
CUST-0163,46,Male,Concord NH,Research Scientist,Tablet,Tab Studio,Data Visualisation,DesignHub SaaS,10/25/2024,1
CUST-0230,62,Female,Providence RI,Patient / Consumer,Smart Watch,Pulse Sport,Activity Logging,FitCore SaaS,10/25/2024,1
CUST-0196,41,Female,Springfield MA,Clinical Administrator,Tablet,Tab Pro 12,Patient Education,TeleDoc Platform,10/25/2024,1
CUST-0179,39,Male,Concord NH,Healthcare Professional,Peripheral,Stylus Pro,Clinical Note-taking,SignFlow,10/25/2024,1
CUST-0189,35,Female,Concord NH,Practice Manager,Peripheral,Keyboard Fold,Telehealth Setup,AdminFlow SaaS,10/25/2024,3
CUST-0346,44,Female,Bridgeport CT,Healthcare Professional,Tablet,Tab Pro 12,Telehealth Consult,TeleDoc Platform,10/25/2024,2
CUST-0069,47,Female,Bridgeport CT,Practice Manager,Peripheral,Keyboard Fold,Administrative Tasks,AdminFlow SaaS,10/25/2024,3
CUST-0035,65,Prefer not to say,Boston MA,Patient / Consumer,Peripheral,BioSensor Band,Continuous Glucose Monitor,BioStream API,10/25/2024,1
CUST-0240,43,Female,Worcester MA,Research Scientist,Peripheral,Stylus Pro,Clinical Note-taking,SignFlow,10/25/2024,1
CUST-0077,44,Male,Burlington VT,Practice Manager,Peripheral,Charging Dock,Multi-Device Charging,FleetCharge Pro,10/25/2024,1
CUST-0410,37,Male,Concord NH,IT & Technology Staff,Peripheral,Wireless Hub,Device Pairing,MeshConnect SaaS,10/25/2024,2
CUST-0336,31,Male,Hartford CT,IT & Technology Staff,Peripheral,Keyboard Fold,Telehealth Setup,AdminFlow SaaS,10/26/2024,3
CUST-0258,34,Female,Concord NH,Healthcare Professional,Peripheral,BioSensor Band,Vitals Streaming,VitalsNet SaaS,10/26/2024,3
CUST-0417,76,Female,Springfield MA,Patient / Consumer,Peripheral,BioSensor Band,Continuous Glucose Monitor,BioStream API,10/27/2024,3
CUST-0113,38,Male,Bridgeport CT,Clinical Administrator,Tablet,Tab Pro 12,Clinical Documentation,ClinicalOS,10/27/2024,5
CUST-0116,32,Male,Concord NH,Field Technician,Smart Watch,Pulse Elite,Fitness Tracking,FitCore SaaS,10/27/2024,1
CUST-0244,43,Female,Burlington VT,Research Scientist,Tablet,Tab Studio,Data Visualisation,DesignHub SaaS,10/28/2024,1
CUST-0003,43,Female,Boston MA,Clinical Administrator,Peripheral,Wireless Hub,Clinic Network,MeshConnect SaaS,10/28/2024,4
CUST-0378,54,Female,Boston MA,Patient / Consumer,Peripheral,BioSensor Band,Vitals Streaming,BioStream API,10/28/2024,5
CUST-0253,49,Male,Providence RI,IT & Technology Staff,Peripheral,Stylus Pro,Clinical Note-taking,SignFlow,10/28/2024,2
CUST-0056,46,Female,Boston MA,Clinical Administrator,Peripheral,Keyboard Fold,Remote Input,AdminFlow SaaS,10/28/2024,3
CUST-0375,65,Female,Bridgeport CT,Practice Manager,Smart Watch,Pulse Sport,Fitness Tracking,WellnessCloud,10/28/2024,1
CUST-0197,33,Male,Worcester MA,Healthcare Professional,Tablet,Tab Pro 12,Clinical Documentation,ClinicalOS,10/28/2024,1
CUST-0293,30,Prefer not to say,Portland ME,Research Scientist,Peripheral,BioSensor Band,Vitals Streaming,BioStream API,10/28/2024,5
CUST-0328,43,Female,Springfield MA,Research Scientist,Peripheral,BioSensor Band,Continuous Glucose Monitor,VitalsNet SaaS,10/28/2024,1
CUST-0002,34,Male,Manchester NH,Research Scientist,Peripheral,Stylus Pro,Clinical Note-taking,NoteStream SaaS,10/28/2024,1
CUST-0108,39,Non-binary,Providence RI,Clinical Administrator,Peripheral,Wireless Hub,Device Pairing,MeshConnect SaaS,10/28/2024,3
CUST-0014,20,Female,Springfield MA,Clinical Administrator,Tablet,Tab Compact,Inventory Management,FieldOps SaaS,10/29/2024,1
CUST-0352,51,Male,Bridgeport CT,Clinical Administrator,Tablet,Tab Studio,Data Visualisation,DataViz Suite,10/29/2024,1
CUST-0358,41,Female,Portland ME,Practice Manager,Peripheral,Charging Dock,Fleet Management,FleetCharge Pro,10/29/2024,2
CUST-0302,21,Female,Worcester MA,Student / Academic,Peripheral,BioSensor Band,Remote Monitoring,VitalsNet SaaS,10/29/2024,5
CUST-0133,31,Female,Bridgeport CT,Healthcare Professional,Peripheral,Stylus Pro,Digital Annotation,NoteStream SaaS,10/29/2024,5
CUST-0115,34,Female,Providence RI,Research Scientist,Tablet,Tab Pro 12,Patient Education,EduHealth SaaS,10/29/2024,1
CUST-0096,28,Female,Bridgeport CT,Patient / Consumer,Peripheral,BioSensor Band,Vitals Streaming,VitalsNet SaaS,10/29/2024,1
CUST-0122,27,Male,Portland ME,Research Scientist,Smart Watch,Pulse Elite,Fitness Tracking,HealthSync Pro,10/29/2024,1
CUST-0161,34,Female,Burlington VT,Practice Manager,Tablet,Tab Pro 12,Telehealth Consult,TeleDoc Platform,10/30/2024,1
CUST-0033,29,Female,Worcester MA,Field Technician,Peripheral,Keyboard Fold,Administrative Tasks,AdminFlow SaaS,10/30/2024,7
CUST-0216,64,Male,Portland ME,Patient / Consumer,Smart Watch,Pulse Sport,Sleep Analysis,FitCore SaaS,10/30/2024,1
CUST-0187,36,Male,Hartford CT,IT & Technology Staff,Peripheral,Keyboard Fold,Remote Input,TeleSetup Pro,10/30/2024,1
CUST-0225,44,Female,Bridgeport CT,Patient / Consumer,Peripheral,Privacy Shield,Screen Privacy,ComplianceGuard,10/30/2024,1
CUST-0006,28,Male,Springfield MA,Field Technician,Tablet,Tab Compact,Inventory Management,IntakeFlow,10/30/2024,1
CUST-0062,28,Male,Manchester NH,Field Technician,Smart Watch,Pulse Sport,Sleep Analysis,FitCore SaaS,10/31/2024,1
CUST-0196,41,Female,Springfield MA,Clinical Administrator,Tablet,Tab Compact,Field Data Entry,InvTrack Pro,10/31/2024,1
CUST-0224,21,Male,Hartford CT,Research Scientist,Peripheral,BioSensor Band,Continuous Glucose Monitor,VitalsNet SaaS,10/31/2024,4
CUST-0173,29,Female,Worcester MA,Field Technician,Tablet,Tab Studio,Data Visualisation,DataViz Suite,10/31/2024,3
CUST-0413,24,Male,Worcester MA,Clinical Administrator,Peripheral,Charging Dock,Multi-Device Charging,FleetCharge Pro,10/31/2024,1
CUST-0165,36,Female,Portland ME,Field Technician,Tablet,Tab Compact,Patient Intake,IntakeFlow,10/31/2024,2
CUST-0078,33,Prefer not to say,Springfield MA,Research Scientist,Tablet,Tab Studio,Creative Workflow,DesignHub SaaS,10/31/2024,1
CUST-0102,45,Female,Burlington VT,Patient / Consumer,Peripheral,BioSensor Band,Continuous Glucose Monitor,BioStream API,11/1/2024,2
CUST-0264,22,Female,Hartford CT,Field Technician,Tablet,Tab Studio,Creative Workflow,DesignHub SaaS,11/1/2024,2
CUST-0126,34,Non-binary,Manchester NH,Student / Academic,Peripheral,Stylus Pro,Digital Annotation,NoteStream SaaS,11/1/2024,2
CUST-0406,37,Female,Worcester MA,IT & Technology Staff,Tablet,Tab Studio,Remote Diagnosis,DataViz Suite,11/1/2024,1
CUST-0118,33,Male,Manchester NH,Patient / Consumer,Smart Watch,Pulse Elite,Fitness Tracking,HealthSync Pro,11/1/2024,1
CUST-0217,39,Female,Concord NH,Patient / Consumer,Tablet,Tab Pro 12,Patient Education,ClinicalOS,11/1/2024,3
CUST-0020,29,Female,Manchester NH,Patient / Consumer,Smart Watch,Pulse Sport,Sleep Analysis,WellnessCloud,11/2/2024,1
CUST-0100,31,Male,Springfield MA,IT & Technology Staff,Tablet,Tab Studio,Data Visualisation,DiagnosticAI,11/2/2024,1
CUST-0299,45,Female,Hartford CT,Clinical Administrator,Peripheral,Privacy Shield,Secure Display,SecureView SaaS,11/2/2024,1
CUST-0220,24,Male,Hartford CT,Student / Academic,Smart Watch,Pulse Elite,Fitness Tracking,FitCore SaaS,11/2/2024,1
CUST-0213,53,Female,Portland ME,Practice Manager,Peripheral,Wireless Hub,Data Aggregation,MeshConnect SaaS,11/3/2024,3
CUST-0300,48,Female,Worcester MA,Healthcare Professional,Peripheral,BioSensor Band,Continuous Glucose Monitor,BioStream API,11/3/2024,3
CUST-0417,76,Female,Springfield MA,Patient / Consumer,Peripheral,BioSensor Band,Remote Monitoring,BioStream API,11/4/2024,1
CUST-0063,22,Male,Worcester MA,Field Technician,Peripheral,Privacy Shield,HIPAA Compliance,ComplianceGuard,11/4/2024,1
CUST-0235,57,Female,Worcester MA,Clinical Administrator,Peripheral,Privacy Shield,Screen Privacy,ComplianceGuard,11/4/2024,3
CUST-0041,63,Female,Bridgeport CT,Patient / Consumer,Tablet,Tab Pro 12,Patient Education,ClinicalOS,11/5/2024,1
CUST-0109,44,Female,Springfield MA,Healthcare Professional,Peripheral,Privacy Shield,HIPAA Compliance,SecureView SaaS,11/5/2024,1
CUST-0117,29,Female,Portland ME,Field Technician,Peripheral,Privacy Shield,HIPAA Compliance,SecureView SaaS,11/5/2024,1
CUST-0116,32,Male,Concord NH,Field Technician,Peripheral,Keyboard Fold,Administrative Tasks,AdminFlow SaaS,11/5/2024,1
CUST-0321,36,Prefer not to say,Hartford CT,Research Scientist,Tablet,Tab Compact,Field Data Entry,InvTrack Pro,11/5/2024,1
CUST-0067,43,Male,Providence RI,Practice Manager,Peripheral,Wireless Hub,Clinic Network,MeshConnect SaaS,11/5/2024,6
CUST-0379,63,Prefer not to say,Worcester MA,Healthcare Professional,Peripheral,BioSensor Band,Remote Monitoring,BioStream API,11/5/2024,3
CUST-0205,25,Male,Hartford CT,Clinical Administrator,Peripheral,Keyboard Fold,Remote Input,TeleSetup Pro,11/5/2024,2
CUST-0063,22,Male,Worcester MA,Field Technician,Tablet,Tab Pro 12,Clinical Documentation,ClinicalOS,11/5/2024,1
CUST-0209,26,Female,Concord NH,Student / Academic,Smart Watch,Pulse Sport,Fitness Tracking,WellnessCloud,11/5/2024,1
CUST-0270,54,Male,Worcester MA,Patient / Consumer,Tablet,Tab Studio,Data Visualisation,DesignHub SaaS,11/6/2024,2
CUST-0161,34,Female,Burlington VT,Practice Manager,Tablet,Tab Pro 12,Patient Education,ClinicalOS,11/6/2024,1
CUST-0307,38,Prefer not to say,Manchester NH,Field Technician,Tablet,Tab Compact,Field Data Entry,InvTrack Pro,11/6/2024,2
CUST-0070,32,Male,Bridgeport CT,Clinical Administrator,Peripheral,Charging Dock,Clinical Stations,PowerDesk SaaS,11/6/2024,2
CUST-0100,31,Male,Springfield MA,IT & Technology Staff,Tablet,Tab Compact,Patient Intake,InvTrack Pro,11/6/2024,1
CUST-0228,34,Male,Bridgeport CT,Patient / Consumer,Peripheral,Wireless Hub,Clinic Network,MeshConnect SaaS,11/6/2024,3
CUST-0230,62,Female,Providence RI,Patient / Consumer,Peripheral,BioSensor Band,Remote Monitoring,VitalsNet SaaS,11/6/2024,1
CUST-0370,31,Female,Boston MA,Clinical Administrator,Tablet,Tab Compact,Patient Intake,IntakeFlow,11/7/2024,2
CUST-0078,33,Prefer not to say,Springfield MA,Research Scientist,Smart Watch,Pulse Elite,Health Monitoring,FitCore SaaS,11/7/2024,1
CUST-0250,41,Female,Burlington VT,Clinical Administrator,Tablet,Tab Pro 12,Clinical Documentation,ClinicalOS,11/7/2024,1
CUST-0088,25,Male,Worcester MA,Student / Academic,Smart Watch,Pulse Sport,Fitness Tracking,FitCore SaaS,11/7/2024,1
CUST-0314,52,Non-binary,Providence RI,Practice Manager,Tablet,Tab Studio,Remote Diagnosis,DesignHub SaaS,11/7/2024,4
CUST-0168,43,Male,Springfield MA,Field Technician,Peripheral,Privacy Shield,Screen Privacy,ComplianceGuard,11/7/2024,5
CUST-0376,31,Female,Portland ME,Clinical Administrator,Peripheral,Charging Dock,Multi-Device Charging,FleetCharge Pro,11/7/2024,1
CUST-0072,45,Male,Hartford CT,IT & Technology Staff,Tablet,Tab Pro 12,Telehealth Consult,TeleDoc Platform,11/7/2024,2
CUST-0058,22,Male,Portland ME,Student / Academic,Peripheral,Stylus Pro,Clinical Note-taking,NoteStream SaaS,11/7/2024,1
CUST-0022,31,Female,Burlington VT,IT & Technology Staff,Peripheral,Keyboard Fold,Administrative Tasks,TeleSetup Pro,11/7/2024,3
CUST-0095,45,Male,Bridgeport CT,Patient / Consumer,Smart Watch,Pulse Sport,Sleep Analysis,FitCore SaaS,11/7/2024,1
CUST-0109,44,Female,Springfield MA,Healthcare Professional,Peripheral,BioSensor Band,Continuous Glucose Monitor,BioStream API,11/7/2024,1
CUST-0282,50,Non-binary,Burlington VT,Practice Manager,Peripheral,Wireless Hub,Clinic Network,MeshConnect SaaS,11/7/2024,1
CUST-0413,24,Male,Worcester MA,Clinical Administrator,Tablet,Tab Pro 12,Patient Education,EduHealth SaaS,11/8/2024,1
CUST-0177,42,Male,Worcester MA,Healthcare Professional,Peripheral,Charging Dock,Multi-Device Charging,PowerDesk SaaS,11/8/2024,4
CUST-0407,28,Male,Boston MA,Clinical Administrator,Peripheral,Charging Dock,Fleet Management,FleetCharge Pro,11/8/2024,3
CUST-0370,31,Female,Boston MA,Clinical Administrator,Tablet,Tab Pro 12,Telehealth Consult,ClinicalOS,11/8/2024,1
CUST-0289,56,Female,Springfield MA,Patient / Consumer,Smart Watch,Pulse Elite,Fitness Tracking,HealthSync Pro,11/8/2024,1
CUST-0419,53,Male,Springfield MA,Healthcare Professional,Peripheral,Stylus Pro,Digital Annotation,NoteStream SaaS,11/8/2024,2
CUST-0408,36,Female,Portland ME,Clinical Administrator,Tablet,Tab Pro 12,Clinical Documentation,TeleDoc Platform,11/8/2024,1
CUST-0198,24,Male,Concord NH,Student / Academic,Smart Watch,Pulse Elite,Health Monitoring,HealthSync Pro,11/9/2024,1
CUST-0364,39,Prefer not to say,Springfield MA,Research Scientist,Smart Watch,Pulse Elite,Fitness Tracking,HealthSync Pro,11/9/2024,2
CUST-0127,36,Male,Burlington VT,Patient / Consumer,Peripheral,BioSensor Band,Remote Monitoring,VitalsNet SaaS,11/9/2024,2
CUST-0003,43,Female,Boston MA,Clinical Administrator,Peripheral,Charging Dock,Multi-Device Charging,PowerDesk SaaS,11/10/2024,4
CUST-0072,45,Male,Hartford CT,IT & Technology Staff,Peripheral,Wireless Hub,Device Pairing,ClinicHub Pro,11/10/2024,1
CUST-0213,53,Female,Portland ME,Practice Manager,Tablet,Tab Studio,Remote Diagnosis,DesignHub SaaS,11/10/2024,1
CUST-0210,80,Female,Burlington VT,Patient / Consumer,Peripheral,Wireless Hub,Data Aggregation,ClinicHub Pro,11/11/2024,1
CUST-0115,34,Female,Providence RI,Research Scientist,Tablet,Tab Studio,Data Visualisation,DiagnosticAI,11/11/2024,1
CUST-0267,46,Male,Hartford CT,IT & Technology Staff,Peripheral,Privacy Shield,HIPAA Compliance,ComplianceGuard,11/11/2024,6
CUST-0252,44,Female,Burlington VT,Research Scientist,Tablet,Tab Studio,Remote Diagnosis,DataViz Suite,11/11/2024,3
CUST-0262,43,Female,Hartford CT,Practice Manager,Peripheral,Charging Dock,Multi-Device Charging,PowerDesk SaaS,11/11/2024,3
CUST-0384,21,Male,Springfield MA,Student / Academic,Peripheral,Charging Dock,Multi-Device Charging,PowerDesk SaaS,11/11/2024,3
CUST-0280,32,Prefer not to say,Manchester NH,Research Scientist,Smart Watch,Pulse Elite,Fitness Tracking,HealthSync Pro,11/11/2024,1
CUST-0105,31,Female,Burlington VT,IT & Technology Staff,Peripheral,Wireless Hub,Device Pairing,MeshConnect SaaS,11/11/2024,3
CUST-0109,44,Female,Springfield MA,Healthcare Professional,Smart Watch,Pulse Elite,Fitness Tracking,HealthSync Pro,11/11/2024,2
CUST-0015,18,Female,Manchester NH,Student / Academic,Peripheral,Keyboard Fold,Remote Input,TeleSetup Pro,11/11/2024,1
CUST-0391,19,Non-binary,Hartford CT,Student / Academic,Peripheral,Stylus Pro,Clinical Note-taking,NoteStream SaaS,11/11/2024,3
CUST-0240,43,Female,Worcester MA,Research Scientist,Smart Watch,Pulse Elite,Fitness Tracking,HealthSync Pro,11/11/2024,1
CUST-0385,39,Female,Springfield MA,Patient / Consumer,Smart Watch,Pulse Sport,Activity Logging,FitCore SaaS,11/11/2024,2
CUST-0345,33,Female,Hartford CT,Clinical Administrator,Smart Watch,Pulse Sport,Activity Logging,FitCore SaaS,11/12/2024,2
CUST-0288,61,Female,Burlington VT,Patient / Consumer,Tablet,Tab Studio,Data Visualisation,DesignHub SaaS,11/12/2024,1
CUST-0045,28,Male,Portland ME,Patient / Consumer,Smart Watch,Pulse Elite,Health Monitoring,HealthSync Pro,11/12/2024,1
CUST-0294,35,Male,Worcester MA,Field Technician,Peripheral,Privacy Shield,Screen Privacy,ComplianceGuard,11/12/2024,6
CUST-0035,65,Prefer not to say,Boston MA,Patient / Consumer,Peripheral,Privacy Shield,Secure Display,SecureView SaaS,11/12/2024,2
CUST-0395,29,Female,Worcester MA,Student / Academic,Peripheral,Charging Dock,Clinical Stations,FleetCharge Pro,11/12/2024,4
CUST-0036,27,Female,Bridgeport CT,Clinical Administrator,Peripheral,Keyboard Fold,Administrative Tasks,TeleSetup Pro,11/12/2024,1
CUST-0023,36,Female,Boston MA,Research Scientist,Smart Watch,Pulse Sport,Sleep Analysis,WellnessCloud,11/12/2024,2
CUST-0364,39,Prefer not to say,Springfield MA,Research Scientist,Tablet,Tab Pro 12,Telehealth Consult,EduHealth SaaS,11/12/2024,1
CUST-0181,34,Male,Worcester MA,Field Technician,Peripheral,Stylus Pro,Clinical Note-taking,SignFlow,11/12/2024,2
CUST-0335,28,Female,Burlington VT,Student / Academic,Tablet,Tab Compact,Field Data Entry,IntakeFlow,11/12/2024,1
CUST-0335,28,Female,Burlington VT,Student / Academic,Peripheral,Wireless Hub,Clinic Network,ClinicHub Pro,11/12/2024,2
CUST-0191,29,Prefer not to say,Manchester NH,IT & Technology Staff,Smart Watch,Pulse Sport,Fitness Tracking,WellnessCloud,11/12/2024,2
CUST-0006,28,Male,Springfield MA,Field Technician,Smart Watch,Pulse Sport,Sleep Analysis,FitCore SaaS,11/12/2024,2
CUST-0243,47,Female,Manchester NH,Healthcare Professional,Smart Watch,Pulse Sport,Fitness Tracking,WellnessCloud,11/12/2024,2
CUST-0294,35,Male,Worcester MA,Field Technician,Peripheral,Privacy Shield,HIPAA Compliance,SecureView SaaS,11/12/2024,1
CUST-0144,39,Male,Springfield MA,Clinical Administrator,Tablet,Tab Compact,Patient Intake,IntakeFlow,11/13/2024,2
CUST-0198,24,Male,Concord NH,Student / Academic,Tablet,Tab Compact,Field Data Entry,InvTrack Pro,11/13/2024,1
CUST-0259,59,Male,Portland ME,Patient / Consumer,Peripheral,Privacy Shield,Secure Display,ComplianceGuard,11/13/2024,3
CUST-0394,47,Female,Springfield MA,IT & Technology Staff,Peripheral,Keyboard Fold,Administrative Tasks,TeleSetup Pro,11/13/2024,1
CUST-0403,42,Female,Burlington VT,Healthcare Professional,Smart Watch,Pulse Sport,Sleep Analysis,FitCore SaaS,11/13/2024,1
CUST-0160,62,Female,Bridgeport CT,Patient / Consumer,Peripheral,Privacy Shield,Secure Display,SecureView SaaS,11/13/2024,1
CUST-0291,41,Male,Bridgeport CT,Practice Manager,Tablet,Tab Pro 12,Telehealth Consult,TeleDoc Platform,11/13/2024,2
CUST-0074,45,Male,Worcester MA,IT & Technology Staff,Peripheral,Charging Dock,Multi-Device Charging,FleetCharge Pro,11/13/2024,2
CUST-0155,40,Female,Hartford CT,Clinical Administrator,Peripheral,Privacy Shield,HIPAA Compliance,SecureView SaaS,11/13/2024,2
CUST-0068,68,Female,Manchester NH,Patient / Consumer,Smart Watch,Pulse Elite,Fitness Tracking,FitCore SaaS,11/13/2024,1
CUST-0333,53,Male,Worcester MA,Patient / Consumer,Tablet,Tab Studio,Creative Workflow,DataViz Suite,11/14/2024,1
CUST-0294,35,Male,Worcester MA,Field Technician,Peripheral,Stylus Pro,E-Signature,SignFlow,11/14/2024,7
CUST-0294,35,Male,Worcester MA,Field Technician,Peripheral,Privacy Shield,HIPAA Compliance,SecureView SaaS,11/14/2024,3
CUST-0024,23,Female,Concord NH,Research Scientist,Peripheral,Charging Dock,Multi-Device Charging,FleetCharge Pro,11/14/2024,1
CUST-0107,43,Female,Manchester NH,Field Technician,Peripheral,Charging Dock,Clinical Stations,FleetCharge Pro,11/14/2024,1
CUST-0351,56,Prefer not to say,Manchester NH,Patient / Consumer,Peripheral,Keyboard Fold,Remote Input,AdminFlow SaaS,11/14/2024,2
CUST-0403,42,Female,Burlington VT,Healthcare Professional,Peripheral,BioSensor Band,Remote Monitoring,BioStream API,11/14/2024,5
CUST-0180,60,Female,Concord NH,Research Scientist,Peripheral,BioSensor Band,Vitals Streaming,VitalsNet SaaS,11/14/2024,3
CUST-0094,35,Female,Concord NH,Clinical Administrator,Peripheral,Keyboard Fold,Administrative Tasks,TeleSetup Pro,11/14/2024,4
CUST-0366,32,Female,Portland ME,Research Scientist,Tablet,Tab Studio,Remote Diagnosis,DiagnosticAI,11/14/2024,1
CUST-0364,39,Prefer not to say,Springfield MA,Research Scientist,Peripheral,BioSensor Band,Vitals Streaming,VitalsNet SaaS,11/15/2024,2
CUST-0188,37,Female,Portland ME,Clinical Administrator,Tablet,Tab Pro 12,Telehealth Consult,EduHealth SaaS,11/15/2024,3
CUST-0058,22,Male,Portland ME,Student / Academic,Peripheral,Stylus Pro,E-Signature,NoteStream SaaS,11/15/2024,4
CUST-0392,42,Male,Manchester NH,Clinical Administrator,Peripheral,Stylus Pro,E-Signature,NoteStream SaaS,11/15/2024,2
CUST-0332,19,Female,Manchester NH,Student / Academic,Peripheral,Privacy Shield,Secure Display,ComplianceGuard,11/15/2024,1
CUST-0072,45,Male,Hartford CT,IT & Technology Staff,Tablet,Tab Compact,Inventory Management,FieldOps SaaS,11/15/2024,2
CUST-0370,31,Female,Boston MA,Clinical Administrator,Tablet,Tab Pro 12,Patient Education,ClinicalOS,11/16/2024,1
CUST-0059,57,Female,Portland ME,Patient / Consumer,Smart Watch,Pulse Elite,Health Monitoring,FitCore SaaS,11/16/2024,3
CUST-0371,33,Male,Portland ME,IT & Technology Staff,Peripheral,Wireless Hub,Data Aggregation,ClinicHub Pro,11/16/2024,3
CUST-0182,38,Female,Hartford CT,Patient / Consumer,Smart Watch,Pulse Sport,Fitness Tracking,WellnessCloud,11/17/2024,4
CUST-0067,43,Male,Providence RI,Practice Manager,Peripheral,Charging Dock,Multi-Device Charging,PowerDesk SaaS,11/17/2024,1
CUST-0238,54,Male,Portland ME,Patient / Consumer,Tablet,Tab Studio,Creative Workflow,DiagnosticAI,11/17/2024,1
CUST-0395,29,Female,Worcester MA,Student / Academic,Smart Watch,Pulse Elite,Remote Patient Check-in,HealthSync Pro,11/17/2024,1
CUST-0309,47,Male,Boston MA,Healthcare Professional,Peripheral,BioSensor Band,Remote Monitoring,BioStream API,11/17/2024,5
CUST-0076,65,Male,Bridgeport CT,Patient / Consumer,Peripheral,BioSensor Band,Vitals Streaming,BioStream API,11/17/2024,4
CUST-0235,57,Female,Worcester MA,Clinical Administrator,Peripheral,Keyboard Fold,Remote Input,AdminFlow SaaS,11/18/2024,1
CUST-0051,38,Female,Worcester MA,Research Scientist,Smart Watch,Pulse Sport,Activity Logging,FitCore SaaS,11/18/2024,3
CUST-0263,18,Male,Springfield MA,Patient / Consumer,Peripheral,BioSensor Band,Vitals Streaming,VitalsNet SaaS,11/18/2024,1
CUST-0217,39,Female,Concord NH,Patient / Consumer,Smart Watch,Pulse Sport,Sleep Analysis,WellnessCloud,11/18/2024,1
CUST-0193,31,Male,Portland ME,Field Technician,Peripheral,Charging Dock,Multi-Device Charging,PowerDesk SaaS,11/18/2024,1
CUST-0005,39,Female,Bridgeport CT,Healthcare Professional,Tablet,Tab Pro 12,Telehealth Consult,ClinicalOS,11/18/2024,1
CUST-0364,39,Prefer not to say,Springfield MA,Research Scientist,Peripheral,BioSensor Band,Remote Monitoring,BioStream API,11/19/2024,5
CUST-0325,35,Male,Boston MA,Patient / Consumer,Tablet,Tab Studio,Remote Diagnosis,DiagnosticAI,11/19/2024,2
CUST-0414,56,Female,Worcester MA,Practice Manager,Tablet,Tab Compact,Field Data Entry,InvTrack Pro,11/19/2024,1
CUST-0420,42,Male,Burlington VT,Healthcare Professional,Smart Watch,Pulse Elite,Remote Patient Check-in,HealthSync Pro,11/19/2024,1
CUST-0076,65,Male,Bridgeport CT,Patient / Consumer,Peripheral,Wireless Hub,Data Aggregation,ClinicHub Pro,11/19/2024,3
CUST-0149,49,Male,Springfield MA,Practice Manager,Peripheral,Charging Dock,Multi-Device Charging,FleetCharge Pro,11/19/2024,2
CUST-0026,24,Male,Hartford CT,Student / Academic,Tablet,Tab Compact,Inventory Management,FieldOps SaaS,11/19/2024,1
CUST-0310,48,Male,Worcester MA,Patient / Consumer,Smart Watch,Pulse Sport,Activity Logging,FitCore SaaS,11/19/2024,3
CUST-0253,49,Male,Providence RI,IT & Technology Staff,Peripheral,Charging Dock,Fleet Management,PowerDesk SaaS,11/19/2024,1
CUST-0043,40,Female,Hartford CT,Healthcare Professional,Peripheral,Keyboard Fold,Administrative Tasks,AdminFlow SaaS,11/19/2024,4
CUST-0420,42,Male,Burlington VT,Healthcare Professional,Tablet,Tab Pro 12,Clinical Documentation,TeleDoc Platform,11/19/2024,1
CUST-0392,42,Male,Manchester NH,Clinical Administrator,Smart Watch,Pulse Elite,Health Monitoring,FitCore SaaS,11/20/2024,1
CUST-0242,29,Male,Springfield MA,Field Technician,Tablet,Tab Compact,Field Data Entry,InvTrack Pro,11/20/2024,1
CUST-0366,32,Female,Portland ME,Research Scientist,Peripheral,BioSensor Band,Continuous Glucose Monitor,VitalsNet SaaS,11/20/2024,1
CUST-0302,21,Female,Worcester MA,Student / Academic,Smart Watch,Pulse Sport,Fitness Tracking,WellnessCloud,11/20/2024,1
CUST-0229,27,Male,Boston MA,IT & Technology Staff,Peripheral,Wireless Hub,Data Aggregation,ClinicHub Pro,11/20/2024,1
CUST-0017,28,Female,Manchester NH,Clinical Administrator,Peripheral,Keyboard Fold,Administrative Tasks,TeleSetup Pro,11/20/2024,4
CUST-0002,34,Male,Manchester NH,Research Scientist,Peripheral,BioSensor Band,Continuous Glucose Monitor,BioStream API,11/20/2024,4
CUST-0006,28,Male,Springfield MA,Field Technician,Tablet,Tab Compact,Inventory Management,FieldOps SaaS,11/20/2024,1
CUST-0306,53,Prefer not to say,Manchester NH,Patient / Consumer,Peripheral,Keyboard Fold,Administrative Tasks,AdminFlow SaaS,11/20/2024,1
CUST-0155,40,Female,Hartford CT,Clinical Administrator,Peripheral,Wireless Hub,Device Pairing,MeshConnect SaaS,11/21/2024,2
CUST-0282,50,Non-binary,Burlington VT,Practice Manager,Smart Watch,Pulse Sport,Fitness Tracking,WellnessCloud,11/21/2024,3
CUST-0151,46,Male,Providence RI,Practice Manager,Peripheral,Wireless Hub,Data Aggregation,MeshConnect SaaS,11/21/2024,2
CUST-0261,32,Female,Providence RI,Healthcare Professional,Peripheral,Wireless Hub,Device Pairing,ClinicHub Pro,11/21/2024,8
CUST-0400,47,Female,Concord NH,Research Scientist,Tablet,Tab Studio,Remote Diagnosis,DataViz Suite,11/21/2024,5
CUST-0391,19,Non-binary,Hartford CT,Student / Academic,Peripheral,Stylus Pro,Digital Annotation,SignFlow,11/21/2024,1
CUST-0072,45,Male,Hartford CT,IT & Technology Staff,Peripheral,Keyboard Fold,Remote Input,TeleSetup Pro,11/21/2024,1
CUST-0043,40,Female,Hartford CT,Healthcare Professional,Peripheral,BioSensor Band,Vitals Streaming,BioStream API,11/22/2024,4
CUST-0087,28,Non-binary,Portland ME,Student / Academic,Peripheral,Charging Dock,Fleet Management,FleetCharge Pro,11/22/2024,4
CUST-0044,38,Male,Concord NH,Healthcare Professional,Tablet,Tab Studio,Data Visualisation,DesignHub SaaS,11/22/2024,2
CUST-0259,59,Male,Portland ME,Patient / Consumer,Peripheral,Keyboard Fold,Telehealth Setup,TeleSetup Pro,11/22/2024,4
CUST-0104,39,Male,Concord NH,Patient / Consumer,Peripheral,Stylus Pro,Clinical Note-taking,NoteStream SaaS,11/22/2024,2
CUST-0372,26,Male,Burlington VT,Student / Academic,Peripheral,Keyboard Fold,Administrative Tasks,AdminFlow SaaS,11/22/2024,2
CUST-0205,25,Male,Hartford CT,Clinical Administrator,Tablet,Tab Compact,Patient Intake,FieldOps SaaS,11/22/2024,2
CUST-0225,44,Female,Bridgeport CT,Patient / Consumer,Peripheral,Stylus Pro,Clinical Note-taking,NoteStream SaaS,11/22/2024,3
CUST-0356,22,Non-binary,Burlington VT,Field Technician,Tablet,Tab Compact,Field Data Entry,IntakeFlow,11/22/2024,1
CUST-0279,42,Female,Manchester NH,Healthcare Professional,Peripheral,Wireless Hub,Data Aggregation,MeshConnect SaaS,11/22/2024,2
CUST-0415,57,Male,Bridgeport CT,Patient / Consumer,Smart Watch,Pulse Sport,Fitness Tracking,FitCore SaaS,11/22/2024,1
CUST-0379,63,Prefer not to say,Worcester MA,Healthcare Professional,Peripheral,Privacy Shield,Secure Display,SecureView SaaS,11/22/2024,4
CUST-0351,56,Prefer not to say,Manchester NH,Patient / Consumer,Smart Watch,Pulse Sport,Fitness Tracking,FitCore SaaS,11/22/2024,2
CUST-0191,29,Prefer not to say,Manchester NH,IT & Technology Staff,Peripheral,Charging Dock,Clinical Stations,PowerDesk SaaS,11/22/2024,1
CUST-0304,34,Non-binary,Hartford CT,Field Technician,Tablet,Tab Compact,Field Data Entry,FieldOps SaaS,11/23/2024,1
CUST-0008,39,Female,Concord NH,IT & Technology Staff,Peripheral,Keyboard Fold,Administrative Tasks,TeleSetup Pro,11/23/2024,1
CUST-0298,25,Female,Hartford CT,Student / Academic,Tablet,Tab Compact,Inventory Management,IntakeFlow,11/24/2024,1
CUST-0298,25,Female,Hartford CT,Student / Academic,Peripheral,BioSensor Band,Vitals Streaming,VitalsNet SaaS,11/25/2024,2
CUST-0249,80,Female,Hartford CT,Patient / Consumer,Peripheral,BioSensor Band,Remote Monitoring,BioStream API,11/25/2024,5
CUST-0101,23,Female,Portland ME,Research Scientist,Tablet,Tab Studio,Remote Diagnosis,DesignHub SaaS,11/25/2024,1
CUST-0181,34,Male,Worcester MA,Field Technician,Smart Watch,Pulse Sport,Fitness Tracking,FitCore SaaS,11/25/2024,2
CUST-0365,42,Male,Bridgeport CT,Research Scientist,Smart Watch,Pulse Sport,Activity Logging,WellnessCloud,11/25/2024,2
CUST-0180,60,Female,Concord NH,Research Scientist,Tablet,Tab Studio,Remote Diagnosis,DesignHub SaaS,11/25/2024,3
CUST-0224,21,Male,Hartford CT,Research Scientist,Peripheral,Privacy Shield,Screen Privacy,ComplianceGuard,11/25/2024,4
CUST-0306,53,Prefer not to say,Manchester NH,Patient / Consumer,Smart Watch,Pulse Sport,Fitness Tracking,FitCore SaaS,11/25/2024,1
CUST-0397,24,Prefer not to say,Springfield MA,Healthcare Professional,Tablet,Tab Pro 12,Telehealth Consult,ClinicalOS,11/25/2024,2
CUST-0179,39,Male,Concord NH,Healthcare Professional,Peripheral,BioSensor Band,Remote Monitoring,VitalsNet SaaS,11/26/2024,5
CUST-0345,33,Female,Hartford CT,Clinical Administrator,Smart Watch,Pulse Sport,Sleep Analysis,FitCore SaaS,11/26/2024,2
CUST-0282,50,Non-binary,Burlington VT,Practice Manager,Tablet,Tab Pro 12,Patient Education,TeleDoc Platform,11/26/2024,3
CUST-0142,30,Female,Hartford CT,Student / Academic,Peripheral,BioSensor Band,Vitals Streaming,BioStream API,11/26/2024,3
CUST-0195,39,Female,Burlington VT,Clinical Administrator,Smart Watch,Pulse Elite,Health Monitoring,HealthSync Pro,11/26/2024,1
CUST-0224,21,Male,Hartford CT,Research Scientist,Peripheral,BioSensor Band,Continuous Glucose Monitor,VitalsNet SaaS,11/26/2024,4
CUST-0395,29,Female,Worcester MA,Student / Academic,Smart Watch,Pulse Sport,Activity Logging,FitCore SaaS,11/26/2024,4
CUST-0396,21,Female,Worcester MA,Student / Academic,Smart Watch,Pulse Sport,Sleep Analysis,WellnessCloud,11/26/2024,1
CUST-0262,43,Female,Hartford CT,Practice Manager,Peripheral,Keyboard Fold,Telehealth Setup,AdminFlow SaaS,11/26/2024,4
CUST-0322,43,Male,Springfield MA,Clinical Administrator,Tablet,Tab Studio,Remote Diagnosis,DiagnosticAI,11/27/2024,2
CUST-0257,56,Male,Springfield MA,Practice Manager,Peripheral,Charging Dock,Multi-Device Charging,PowerDesk SaaS,11/27/2024,3
CUST-0194,26,Female,Portland ME,Clinical Administrator,Tablet,Tab Pro 12,Patient Education,EduHealth SaaS,11/27/2024,2
CUST-0228,34,Male,Bridgeport CT,Patient / Consumer,Tablet,Tab Studio,Remote Diagnosis,DesignHub SaaS,11/27/2024,2
CUST-0157,43,Female,Bridgeport CT,Field Technician,Tablet,Tab Compact,Inventory Management,FieldOps SaaS,11/27/2024,1
CUST-0294,35,Male,Worcester MA,Field Technician,Smart Watch,Pulse Sport,Fitness Tracking,FitCore SaaS,11/27/2024,2
CUST-0009,44,Male,Concord NH,Patient / Consumer,Peripheral,Privacy Shield,Secure Display,SecureView SaaS,11/27/2024,3
CUST-0367,25,Female,Springfield MA,Student / Academic,Peripheral,Privacy Shield,Secure Display,SecureView SaaS,11/27/2024,3
CUST-0275,36,Female,Burlington VT,Patient / Consumer,Peripheral,Privacy Shield,Secure Display,SecureView SaaS,11/27/2024,1
CUST-0058,22,Male,Portland ME,Student / Academic,Peripheral,Privacy Shield,Secure Display,SecureView SaaS,11/27/2024,3
CUST-0211,47,Female,Portland ME,Healthcare Professional,Peripheral,BioSensor Band,Continuous Glucose Monitor,BioStream API,11/28/2024,4
CUST-0154,46,Male,Portland ME,Practice Manager,Peripheral,Charging Dock,Clinical Stations,FleetCharge Pro,11/28/2024,1
CUST-0329,61,Female,Providence RI,Patient / Consumer,Smart Watch,Pulse Sport,Sleep Analysis,FitCore SaaS,11/28/2024,2
CUST-0346,44,Female,Bridgeport CT,Healthcare Professional,Peripheral,BioSensor Band,Continuous Glucose Monitor,BioStream API,11/28/2024,4
CUST-0058,22,Male,Portland ME,Student / Academic,Peripheral,Stylus Pro,Clinical Note-taking,NoteStream SaaS,11/28/2024,2
CUST-0049,35,Male,Springfield MA,IT & Technology Staff,Peripheral,Charging Dock,Fleet Management,PowerDesk SaaS,11/28/2024,5
CUST-0166,41,Male,Concord NH,Clinical Administrator,Peripheral,Charging Dock,Multi-Device Charging,PowerDesk SaaS,11/28/2024,2
CUST-0045,28,Male,Portland ME,Patient / Consumer,Peripheral,Stylus Pro,E-Signature,NoteStream SaaS,11/28/2024,1
CUST-0210,80,Female,Burlington VT,Patient / Consumer,Peripheral,Keyboard Fold,Administrative Tasks,TeleSetup Pro,11/28/2024,3
CUST-0398,73,Male,Springfield MA,Patient / Consumer,Smart Watch,Pulse Sport,Fitness Tracking,WellnessCloud,11/28/2024,1
CUST-0030,27,Male,Providence RI,Field Technician,Peripheral,Privacy Shield,HIPAA Compliance,ComplianceGuard,11/28/2024,3
CUST-0243,47,Female,Manchester NH,Healthcare Professional,Tablet,Tab Pro 12,Patient Education,ClinicalOS,11/29/2024,1
CUST-0111,21,Male,Boston MA,Patient / Consumer,Peripheral,Wireless Hub,Data Aggregation,ClinicHub Pro,11/29/2024,7
CUST-0200,27,Male,Concord NH,Clinical Administrator,Peripheral,Keyboard Fold,Telehealth Setup,AdminFlow SaaS,11/29/2024,1
CUST-0211,47,Female,Portland ME,Healthcare Professional,Peripheral,Stylus Pro,Clinical Note-taking,NoteStream SaaS,11/29/2024,2
CUST-0059,57,Female,Portland ME,Patient / Consumer,Peripheral,Wireless Hub,Clinic Network,MeshConnect SaaS,11/30/2024,3
CUST-0264,22,Female,Hartford CT,Field Technician,Peripheral,Keyboard Fold,Remote Input,TeleSetup Pro,11/30/2024,6
CUST-0269,37,Female,Concord NH,Healthcare Professional,Smart Watch,Pulse Elite,Health Monitoring,FitCore SaaS,11/30/2024,1
CUST-0185,39,Female,Portland ME,Healthcare Professional,Peripheral,Privacy Shield,Screen Privacy,ComplianceGuard,11/30/2024,1
CUST-0388,43,Male,Hartford CT,Field Technician,Tablet,Tab Compact,Field Data Entry,IntakeFlow,12/1/2024,1
CUST-0156,20,Non-binary,Hartford CT,Student / Academic,Peripheral,Wireless Hub,Clinic Network,MeshConnect SaaS,12/1/2024,3
CUST-0164,30,Male,Portland ME,Clinical Administrator,Tablet,Tab Pro 12,Telehealth Consult,ClinicalOS,12/1/2024,1
CUST-0212,48,Male,Worcester MA,Clinical Administrator,Tablet,Tab Compact,Inventory Management,IntakeFlow,12/1/2024,1
CUST-0068,68,Female,Manchester NH,Patient / Consumer,Smart Watch,Pulse Sport,Sleep Analysis,FitCore SaaS,12/1/2024,1
CUST-0389,36,Male,Manchester NH,Field Technician,Peripheral,Wireless Hub,Device Pairing,MeshConnect SaaS,12/2/2024,2
CUST-0045,28,Male,Portland ME,Patient / Consumer,Smart Watch,Pulse Sport,Sleep Analysis,WellnessCloud,12/2/2024,1
CUST-0046,31,Male,Hartford CT,Clinical Administrator,Peripheral,Privacy Shield,Screen Privacy,SecureView SaaS,12/2/2024,1
CUST-0185,39,Female,Portland ME,Healthcare Professional,Peripheral,Charging Dock,Clinical Stations,PowerDesk SaaS,12/2/2024,3
CUST-0156,20,Non-binary,Hartford CT,Student / Academic,Tablet,Tab Pro 12,Patient Education,ClinicalOS,12/2/2024,1
CUST-0204,68,Male,Portland ME,Patient / Consumer,Peripheral,Stylus Pro,E-Signature,NoteStream SaaS,12/2/2024,2
CUST-0097,44,Female,Bridgeport CT,Healthcare Professional,Tablet,Tab Pro 12,Clinical Documentation,EduHealth SaaS,12/2/2024,2
CUST-0407,28,Male,Boston MA,Clinical Administrator,Peripheral,Wireless Hub,Device Pairing,ClinicHub Pro,12/2/2024,2
CUST-0206,27,Female,Springfield MA,Research Scientist,Tablet,Tab Studio,Remote Diagnosis,DiagnosticAI,12/2/2024,1
CUST-0201,47,Female,Worcester MA,Practice Manager,Tablet,Tab Compact,Inventory Management,IntakeFlow,12/2/2024,1
CUST-0098,56,Non-binary,Manchester NH,Patient / Consumer,Peripheral,Stylus Pro,E-Signature,NoteStream SaaS,12/2/2024,4
CUST-0077,44,Male,Burlington VT,Practice Manager,Peripheral,Charging Dock,Clinical Stations,PowerDesk SaaS,12/2/2024,3
CUST-0189,35,Female,Concord NH,Practice Manager,Peripheral,Stylus Pro,Digital Annotation,SignFlow,12/2/2024,4
CUST-0307,38,Prefer not to say,Manchester NH,Field Technician,Smart Watch,Pulse Sport,Activity Logging,WellnessCloud,12/2/2024,1
CUST-0318,30,Male,Concord NH,IT & Technology Staff,Peripheral,Wireless Hub,Device Pairing,MeshConnect SaaS,12/2/2024,3
CUST-0417,76,Female,Springfield MA,Patient / Consumer,Peripheral,BioSensor Band,Continuous Glucose Monitor,VitalsNet SaaS,12/2/2024,1
CUST-0391,19,Non-binary,Hartford CT,Student / Academic,Smart Watch,Pulse Sport,Sleep Analysis,FitCore SaaS,12/3/2024,1
CUST-0038,20,Male,Providence RI,Clinical Administrator,Tablet,Tab Compact,Patient Intake,InvTrack Pro,12/3/2024,2
CUST-0062,28,Male,Manchester NH,Field Technician,Peripheral,Charging Dock,Multi-Device Charging,PowerDesk SaaS,12/3/2024,3
CUST-0064,32,Female,Boston MA,Practice Manager,Peripheral,Privacy Shield,Secure Display,ComplianceGuard,12/3/2024,4
CUST-0100,31,Male,Springfield MA,IT & Technology Staff,Tablet,Tab Compact,Patient Intake,IntakeFlow,12/3/2024,1
CUST-0036,27,Female,Bridgeport CT,Clinical Administrator,Peripheral,Wireless Hub,Data Aggregation,ClinicHub Pro,12/3/2024,1
CUST-0202,37,Female,Burlington VT,IT & Technology Staff,Peripheral,Wireless Hub,Device Pairing,ClinicHub Pro,12/3/2024,3
CUST-0242,29,Male,Springfield MA,Field Technician,Smart Watch,Pulse Elite,Health Monitoring,HealthSync Pro,12/3/2024,1
CUST-0390,21,Male,Burlington VT,Student / Academic,Tablet,Tab Compact,Patient Intake,InvTrack Pro,12/3/2024,3
CUST-0324,62,Prefer not to say,Worcester MA,Healthcare Professional,Peripheral,Keyboard Fold,Remote Input,TeleSetup Pro,12/3/2024,5
CUST-0165,36,Female,Portland ME,Field Technician,Smart Watch,Pulse Sport,Fitness Tracking,FitCore SaaS,12/3/2024,1
CUST-0396,21,Female,Worcester MA,Student / Academic,Peripheral,Stylus Pro,Clinical Note-taking,NoteStream SaaS,12/3/2024,2
CUST-0228,34,Male,Bridgeport CT,Patient / Consumer,Smart Watch,Pulse Sport,Activity Logging,WellnessCloud,12/3/2024,3
CUST-0156,20,Non-binary,Hartford CT,Student / Academic,Peripheral,Stylus Pro,Clinical Note-taking,SignFlow,12/3/2024,1
CUST-0330,43,Non-binary,Boston MA,Clinical Administrator,Peripheral,Wireless Hub,Device Pairing,MeshConnect SaaS,12/3/2024,7
CUST-0118,33,Male,Manchester NH,Patient / Consumer,Peripheral,BioSensor Band,Remote Monitoring,BioStream API,12/3/2024,1
CUST-0284,31,Male,Bridgeport CT,Practice Manager,Tablet,Tab Pro 12,Telehealth Consult,ClinicalOS,12/3/2024,1
CUST-0333,53,Male,Worcester MA,Patient / Consumer,Smart Watch,Pulse Sport,Sleep Analysis,FitCore SaaS,12/3/2024,1
CUST-0377,50,Female,Bridgeport CT,Healthcare Professional,Tablet,Tab Pro 12,Clinical Documentation,ClinicalOS,12/4/2024,2
CUST-0327,46,Female,Concord NH,Research Scientist,Tablet,Tab Compact,Patient Intake,IntakeFlow,12/4/2024,1
CUST-0244,43,Female,Burlington VT,Research Scientist,Peripheral,Wireless Hub,Data Aggregation,MeshConnect SaaS,12/4/2024,2
CUST-0419,53,Male,Springfield MA,Healthcare Professional,Tablet,Tab Pro 12,Patient Education,ClinicalOS,12/4/2024,2
CUST-0232,55,Female,Hartford CT,Patient / Consumer,Peripheral,Charging Dock,Clinical Stations,FleetCharge Pro,12/4/2024,1
CUST-0056,46,Female,Boston MA,Clinical Administrator,Peripheral,Wireless Hub,Clinic Network,ClinicHub Pro,12/4/2024,2
CUST-0331,51,Female,Boston MA,Patient / Consumer,Peripheral,Wireless Hub,Device Pairing,ClinicHub Pro,12/4/2024,2
CUST-0269,37,Female,Concord NH,Healthcare Professional,Peripheral,Privacy Shield,HIPAA Compliance,ComplianceGuard,12/4/2024,1
CUST-0378,54,Female,Boston MA,Patient / Consumer,Smart Watch,Pulse Sport,Fitness Tracking,FitCore SaaS,12/4/2024,1
CUST-0014,20,Female,Springfield MA,Clinical Administrator,Peripheral,Charging Dock,Clinical Stations,PowerDesk SaaS,12/4/2024,5
CUST-0368,42,Male,Providence RI,Healthcare Professional,Peripheral,Keyboard Fold,Administrative Tasks,AdminFlow SaaS,12/4/2024,1
CUST-0043,40,Female,Hartford CT,Healthcare Professional,Peripheral,BioSensor Band,Remote Monitoring,VitalsNet SaaS,12/4/2024,1
CUST-0349,40,Female,Manchester NH,Patient / Consumer,Peripheral,BioSensor Band,Vitals Streaming,BioStream API,12/5/2024,1
CUST-0096,28,Female,Bridgeport CT,Patient / Consumer,Smart Watch,Pulse Sport,Fitness Tracking,WellnessCloud,12/5/2024,1
CUST-0267,46,Male,Hartford CT,IT & Technology Staff,Tablet,Tab Pro 12,Clinical Documentation,EduHealth SaaS,12/5/2024,1
CUST-0324,62,Prefer not to say,Worcester MA,Healthcare Professional,Peripheral,Privacy Shield,Secure Display,SecureView SaaS,12/5/2024,2
CUST-0049,35,Male,Springfield MA,IT & Technology Staff,Peripheral,Keyboard Fold,Administrative Tasks,AdminFlow SaaS,12/5/2024,3
CUST-0256,44,Female,Burlington VT,Patient / Consumer,Smart Watch,Pulse Sport,Sleep Analysis,WellnessCloud,12/5/2024,1
CUST-0017,28,Female,Manchester NH,Clinical Administrator,Tablet,Tab Studio,Data Visualisation,DataViz Suite,12/5/2024,1
CUST-0132,36,Male,Worcester MA,Research Scientist,Peripheral,BioSensor Band,Vitals Streaming,VitalsNet SaaS,12/6/2024,5
CUST-0206,27,Female,Springfield MA,Research Scientist,Tablet,Tab Studio,Remote Diagnosis,DataViz Suite,12/6/2024,4
CUST-0352,51,Male,Bridgeport CT,Clinical Administrator,Peripheral,Keyboard Fold,Remote Input,TeleSetup Pro,12/6/2024,2
CUST-0353,39,Male,Concord NH,IT & Technology Staff,Tablet,Tab Compact,Field Data Entry,InvTrack Pro,12/6/2024,1
CUST-0267,46,Male,Hartford CT,IT & Technology Staff,Tablet,Tab Pro 12,Clinical Documentation,ClinicalOS,12/6/2024,2
CUST-0113,38,Male,Bridgeport CT,Clinical Administrator,Peripheral,BioSensor Band,Remote Monitoring,VitalsNet SaaS,12/6/2024,2
CUST-0225,44,Female,Bridgeport CT,Patient / Consumer,Peripheral,Keyboard Fold,Telehealth Setup,TeleSetup Pro,12/6/2024,2
CUST-0117,29,Female,Portland ME,Field Technician,Peripheral,Wireless Hub,Device Pairing,ClinicHub Pro,12/6/2024,1
CUST-0056,46,Female,Boston MA,Clinical Administrator,Peripheral,Charging Dock,Multi-Device Charging,FleetCharge Pro,12/6/2024,1
CUST-0145,25,Male,Portland ME,Student / Academic,Peripheral,Wireless Hub,Data Aggregation,ClinicHub Pro,12/6/2024,3
CUST-0102,45,Female,Burlington VT,Patient / Consumer,Tablet,Tab Compact,Patient Intake,FieldOps SaaS,12/7/2024,1
CUST-0097,44,Female,Bridgeport CT,Healthcare Professional,Peripheral,Privacy Shield,Screen Privacy,SecureView SaaS,12/7/2024,5
CUST-0329,61,Female,Providence RI,Patient / Consumer,Peripheral,Wireless Hub,Clinic Network,ClinicHub Pro,12/7/2024,1
CUST-0125,34,Female,Bridgeport CT,Field Technician,Tablet,Tab Studio,Data Visualisation,DiagnosticAI,12/7/2024,1
CUST-0125,34,Female,Bridgeport CT,Field Technician,Tablet,Tab Compact,Field Data Entry,FieldOps SaaS,12/7/2024,3
CUST-0359,25,Male,Concord NH,Student / Academic,Peripheral,Privacy Shield,Secure Display,ComplianceGuard,12/8/2024,2
CUST-0258,34,Female,Concord NH,Healthcare Professional,Peripheral,Stylus Pro,Digital Annotation,NoteStream SaaS,12/8/2024,3
CUST-0008,39,Female,Concord NH,IT & Technology Staff,Tablet,Tab Studio,Creative Workflow,DiagnosticAI,12/8/2024,1
CUST-0205,25,Male,Hartford CT,Clinical Administrator,Tablet,Tab Pro 12,Telehealth Consult,TeleDoc Platform,12/8/2024,3
CUST-0348,25,Female,Hartford CT,Clinical Administrator,Tablet,Tab Pro 12,Clinical Documentation,TeleDoc Platform,12/8/2024,2
CUST-0161,34,Female,Burlington VT,Practice Manager,Peripheral,Charging Dock,Fleet Management,FleetCharge Pro,12/9/2024,3
CUST-0106,36,Female,Bridgeport CT,IT & Technology Staff,Peripheral,Keyboard Fold,Telehealth Setup,AdminFlow SaaS,12/9/2024,3
CUST-0406,37,Female,Worcester MA,IT & Technology Staff,Tablet,Tab Compact,Patient Intake,InvTrack Pro,12/9/2024,2
CUST-0079,42,Female,Boston MA,Healthcare Professional,Smart Watch,Pulse Elite,Remote Patient Check-in,FitCore SaaS,12/9/2024,1
CUST-0088,25,Male,Worcester MA,Student / Academic,Peripheral,Stylus Pro,E-Signature,SignFlow,12/9/2024,1
CUST-0005,39,Female,Bridgeport CT,Healthcare Professional,Peripheral,BioSensor Band,Continuous Glucose Monitor,VitalsNet SaaS,12/9/2024,2
CUST-0092,46,Male,Portland ME,Clinical Administrator,Peripheral,Keyboard Fold,Administrative Tasks,TeleSetup Pro,12/9/2024,2
CUST-0332,19,Female,Manchester NH,Student / Academic,Smart Watch,Pulse Sport,Fitness Tracking,FitCore SaaS,12/9/2024,2
CUST-0124,29,Male,Bridgeport CT,Patient / Consumer,Smart Watch,Pulse Elite,Fitness Tracking,HealthSync Pro,12/9/2024,1
CUST-0165,36,Female,Portland ME,Field Technician,Tablet,Tab Compact,Inventory Management,FieldOps SaaS,12/9/2024,3
CUST-0059,57,Female,Portland ME,Patient / Consumer,Smart Watch,Pulse Elite,Fitness Tracking,FitCore SaaS,12/9/2024,2
CUST-0355,29,Female,Hartford CT,Field Technician,Tablet,Tab Compact,Inventory Management,FieldOps SaaS,12/9/2024,1
CUST-0141,55,Male,Worcester MA,Patient / Consumer,Peripheral,Charging Dock,Multi-Device Charging,PowerDesk SaaS,12/9/2024,3
CUST-0227,53,Male,Providence RI,Patient / Consumer,Smart Watch,Pulse Elite,Health Monitoring,FitCore SaaS,12/9/2024,1
CUST-0102,45,Female,Burlington VT,Patient / Consumer,Smart Watch,Pulse Elite,Remote Patient Check-in,FitCore SaaS,12/9/2024,3
CUST-0322,43,Male,Springfield MA,Clinical Administrator,Peripheral,Keyboard Fold,Telehealth Setup,AdminFlow SaaS,12/9/2024,3
CUST-0175,35,Female,Providence RI,IT & Technology Staff,Peripheral,BioSensor Band,Remote Monitoring,VitalsNet SaaS,12/9/2024,3
CUST-0260,49,Prefer not to say,Burlington VT,Healthcare Professional,Smart Watch,Pulse Elite,Health Monitoring,HealthSync Pro,12/10/2024,1
CUST-0289,56,Female,Springfield MA,Patient / Consumer,Smart Watch,Pulse Elite,Fitness Tracking,HealthSync Pro,12/10/2024,1
CUST-0287,28,Male,Bridgeport CT,Field Technician,Tablet,Tab Compact,Inventory Management,IntakeFlow,12/10/2024,1
CUST-0059,57,Female,Portland ME,Patient / Consumer,Peripheral,BioSensor Band,Remote Monitoring,BioStream API,12/10/2024,4
CUST-0067,43,Male,Providence RI,Practice Manager,Tablet,Tab Studio,Data Visualisation,DiagnosticAI,12/10/2024,1
CUST-0169,39,Female,Springfield MA,Healthcare Professional,Peripheral,Stylus Pro,Clinical Note-taking,SignFlow,12/10/2024,1
CUST-0251,24,Male,Bridgeport CT,Research Scientist,Peripheral,Stylus Pro,Clinical Note-taking,SignFlow,12/10/2024,3
CUST-0176,50,Non-binary,Springfield MA,Healthcare Professional,Peripheral,Stylus Pro,Digital Annotation,NoteStream SaaS,12/10/2024,4
CUST-0332,19,Female,Manchester NH,Student / Academic,Smart Watch,Pulse Elite,Fitness Tracking,HealthSync Pro,12/10/2024,2
CUST-0043,40,Female,Hartford CT,Healthcare Professional,Peripheral,Charging Dock,Fleet Management,FleetCharge Pro,12/10/2024,4
CUST-0114,47,Prefer not to say,Providence RI,Field Technician,Peripheral,Privacy Shield,Screen Privacy,SecureView SaaS,12/10/2024,2
CUST-0320,49,Female,Burlington VT,Patient / Consumer,Peripheral,Charging Dock,Clinical Stations,PowerDesk SaaS,12/10/2024,2
CUST-0232,55,Female,Hartford CT,Patient / Consumer,Peripheral,Stylus Pro,Digital Annotation,SignFlow,12/10/2024,2
CUST-0141,55,Male,Worcester MA,Patient / Consumer,Tablet,Tab Pro 12,Telehealth Consult,EduHealth SaaS,12/11/2024,2
CUST-0265,35,Female,Worcester MA,Clinical Administrator,Peripheral,Charging Dock,Fleet Management,FleetCharge Pro,12/11/2024,4
CUST-0022,31,Female,Burlington VT,IT & Technology Staff,Smart Watch,Pulse Elite,Remote Patient Check-in,FitCore SaaS,12/11/2024,1
CUST-0390,21,Male,Burlington VT,Student / Academic,Smart Watch,Pulse Elite,Fitness Tracking,FitCore SaaS,12/11/2024,1
CUST-0083,51,Female,Portland ME,Clinical Administrator,Tablet,Tab Studio,Creative Workflow,DataViz Suite,12/11/2024,1
CUST-0263,18,Male,Springfield MA,Patient / Consumer,Peripheral,Privacy Shield,Secure Display,SecureView SaaS,12/12/2024,3
CUST-0055,45,Female,Boston MA,Research Scientist,Smart Watch,Pulse Sport,Activity Logging,FitCore SaaS,12/12/2024,2
CUST-0236,50,Male,Boston MA,Practice Manager,Tablet,Tab Studio,Data Visualisation,DataViz Suite,12/12/2024,1
CUST-0134,40,Male,Manchester NH,Research Scientist,Smart Watch,Pulse Sport,Fitness Tracking,WellnessCloud,12/12/2024,1
CUST-0240,43,Female,Worcester MA,Research Scientist,Tablet,Tab Studio,Remote Diagnosis,DiagnosticAI,12/12/2024,1
CUST-0084,26,Male,Springfield MA,Field Technician,Peripheral,Charging Dock,Multi-Device Charging,PowerDesk SaaS,12/12/2024,1
CUST-0184,26,Male,Manchester NH,Student / Academic,Tablet,Tab Pro 12,Clinical Documentation,ClinicalOS,12/12/2024,1
CUST-0130,26,Female,Bridgeport CT,Field Technician,Tablet,Tab Compact,Inventory Management,InvTrack Pro,12/12/2024,1
CUST-0343,46,Male,Burlington VT,Practice Manager,Tablet,Tab Compact,Patient Intake,IntakeFlow,12/12/2024,1
CUST-0327,46,Female,Concord NH,Research Scientist,Smart Watch,Pulse Sport,Fitness Tracking,WellnessCloud,12/12/2024,1
CUST-0406,37,Female,Worcester MA,IT & Technology Staff,Peripheral,BioSensor Band,Vitals Streaming,BioStream API,12/13/2024,2
CUST-0059,57,Female,Portland ME,Patient / Consumer,Smart Watch,Pulse Sport,Fitness Tracking,WellnessCloud,12/13/2024,1
CUST-0007,77,Female,Boston MA,Patient / Consumer,Peripheral,Wireless Hub,Data Aggregation,MeshConnect SaaS,12/13/2024,1
CUST-0124,29,Male,Bridgeport CT,Patient / Consumer,Peripheral,BioSensor Band,Vitals Streaming,VitalsNet SaaS,12/13/2024,1
CUST-0403,42,Female,Burlington VT,Healthcare Professional,Smart Watch,Pulse Elite,Health Monitoring,FitCore SaaS,12/13/2024,1
CUST-0143,21,Female,Providence RI,Research Scientist,Peripheral,Keyboard Fold,Remote Input,AdminFlow SaaS,12/13/2024,2
CUST-0351,56,Prefer not to say,Manchester NH,Patient / Consumer,Smart Watch,Pulse Sport,Activity Logging,FitCore SaaS,12/13/2024,4
CUST-0102,45,Female,Burlington VT,Patient / Consumer,Smart Watch,Pulse Sport,Fitness Tracking,FitCore SaaS,12/13/2024,1
CUST-0242,29,Male,Springfield MA,Field Technician,Smart Watch,Pulse Sport,Fitness Tracking,FitCore SaaS,12/13/2024,1
CUST-0238,54,Male,Portland ME,Patient / Consumer,Peripheral,Keyboard Fold,Telehealth Setup,AdminFlow SaaS,12/14/2024,2
CUST-0026,24,Male,Hartford CT,Student / Academic,Smart Watch,Pulse Sport,Sleep Analysis,FitCore SaaS,12/14/2024,3
CUST-0171,37,Female,Worcester MA,Patient / Consumer,Peripheral,Privacy Shield,HIPAA Compliance,ComplianceGuard,12/15/2024,3
CUST-0261,32,Female,Providence RI,Healthcare Professional,Peripheral,Privacy Shield,Screen Privacy,SecureView SaaS,12/15/2024,6
CUST-0012,44,Female,Hartford CT,Patient / Consumer,Peripheral,Keyboard Fold,Remote Input,AdminFlow SaaS,12/15/2024,2
CUST-0036,27,Female,Bridgeport CT,Clinical Administrator,Peripheral,Charging Dock,Clinical Stations,FleetCharge Pro,12/16/2024,1
CUST-0328,43,Female,Springfield MA,Research Scientist,Peripheral,Keyboard Fold,Telehealth Setup,TeleSetup Pro,12/16/2024,2
CUST-0356,22,Non-binary,Burlington VT,Field Technician,Smart Watch,Pulse Sport,Sleep Analysis,FitCore SaaS,12/16/2024,3
CUST-0149,49,Male,Springfield MA,Practice Manager,Tablet,Tab Pro 12,Telehealth Consult,ClinicalOS,12/16/2024,4
CUST-0358,41,Female,Portland ME,Practice Manager,Tablet,Tab Pro 12,Telehealth Consult,TeleDoc Platform,12/16/2024,3
CUST-0118,33,Male,Manchester NH,Patient / Consumer,Peripheral,Privacy Shield,HIPAA Compliance,SecureView SaaS,12/16/2024,1
CUST-0341,19,Male,Worcester MA,Student / Academic,Smart Watch,Pulse Sport,Activity Logging,WellnessCloud,12/16/2024,1
CUST-0364,39,Prefer not to say,Springfield MA,Research Scientist,Tablet,Tab Pro 12,Clinical Documentation,TeleDoc Platform,12/16/2024,1
CUST-0353,39,Male,Concord NH,IT & Technology Staff,Peripheral,BioSensor Band,Remote Monitoring,VitalsNet SaaS,12/16/2024,1
CUST-0317,50,Non-binary,Bridgeport CT,Practice Manager,Peripheral,Stylus Pro,Clinical Note-taking,NoteStream SaaS,12/16/2024,2
CUST-0335,28,Female,Burlington VT,Student / Academic,Smart Watch,Pulse Sport,Activity Logging,FitCore SaaS,12/16/2024,2
CUST-0231,36,Male,Boston MA,Practice Manager,Smart Watch,Pulse Elite,Remote Patient Check-in,FitCore SaaS,12/16/2024,2
CUST-0332,19,Female,Manchester NH,Student / Academic,Peripheral,BioSensor Band,Continuous Glucose Monitor,VitalsNet SaaS,12/16/2024,1
CUST-0135,19,Female,Manchester NH,Student / Academic,Tablet,Tab Compact,Inventory Management,FieldOps SaaS,12/16/2024,1
CUST-0091,42,Female,Springfield MA,Healthcare Professional,Peripheral,Charging Dock,Fleet Management,FleetCharge Pro,12/17/2024,4
CUST-0386,31,Male,Manchester NH,Field Technician,Peripheral,BioSensor Band,Remote Monitoring,BioStream API,12/17/2024,1
CUST-0112,23,Male,Portland ME,Student / Academic,Peripheral,Wireless Hub,Data Aggregation,ClinicHub Pro,12/17/2024,1
CUST-0332,19,Female,Manchester NH,Student / Academic,Peripheral,Stylus Pro,E-Signature,NoteStream SaaS,12/17/2024,2
CUST-0259,59,Male,Portland ME,Patient / Consumer,Peripheral,Keyboard Fold,Telehealth Setup,AdminFlow SaaS,12/17/2024,2
CUST-0395,29,Female,Worcester MA,Student / Academic,Peripheral,BioSensor Band,Continuous Glucose Monitor,BioStream API,12/17/2024,3
CUST-0175,35,Female,Providence RI,IT & Technology Staff,Tablet,Tab Studio,Data Visualisation,DiagnosticAI,12/17/2024,1
CUST-0050,18,Prefer not to say,Bridgeport CT,Field Technician,Tablet,Tab Studio,Creative Workflow,DesignHub SaaS,12/17/2024,1
CUST-0269,37,Female,Concord NH,Healthcare Professional,Peripheral,Stylus Pro,E-Signature,SignFlow,12/17/2024,3
CUST-0372,26,Male,Burlington VT,Student / Academic,Peripheral,Stylus Pro,E-Signature,NoteStream SaaS,12/17/2024,1
CUST-0186,42,Female,Springfield MA,Research Scientist,Peripheral,Wireless Hub,Clinic Network,MeshConnect SaaS,12/17/2024,3
CUST-0290,37,Female,Hartford CT,Practice Manager,Peripheral,Charging Dock,Multi-Device Charging,PowerDesk SaaS,12/17/2024,1
CUST-0153,25,Male,Bridgeport CT,Field Technician,Peripheral,Privacy Shield,Screen Privacy,ComplianceGuard,12/17/2024,5
CUST-0370,31,Female,Boston MA,Clinical Administrator,Peripheral,Wireless Hub,Device Pairing,ClinicHub Pro,12/17/2024,1
CUST-0397,24,Prefer not to say,Springfield MA,Healthcare Professional,Smart Watch,Pulse Elite,Remote Patient Check-in,HealthSync Pro,12/17/2024,1
CUST-0218,41,Female,Concord NH,Practice Manager,Tablet,Tab Pro 12,Clinical Documentation,ClinicalOS,12/18/2024,3
CUST-0086,33,Male,Springfield MA,Clinical Administrator,Peripheral,BioSensor Band,Vitals Streaming,BioStream API,12/18/2024,1
CUST-0419,53,Male,Springfield MA,Healthcare Professional,Peripheral,Stylus Pro,Clinical Note-taking,SignFlow,12/18/2024,1
CUST-0300,48,Female,Worcester MA,Healthcare Professional,Peripheral,Stylus Pro,Digital Annotation,NoteStream SaaS,12/18/2024,1
CUST-0410,37,Male,Concord NH,IT & Technology Staff,Peripheral,Wireless Hub,Clinic Network,MeshConnect SaaS,12/18/2024,3
CUST-0066,50,Male,Portland ME,Clinical Administrator,Peripheral,Wireless Hub,Device Pairing,ClinicHub Pro,12/18/2024,3
CUST-0076,65,Male,Bridgeport CT,Patient / Consumer,Peripheral,Keyboard Fold,Administrative Tasks,AdminFlow SaaS,12/18/2024,1
CUST-0348,25,Female,Hartford CT,Clinical Administrator,Smart Watch,Pulse Elite,Fitness Tracking,FitCore SaaS,12/18/2024,1
CUST-0336,31,Male,Hartford CT,IT & Technology Staff,Tablet,Tab Studio,Creative Workflow,DataViz Suite,12/19/2024,1
CUST-0383,18,Male,Springfield MA,IT & Technology Staff,Peripheral,Charging Dock,Multi-Device Charging,PowerDesk SaaS,12/19/2024,5
CUST-0401,18,Male,Burlington VT,Student / Academic,Peripheral,Stylus Pro,E-Signature,SignFlow,12/19/2024,3
CUST-0353,39,Male,Concord NH,IT & Technology Staff,Tablet,Tab Pro 12,Clinical Documentation,ClinicalOS,12/19/2024,1
CUST-0067,43,Male,Providence RI,Practice Manager,Peripheral,Wireless Hub,Device Pairing,ClinicHub Pro,12/19/2024,1
CUST-0342,44,Male,Manchester NH,Healthcare Professional,Smart Watch,Pulse Sport,Sleep Analysis,WellnessCloud,12/19/2024,2
CUST-0114,47,Prefer not to say,Providence RI,Field Technician,Tablet,Tab Studio,Data Visualisation,DiagnosticAI,12/19/2024,2
CUST-0186,42,Female,Springfield MA,Research Scientist,Peripheral,BioSensor Band,Remote Monitoring,VitalsNet SaaS,12/19/2024,1
CUST-0220,24,Male,Hartford CT,Student / Academic,Peripheral,Charging Dock,Fleet Management,FleetCharge Pro,12/19/2024,6
CUST-0293,30,Prefer not to say,Portland ME,Research Scientist,Tablet,Tab Studio,Data Visualisation,DataViz Suite,12/19/2024,1
CUST-0365,42,Male,Bridgeport CT,Research Scientist,Tablet,Tab Studio,Data Visualisation,DesignHub SaaS,12/19/2024,1
CUST-0362,51,Female,Springfield MA,Clinical Administrator,Peripheral,Wireless Hub,Clinic Network,MeshConnect SaaS,12/19/2024,2
CUST-0107,43,Female,Manchester NH,Field Technician,Peripheral,Wireless Hub,Device Pairing,MeshConnect SaaS,12/20/2024,4
CUST-0283,77,Male,Hartford CT,Patient / Consumer,Peripheral,Stylus Pro,E-Signature,SignFlow,12/20/2024,1
CUST-0371,33,Male,Portland ME,IT & Technology Staff,Tablet,Tab Compact,Inventory Management,IntakeFlow,12/20/2024,2
CUST-0140,21,Female,Boston MA,Field Technician,Peripheral,Privacy Shield,HIPAA Compliance,SecureView SaaS,12/20/2024,2
CUST-0164,30,Male,Portland ME,Clinical Administrator,Peripheral,BioSensor Band,Vitals Streaming,VitalsNet SaaS,12/20/2024,4
CUST-0307,38,Prefer not to say,Manchester NH,Field Technician,Tablet,Tab Studio,Creative Workflow,DesignHub SaaS,12/20/2024,1
CUST-0192,50,Non-binary,Springfield MA,Healthcare Professional,Peripheral,BioSensor Band,Vitals Streaming,VitalsNet SaaS,12/20/2024,4
CUST-0291,41,Male,Bridgeport CT,Practice Manager,Tablet,Tab Compact,Field Data Entry,FieldOps SaaS,12/20/2024,1
CUST-0043,40,Female,Hartford CT,Healthcare Professional,Peripheral,Stylus Pro,Digital Annotation,SignFlow,12/20/2024,3
CUST-0227,53,Male,Providence RI,Patient / Consumer,Peripheral,BioSensor Band,Vitals Streaming,VitalsNet SaaS,12/20/2024,6
CUST-0208,26,Male,Portland ME,Student / Academic,Peripheral,Charging Dock,Clinical Stations,PowerDesk SaaS,12/20/2024,4
CUST-0329,61,Female,Providence RI,Patient / Consumer,Peripheral,Charging Dock,Fleet Management,FleetCharge Pro,12/21/2024,2
CUST-0177,42,Male,Worcester MA,Healthcare Professional,Peripheral,Charging Dock,Clinical Stations,FleetCharge Pro,12/21/2024,3
CUST-0214,50,Female,Hartford CT,Practice Manager,Peripheral,Charging Dock,Fleet Management,FleetCharge Pro,12/21/2024,1
CUST-0370,31,Female,Boston MA,Clinical Administrator,Peripheral,Charging Dock,Clinical Stations,FleetCharge Pro,12/21/2024,3
CUST-0168,43,Male,Springfield MA,Field Technician,Peripheral,Stylus Pro,Clinical Note-taking,NoteStream SaaS,12/21/2024,3
CUST-0098,56,Non-binary,Manchester NH,Patient / Consumer,Tablet,Tab Pro 12,Patient Education,TeleDoc Platform,12/22/2024,2
CUST-0054,43,Male,Springfield MA,Clinical Administrator,Tablet,Tab Studio,Remote Diagnosis,DiagnosticAI,12/22/2024,1
CUST-0098,56,Non-binary,Manchester NH,Patient / Consumer,Peripheral,BioSensor Band,Remote Monitoring,BioStream API,12/22/2024,1
CUST-0288,61,Female,Burlington VT,Patient / Consumer,Peripheral,BioSensor Band,Vitals Streaming,BioStream API,12/22/2024,2
CUST-0219,26,Prefer not to say,Bridgeport CT,Field Technician,Tablet,Tab Compact,Field Data Entry,IntakeFlow,12/22/2024,2
CUST-0136,76,Female,Worcester MA,Patient / Consumer,Tablet,Tab Pro 12,Patient Education,TeleDoc Platform,12/23/2024,1
CUST-0017,28,Female,Manchester NH,Clinical Administrator,Tablet,Tab Pro 12,Clinical Documentation,ClinicalOS,12/23/2024,1
CUST-0320,49,Female,Burlington VT,Patient / Consumer,Smart Watch,Pulse Elite,Health Monitoring,HealthSync Pro,12/23/2024,1
CUST-0081,31,Male,Bridgeport CT,IT & Technology Staff,Peripheral,Privacy Shield,Screen Privacy,ComplianceGuard,12/23/2024,3
CUST-0019,25,Male,Portland ME,IT & Technology Staff,Peripheral,Wireless Hub,Clinic Network,ClinicHub Pro,12/23/2024,5
CUST-0344,26,Female,Concord NH,Field Technician,Peripheral,Stylus Pro,Digital Annotation,NoteStream SaaS,12/23/2024,1
CUST-0136,76,Female,Worcester MA,Patient / Consumer,Tablet,Tab Compact,Field Data Entry,IntakeFlow,12/23/2024,1
CUST-0307,38,Prefer not to say,Manchester NH,Field Technician,Smart Watch,Pulse Elite,Health Monitoring,HealthSync Pro,12/23/2024,1
CUST-0013,40,Prefer not to say,Worcester MA,Clinical Administrator,Peripheral,Keyboard Fold,Administrative Tasks,TeleSetup Pro,12/23/2024,1
CUST-0026,24,Male,Hartford CT,Student / Academic,Peripheral,Privacy Shield,Secure Display,ComplianceGuard,12/23/2024,6
CUST-0265,35,Female,Worcester MA,Clinical Administrator,Peripheral,Privacy Shield,Secure Display,SecureView SaaS,12/23/2024,2
CUST-0303,44,Female,Bridgeport CT,Clinical Administrator,Tablet,Tab Pro 12,Clinical Documentation,TeleDoc Platform,12/23/2024,1
CUST-0323,19,Female,Burlington VT,Student / Academic,Peripheral,Stylus Pro,Clinical Note-taking,SignFlow,12/24/2024,2
CUST-0211,47,Female,Portland ME,Healthcare Professional,Smart Watch,Pulse Elite,Health Monitoring,FitCore SaaS,12/24/2024,2
CUST-0243,47,Female,Manchester NH,Healthcare Professional,Peripheral,BioSensor Band,Continuous Glucose Monitor,VitalsNet SaaS,12/24/2024,1
CUST-0274,44,Female,Portland ME,Practice Manager,Smart Watch,Pulse Sport,Sleep Analysis,FitCore SaaS,12/24/2024,1
CUST-0098,56,Non-binary,Manchester NH,Patient / Consumer,Peripheral,Keyboard Fold,Telehealth Setup,AdminFlow SaaS,12/24/2024,2
CUST-0332,19,Female,Manchester NH,Student / Academic,Peripheral,Stylus Pro,E-Signature,NoteStream SaaS,12/24/2024,1
CUST-0019,25,Male,Portland ME,IT & Technology Staff,Tablet,Tab Compact,Patient Intake,FieldOps SaaS,12/24/2024,1
CUST-0106,36,Female,Bridgeport CT,IT & Technology Staff,Peripheral,Keyboard Fold,Telehealth Setup,TeleSetup Pro,12/25/2024,4
CUST-0278,30,Female,Burlington VT,Research Scientist,Tablet,Tab Studio,Creative Workflow,DesignHub SaaS,12/25/2024,1
CUST-0402,30,Female,Bridgeport CT,Research Scientist,Tablet,Tab Studio,Data Visualisation,DiagnosticAI,12/25/2024,2
CUST-0176,50,Non-binary,Springfield MA,Healthcare Professional,Peripheral,Charging Dock,Multi-Device Charging,PowerDesk SaaS,12/25/2024,1
CUST-0263,18,Male,Springfield MA,Patient / Consumer,Tablet,Tab Pro 12,Patient Education,EduHealth SaaS,12/25/2024,1
CUST-0094,35,Female,Concord NH,Clinical Administrator,Peripheral,Privacy Shield,Screen Privacy,SecureView SaaS,12/25/2024,5
CUST-0179,39,Male,Concord NH,Healthcare Professional,Peripheral,BioSensor Band,Remote Monitoring,VitalsNet SaaS,12/25/2024,3
CUST-0296,25,Male,Providence RI,Field Technician,Tablet,Tab Compact,Inventory Management,InvTrack Pro,12/25/2024,1
CUST-0150,38,Female,Worcester MA,Research Scientist,Peripheral,Wireless Hub,Clinic Network,ClinicHub Pro,12/25/2024,1
CUST-0312,41,Male,Manchester NH,IT & Technology Staff,Peripheral,Stylus Pro,E-Signature,NoteStream SaaS,12/25/2024,1
CUST-0082,41,Female,Manchester NH,Clinical Administrator,Peripheral,Charging Dock,Multi-Device Charging,FleetCharge Pro,12/25/2024,4
CUST-0217,39,Female,Concord NH,Patient / Consumer,Peripheral,Keyboard Fold,Administrative Tasks,TeleSetup Pro,12/25/2024,3
CUST-0007,77,Female,Boston MA,Patient / Consumer,Smart Watch,Pulse Elite,Health Monitoring,HealthSync Pro,12/25/2024,1
CUST-0377,50,Female,Bridgeport CT,Healthcare Professional,Peripheral,Stylus Pro,Clinical Note-taking,NoteStream SaaS,12/26/2024,1
CUST-0293,30,Prefer not to say,Portland ME,Research Scientist,Peripheral,BioSensor Band,Continuous Glucose Monitor,VitalsNet SaaS,12/26/2024,1
CUST-0085,28,Female,Boston MA,Research Scientist,Smart Watch,Pulse Elite,Health Monitoring,FitCore SaaS,12/26/2024,1
CUST-0191,29,Prefer not to say,Manchester NH,IT & Technology Staff,Peripheral,Stylus Pro,Clinical Note-taking,SignFlow,12/26/2024,6
CUST-0206,27,Female,Springfield MA,Research Scientist,Peripheral,BioSensor Band,Continuous Glucose Monitor,VitalsNet SaaS,12/26/2024,3
CUST-0005,39,Female,Bridgeport CT,Healthcare Professional,Smart Watch,Pulse Elite,Health Monitoring,HealthSync Pro,12/26/2024,1
CUST-0095,45,Male,Bridgeport CT,Patient / Consumer,Smart Watch,Pulse Sport,Activity Logging,WellnessCloud,12/26/2024,2
CUST-0002,34,Male,Manchester NH,Research Scientist,Tablet,Tab Compact,Patient Intake,FieldOps SaaS,12/26/2024,4
CUST-0123,39,Male,Manchester NH,Field Technician,Peripheral,Charging Dock,Clinical Stations,PowerDesk SaaS,12/26/2024,3
CUST-0324,62,Prefer not to say,Worcester MA,Healthcare Professional,Peripheral,Wireless Hub,Device Pairing,ClinicHub Pro,12/26/2024,4
CUST-0272,29,Male,Portland ME,Practice Manager,Peripheral,Charging Dock,Multi-Device Charging,FleetCharge Pro,12/26/2024,3
CUST-0020,29,Female,Manchester NH,Patient / Consumer,Smart Watch,Pulse Elite,Health Monitoring,FitCore SaaS,12/26/2024,1
CUST-0253,49,Male,Providence RI,IT & Technology Staff,Smart Watch,Pulse Elite,Fitness Tracking,HealthSync Pro,12/26/2024,1
CUST-0025,26,Male,Portland ME,Field Technician,Smart Watch,Pulse Elite,Remote Patient Check-in,FitCore SaaS,12/27/2024,1
CUST-0138,30,Male,Worcester MA,IT & Technology Staff,Tablet,Tab Compact,Field Data Entry,FieldOps SaaS,12/27/2024,2
CUST-0189,35,Female,Concord NH,Practice Manager,Peripheral,Stylus Pro,Digital Annotation,NoteStream SaaS,12/27/2024,3
CUST-0380,24,Female,Hartford CT,Field Technician,Peripheral,Keyboard Fold,Telehealth Setup,AdminFlow SaaS,12/27/2024,1
CUST-0309,47,Male,Boston MA,Healthcare Professional,Peripheral,Charging Dock,Fleet Management,FleetCharge Pro,12/27/2024,4
CUST-0350,31,Male,Boston MA,IT & Technology Staff,Peripheral,Wireless Hub,Clinic Network,ClinicHub Pro,12/27/2024,2
CUST-0304,34,Non-binary,Hartford CT,Field Technician,Smart Watch,Pulse Sport,Sleep Analysis,WellnessCloud,12/27/2024,1
CUST-0029,42,Female,Worcester MA,Patient / Consumer,Peripheral,Wireless Hub,Clinic Network,ClinicHub Pro,12/27/2024,4
CUST-0121,27,Male,Portland ME,Student / Academic,Smart Watch,Pulse Sport,Activity Logging,WellnessCloud,12/27/2024,1
CUST-0299,45,Female,Hartford CT,Clinical Administrator,Smart Watch,Pulse Sport,Fitness Tracking,WellnessCloud,12/27/2024,1
CUST-0349,40,Female,Manchester NH,Patient / Consumer,Tablet,Tab Compact,Patient Intake,FieldOps SaaS,12/28/2024,1
CUST-0067,43,Male,Providence RI,Practice Manager,Peripheral,Stylus Pro,Clinical Note-taking,SignFlow,12/29/2024,2
CUST-0405,21,Male,Providence RI,Student / Academic,Peripheral,Privacy Shield,Screen Privacy,ComplianceGuard,12/29/2024,1
CUST-0319,57,Female,Worcester MA,Patient / Consumer,Peripheral,Privacy Shield,Screen Privacy,ComplianceGuard,12/29/2024,4
CUST-0055,45,Female,Boston MA,Research Scientist,Peripheral,Stylus Pro,Digital Annotation,SignFlow,12/29/2024,5
CUST-0317,50,Non-binary,Bridgeport CT,Practice Manager,Peripheral,Stylus Pro,Clinical Note-taking,SignFlow,12/30/2024,1
CUST-0098,56,Non-binary,Manchester NH,Patient / Consumer,Peripheral,Stylus Pro,Clinical Note-taking,SignFlow,12/30/2024,1
CUST-0256,44,Female,Burlington VT,Patient / Consumer,Peripheral,Privacy Shield,Screen Privacy,SecureView SaaS,12/30/2024,1
CUST-0098,56,Non-binary,Manchester NH,Patient / Consumer,Tablet,Tab Compact,Patient Intake,FieldOps SaaS,12/30/2024,1
CUST-0210,80,Female,Burlington VT,Patient / Consumer,Tablet,Tab Pro 12,Telehealth Consult,TeleDoc Platform,12/30/2024,1
CUST-0031,37,Male,Boston MA,Practice Manager,Tablet,Tab Pro 12,Clinical Documentation,ClinicalOS,12/30/2024,2
CUST-0196,41,Female,Springfield MA,Clinical Administrator,Smart Watch,Pulse Elite,Fitness Tracking,FitCore SaaS,12/30/2024,2
CUST-0097,44,Female,Bridgeport CT,Healthcare Professional,Peripheral,Wireless Hub,Clinic Network,MeshConnect SaaS,12/30/2024,3
CUST-0281,45,Non-binary,Providence RI,Practice Manager,Peripheral,Charging Dock,Multi-Device Charging,PowerDesk SaaS,12/30/2024,1
CUST-0389,36,Male,Manchester NH,Field Technician,Tablet,Tab Compact,Field Data Entry,FieldOps SaaS,12/30/2024,1
CUST-0257,56,Male,Springfield MA,Practice Manager,Peripheral,Charging Dock,Fleet Management,FleetCharge Pro,12/30/2024,3
CUST-0198,24,Male,Concord NH,Student / Academic,Smart Watch,Pulse Sport,Sleep Analysis,FitCore SaaS,12/31/2024,1
CUST-0242,29,Male,Springfield MA,Field Technician,Peripheral,Privacy Shield,Secure Display,SecureView SaaS,12/31/2024,3
CUST-0155,40,Female,Hartford CT,Clinical Administrator,Peripheral,Keyboard Fold,Remote Input,AdminFlow SaaS,12/31/2024,2
CUST-0057,28,Male,Boston MA,Research Scientist,Peripheral,Charging Dock,Fleet Management,PowerDesk SaaS,12/31/2024,3
CUST-0305,41,Female,Portland ME,Healthcare Professional,Tablet,Tab Pro 12,Telehealth Consult,EduHealth SaaS,12/31/2024,1
CUST-0354,28,Female,Providence RI,Field Technician,Smart Watch,Pulse Sport,Sleep Analysis,WellnessCloud,1/1/2025,3
CUST-0082,41,Female,Manchester NH,Clinical Administrator,Tablet,Tab Compact,Patient Intake,InvTrack Pro,1/1/2025,1
CUST-0375,65,Female,Bridgeport CT,Practice Manager,Tablet,Tab Studio,Remote Diagnosis,DataViz Suite,1/1/2025,1
CUST-0177,42,Male,Worcester MA,Healthcare Professional,Tablet,Tab Compact,Field Data Entry,InvTrack Pro,1/1/2025,2
CUST-0307,38,Prefer not to say,Manchester NH,Field Technician,Tablet,Tab Studio,Data Visualisation,DesignHub SaaS,1/1/2025,2
CUST-0182,38,Female,Hartford CT,Patient / Consumer,Peripheral,Stylus Pro,E-Signature,SignFlow,1/1/2025,5
CUST-0260,49,Prefer not to say,Burlington VT,Healthcare Professional,Tablet,Tab Compact,Inventory Management,InvTrack Pro,1/1/2025,3
CUST-0230,62,Female,Providence RI,Patient / Consumer,Peripheral,BioSensor Band,Vitals Streaming,BioStream API,1/1/2025,2
CUST-0067,43,Male,Providence RI,Practice Manager,Smart Watch,Pulse Sport,Activity Logging,FitCore SaaS,1/2/2025,1
CUST-0386,31,Male,Manchester NH,Field Technician,Peripheral,BioSensor Band,Continuous Glucose Monitor,VitalsNet SaaS,1/2/2025,3
CUST-0241,36,Non-binary,Burlington VT,Practice Manager,Peripheral,Keyboard Fold,Administrative Tasks,TeleSetup Pro,1/2/2025,1
CUST-0253,49,Male,Providence RI,IT & Technology Staff,Peripheral,Wireless Hub,Device Pairing,ClinicHub Pro,1/2/2025,1
CUST-0222,21,Female,Concord NH,Clinical Administrator,Tablet,Tab Pro 12,Telehealth Consult,EduHealth SaaS,1/2/2025,3
CUST-0310,48,Male,Worcester MA,Patient / Consumer,Peripheral,Stylus Pro,Digital Annotation,SignFlow,1/2/2025,5
CUST-0257,56,Male,Springfield MA,Practice Manager,Peripheral,Charging Dock,Clinical Stations,FleetCharge Pro,1/2/2025,1
CUST-0059,57,Female,Portland ME,Patient / Consumer,Peripheral,Stylus Pro,E-Signature,SignFlow,1/2/2025,2
CUST-0375,65,Female,Bridgeport CT,Practice Manager,Peripheral,Charging Dock,Fleet Management,FleetCharge Pro,1/2/2025,3
CUST-0366,32,Female,Portland ME,Research Scientist,Peripheral,BioSensor Band,Remote Monitoring,VitalsNet SaaS,1/2/2025,4
CUST-0135,19,Female,Manchester NH,Student / Academic,Peripheral,Privacy Shield,Secure Display,ComplianceGuard,1/2/2025,3
CUST-0043,40,Female,Hartford CT,Healthcare Professional,Peripheral,Wireless Hub,Data Aggregation,MeshConnect SaaS,1/3/2025,3
CUST-0164,30,Male,Portland ME,Clinical Administrator,Tablet,Tab Pro 12,Patient Education,TeleDoc Platform,1/3/2025,1
CUST-0079,42,Female,Boston MA,Healthcare Professional,Peripheral,Privacy Shield,Screen Privacy,ComplianceGuard,1/3/2025,2
CUST-0051,38,Female,Worcester MA,Research Scientist,Peripheral,Wireless Hub,Data Aggregation,ClinicHub Pro,1/3/2025,2
CUST-0295,45,Male,Hartford CT,Healthcare Professional,Peripheral,Privacy Shield,Secure Display,ComplianceGuard,1/3/2025,5
CUST-0114,47,Prefer not to say,Providence RI,Field Technician,Smart Watch,Pulse Sport,Sleep Analysis,FitCore SaaS,1/3/2025,2
CUST-0164,30,Male,Portland ME,Clinical Administrator,Tablet,Tab Compact,Field Data Entry,IntakeFlow,1/3/2025,1
CUST-0323,19,Female,Burlington VT,Student / Academic,Smart Watch,Pulse Sport,Fitness Tracking,FitCore SaaS,1/3/2025,1
CUST-0292,26,Female,Concord NH,Field Technician,Smart Watch,Pulse Sport,Activity Logging,WellnessCloud,1/3/2025,3
CUST-0232,55,Female,Hartford CT,Patient / Consumer,Peripheral,Wireless Hub,Clinic Network,ClinicHub Pro,1/3/2025,1
CUST-0401,18,Male,Burlington VT,Student / Academic,Peripheral,Stylus Pro,E-Signature,SignFlow,1/3/2025,2
CUST-0376,31,Female,Portland ME,Clinical Administrator,Peripheral,BioSensor Band,Vitals Streaming,VitalsNet SaaS,1/3/2025,1
CUST-0054,43,Male,Springfield MA,Clinical Administrator,Smart Watch,Pulse Elite,Remote Patient Check-in,FitCore SaaS,1/4/2025,1
CUST-0024,23,Female,Concord NH,Research Scientist,Peripheral,Privacy Shield,Secure Display,SecureView SaaS,1/4/2025,3
CUST-0235,57,Female,Worcester MA,Clinical Administrator,Tablet,Tab Pro 12,Patient Education,TeleDoc Platform,1/4/2025,1
CUST-0331,51,Female,Boston MA,Patient / Consumer,Peripheral,Wireless Hub,Device Pairing,ClinicHub Pro,1/5/2025,2
CUST-0300,48,Female,Worcester MA,Healthcare Professional,Peripheral,BioSensor Band,Continuous Glucose Monitor,BioStream API,1/5/2025,2
CUST-0119,37,Female,Hartford CT,Field Technician,Peripheral,Charging Dock,Fleet Management,PowerDesk SaaS,1/5/2025,3
CUST-0173,29,Female,Worcester MA,Field Technician,Tablet,Tab Compact,Inventory Management,IntakeFlow,1/6/2025,1
CUST-0051,38,Female,Worcester MA,Research Scientist,Tablet,Tab Studio,Data Visualisation,DataViz Suite,1/6/2025,1
CUST-0106,36,Female,Bridgeport CT,IT & Technology Staff,Peripheral,Wireless Hub,Clinic Network,ClinicHub Pro,1/6/2025,1
CUST-0069,47,Female,Bridgeport CT,Practice Manager,Peripheral,BioSensor Band,Vitals Streaming,VitalsNet SaaS,1/6/2025,1
CUST-0024,23,Female,Concord NH,Research Scientist,Peripheral,BioSensor Band,Vitals Streaming,BioStream API,1/6/2025,2
CUST-0109,44,Female,Springfield MA,Healthcare Professional,Peripheral,BioSensor Band,Continuous Glucose Monitor,BioStream API,1/6/2025,1
CUST-0085,28,Female,Boston MA,Research Scientist,Tablet,Tab Compact,Patient Intake,InvTrack Pro,1/6/2025,1
CUST-0298,25,Female,Hartford CT,Student / Academic,Peripheral,Privacy Shield,Screen Privacy,SecureView SaaS,1/6/2025,3
CUST-0232,55,Female,Hartford CT,Patient / Consumer,Peripheral,Charging Dock,Clinical Stations,FleetCharge Pro,1/6/2025,2
CUST-0160,62,Female,Bridgeport CT,Patient / Consumer,Tablet,Tab Pro 12,Clinical Documentation,ClinicalOS,1/6/2025,1
CUST-0402,30,Female,Bridgeport CT,Research Scientist,Tablet,Tab Studio,Creative Workflow,DiagnosticAI,1/7/2025,1
CUST-0304,34,Non-binary,Hartford CT,Field Technician,Smart Watch,Pulse Elite,Fitness Tracking,HealthSync Pro,1/7/2025,2
CUST-0137,20,Male,Burlington VT,Student / Academic,Peripheral,Wireless Hub,Device Pairing,MeshConnect SaaS,1/7/2025,1
CUST-0335,28,Female,Burlington VT,Student / Academic,Peripheral,Privacy Shield,Screen Privacy,ComplianceGuard,1/7/2025,4
CUST-0014,20,Female,Springfield MA,Clinical Administrator,Tablet,Tab Pro 12,Clinical Documentation,ClinicalOS,1/7/2025,3
CUST-0067,43,Male,Providence RI,Practice Manager,Peripheral,Keyboard Fold,Remote Input,TeleSetup Pro,1/8/2025,2
CUST-0334,27,Male,Bridgeport CT,IT & Technology Staff,Tablet,Tab Studio,Creative Workflow,DesignHub SaaS,1/8/2025,1
CUST-0160,62,Female,Bridgeport CT,Patient / Consumer,Peripheral,BioSensor Band,Remote Monitoring,VitalsNet SaaS,1/8/2025,1
CUST-0232,55,Female,Hartford CT,Patient / Consumer,Peripheral,Privacy Shield,HIPAA Compliance,ComplianceGuard,1/8/2025,4
CUST-0237,18,Male,Springfield MA,IT & Technology Staff,Peripheral,Keyboard Fold,Telehealth Setup,AdminFlow SaaS,1/8/2025,4
CUST-0407,28,Male,Boston MA,Clinical Administrator,Tablet,Tab Pro 12,Clinical Documentation,TeleDoc Platform,1/8/2025,2
CUST-0169,39,Female,Springfield MA,Healthcare Professional,Peripheral,BioSensor Band,Remote Monitoring,VitalsNet SaaS,1/8/2025,1
CUST-0273,29,Female,Hartford CT,Student / Academic,Smart Watch,Pulse Sport,Fitness Tracking,WellnessCloud,1/8/2025,1
CUST-0088,25,Male,Worcester MA,Student / Academic,Peripheral,Stylus Pro,Digital Annotation,NoteStream SaaS,1/8/2025,5
CUST-0089,28,Female,Burlington VT,IT & Technology Staff,Peripheral,Wireless Hub,Device Pairing,MeshConnect SaaS,1/8/2025,2
CUST-0337,38,Female,Concord NH,Patient / Consumer,Smart Watch,Pulse Elite,Health Monitoring,FitCore SaaS,1/8/2025,1
CUST-0219,26,Prefer not to say,Bridgeport CT,Field Technician,Peripheral,Charging Dock,Fleet Management,PowerDesk SaaS,1/8/2025,1
CUST-0337,38,Female,Concord NH,Patient / Consumer,Smart Watch,Pulse Sport,Activity Logging,WellnessCloud,1/8/2025,1
CUST-0077,44,Male,Burlington VT,Practice Manager,Peripheral,Stylus Pro,E-Signature,SignFlow,1/9/2025,2
CUST-0092,46,Male,Portland ME,Clinical Administrator,Tablet,Tab Pro 12,Clinical Documentation,TeleDoc Platform,1/9/2025,1
CUST-0258,34,Female,Concord NH,Healthcare Professional,Peripheral,BioSensor Band,Remote Monitoring,BioStream API,1/9/2025,2
CUST-0235,57,Female,Worcester MA,Clinical Administrator,Peripheral,Charging Dock,Fleet Management,FleetCharge Pro,1/9/2025,2
CUST-0251,24,Male,Bridgeport CT,Research Scientist,Smart Watch,Pulse Sport,Sleep Analysis,FitCore SaaS,1/9/2025,1
CUST-0110,32,Male,Boston MA,IT & Technology Staff,Peripheral,Wireless Hub,Clinic Network,MeshConnect SaaS,1/9/2025,3
CUST-0227,53,Male,Providence RI,Patient / Consumer,Smart Watch,Pulse Sport,Fitness Tracking,FitCore SaaS,1/9/2025,2
CUST-0231,36,Male,Boston MA,Practice Manager,Tablet,Tab Pro 12,Telehealth Consult,ClinicalOS,1/9/2025,1
CUST-0247,39,Female,Hartford CT,Practice Manager,Tablet,Tab Studio,Creative Workflow,DiagnosticAI,1/9/2025,1
CUST-0189,35,Female,Concord NH,Practice Manager,Peripheral,Charging Dock,Multi-Device Charging,FleetCharge Pro,1/10/2025,2
CUST-0029,42,Female,Worcester MA,Patient / Consumer,Peripheral,Keyboard Fold,Administrative Tasks,AdminFlow SaaS,1/10/2025,3
CUST-0343,46,Male,Burlington VT,Practice Manager,Peripheral,Charging Dock,Fleet Management,PowerDesk SaaS,1/10/2025,3
CUST-0074,45,Male,Worcester MA,IT & Technology Staff,Smart Watch,Pulse Elite,Fitness Tracking,FitCore SaaS,1/10/2025,2
CUST-0272,29,Male,Portland ME,Practice Manager,Peripheral,Stylus Pro,Digital Annotation,NoteStream SaaS,1/10/2025,1
CUST-0364,39,Prefer not to say,Springfield MA,Research Scientist,Tablet,Tab Studio,Data Visualisation,DataViz Suite,1/10/2025,1
CUST-0041,63,Female,Bridgeport CT,Patient / Consumer,Smart Watch,Pulse Elite,Health Monitoring,HealthSync Pro,1/10/2025,2
CUST-0175,35,Female,Providence RI,IT & Technology Staff,Smart Watch,Pulse Elite,Remote Patient Check-in,FitCore SaaS,1/10/2025,1
CUST-0350,31,Male,Boston MA,IT & Technology Staff,Tablet,Tab Studio,Creative Workflow,DiagnosticAI,1/10/2025,2
CUST-0099,33,Male,Manchester NH,IT & Technology Staff,Peripheral,Privacy Shield,HIPAA Compliance,SecureView SaaS,1/10/2025,5
CUST-0419,53,Male,Springfield MA,Healthcare Professional,Smart Watch,Pulse Elite,Remote Patient Check-in,HealthSync Pro,1/10/2025,1
CUST-0180,60,Female,Concord NH,Research Scientist,Peripheral,Stylus Pro,E-Signature,NoteStream SaaS,1/10/2025,1
CUST-0157,43,Female,Bridgeport CT,Field Technician,Tablet,Tab Compact,Patient Intake,IntakeFlow,1/10/2025,3
CUST-0333,53,Male,Worcester MA,Patient / Consumer,Smart Watch,Pulse Sport,Fitness Tracking,WellnessCloud,1/10/2025,1
CUST-0064,32,Female,Boston MA,Practice Manager,Peripheral,BioSensor Band,Vitals Streaming,VitalsNet SaaS,1/11/2025,1
CUST-0024,23,Female,Concord NH,Research Scientist,Peripheral,Charging Dock,Clinical Stations,FleetCharge Pro,1/11/2025,2
CUST-0310,48,Male,Worcester MA,Patient / Consumer,Peripheral,Privacy Shield,Screen Privacy,ComplianceGuard,1/11/2025,1
CUST-0141,55,Male,Worcester MA,Patient / Consumer,Smart Watch,Pulse Elite,Remote Patient Check-in,FitCore SaaS,1/11/2025,4
CUST-0085,28,Female,Boston MA,Research Scientist,Tablet,Tab Studio,Creative Workflow,DataViz Suite,1/12/2025,5
CUST-0030,27,Male,Providence RI,Field Technician,Smart Watch,Pulse Sport,Sleep Analysis,FitCore SaaS,1/12/2025,1
CUST-0235,57,Female,Worcester MA,Clinical Administrator,Tablet,Tab Compact,Field Data Entry,InvTrack Pro,1/12/2025,2
CUST-0217,39,Female,Concord NH,Patient / Consumer,Peripheral,Keyboard Fold,Remote Input,TeleSetup Pro,1/13/2025,2
CUST-0312,41,Male,Manchester NH,IT & Technology Staff,Peripheral,Charging Dock,Multi-Device Charging,FleetCharge Pro,1/13/2025,3
CUST-0140,21,Female,Boston MA,Field Technician,Peripheral,Charging Dock,Multi-Device Charging,PowerDesk SaaS,1/13/2025,1
CUST-0182,38,Female,Hartford CT,Patient / Consumer,Smart Watch,Pulse Sport,Sleep Analysis,FitCore SaaS,1/13/2025,1
CUST-0305,41,Female,Portland ME,Healthcare Professional,Tablet,Tab Studio,Remote Diagnosis,DesignHub SaaS,1/13/2025,1
CUST-0301,26,Male,Burlington VT,IT & Technology Staff,Tablet,Tab Studio,Creative Workflow,DataViz Suite,1/13/2025,1
CUST-0256,44,Female,Burlington VT,Patient / Consumer,Peripheral,BioSensor Band,Vitals Streaming,VitalsNet SaaS,1/13/2025,4
CUST-0224,21,Male,Hartford CT,Research Scientist,Peripheral,BioSensor Band,Vitals Streaming,VitalsNet SaaS,1/14/2025,3
CUST-0055,45,Female,Boston MA,Research Scientist,Peripheral,Privacy Shield,Screen Privacy,ComplianceGuard,1/14/2025,3
CUST-0255,27,Male,Hartford CT,Patient / Consumer,Peripheral,Charging Dock,Fleet Management,FleetCharge Pro,1/14/2025,2
CUST-0373,56,Male,Worcester MA,Healthcare Professional,Peripheral,BioSensor Band,Vitals Streaming,BioStream API,1/14/2025,2
CUST-0399,34,Male,Hartford CT,Research Scientist,Tablet,Tab Studio,Creative Workflow,DiagnosticAI,1/14/2025,3
CUST-0353,39,Male,Concord NH,IT & Technology Staff,Peripheral,Keyboard Fold,Remote Input,TeleSetup Pro,1/14/2025,3
CUST-0325,35,Male,Boston MA,Patient / Consumer,Tablet,Tab Pro 12,Telehealth Consult,EduHealth SaaS,1/14/2025,1
CUST-0239,32,Female,Worcester MA,Clinical Administrator,Peripheral,Keyboard Fold,Administrative Tasks,AdminFlow SaaS,1/14/2025,3
CUST-0311,31,Male,Worcester MA,IT & Technology Staff,Peripheral,Wireless Hub,Data Aggregation,ClinicHub Pro,1/14/2025,1
CUST-0420,42,Male,Burlington VT,Healthcare Professional,Peripheral,Stylus Pro,Digital Annotation,NoteStream SaaS,1/14/2025,2
CUST-0232,55,Female,Hartford CT,Patient / Consumer,Peripheral,Stylus Pro,Digital Annotation,NoteStream SaaS,1/14/2025,2
CUST-0224,21,Male,Hartford CT,Research Scientist,Peripheral,Stylus Pro,E-Signature,NoteStream SaaS,1/14/2025,1
CUST-0209,26,Female,Concord NH,Student / Academic,Smart Watch,Pulse Elite,Fitness Tracking,HealthSync Pro,1/14/2025,2
CUST-0066,50,Male,Portland ME,Clinical Administrator,Peripheral,Privacy Shield,Screen Privacy,ComplianceGuard,1/14/2025,1
CUST-0319,57,Female,Worcester MA,Patient / Consumer,Smart Watch,Pulse Sport,Activity Logging,WellnessCloud,1/14/2025,1
CUST-0012,44,Female,Hartford CT,Patient / Consumer,Tablet,Tab Pro 12,Patient Education,TeleDoc Platform,1/14/2025,1
CUST-0373,56,Male,Worcester MA,Healthcare Professional,Peripheral,Privacy Shield,Screen Privacy,SecureView SaaS,1/14/2025,2
CUST-0181,34,Male,Worcester MA,Field Technician,Peripheral,BioSensor Band,Continuous Glucose Monitor,VitalsNet SaaS,1/14/2025,2
CUST-0390,21,Male,Burlington VT,Student / Academic,Peripheral,Privacy Shield,HIPAA Compliance,ComplianceGuard,1/14/2025,3
CUST-0404,42,Male,Burlington VT,Healthcare Professional,Smart Watch,Pulse Elite,Remote Patient Check-in,HealthSync Pro,1/14/2025,1
CUST-0389,36,Male,Manchester NH,Field Technician,Peripheral,Wireless Hub,Clinic Network,ClinicHub Pro,1/14/2025,3
CUST-0066,50,Male,Portland ME,Clinical Administrator,Peripheral,Stylus Pro,Clinical Note-taking,NoteStream SaaS,1/14/2025,1
CUST-0073,35,Female,Boston MA,Research Scientist,Peripheral,Stylus Pro,E-Signature,SignFlow,1/15/2025,4
CUST-0258,34,Female,Concord NH,Healthcare Professional,Peripheral,Stylus Pro,E-Signature,NoteStream SaaS,1/15/2025,4
CUST-0011,21,Female,Springfield MA,Student / Academic,Peripheral,Stylus Pro,Clinical Note-taking,SignFlow,1/15/2025,1
CUST-0376,31,Female,Portland ME,Clinical Administrator,Peripheral,Keyboard Fold,Remote Input,AdminFlow SaaS,1/15/2025,1
CUST-0324,62,Prefer not to say,Worcester MA,Healthcare Professional,Peripheral,Wireless Hub,Clinic Network,ClinicHub Pro,1/15/2025,2
CUST-0210,80,Female,Burlington VT,Patient / Consumer,Smart Watch,Pulse Sport,Sleep Analysis,FitCore SaaS,1/15/2025,1
CUST-0066,50,Male,Portland ME,Clinical Administrator,Tablet,Tab Pro 12,Patient Education,EduHealth SaaS,1/15/2025,3
CUST-0249,80,Female,Hartford CT,Patient / Consumer,Smart Watch,Pulse Sport,Fitness Tracking,WellnessCloud,1/16/2025,2
CUST-0119,37,Female,Hartford CT,Field Technician,Peripheral,Stylus Pro,E-Signature,SignFlow,1/16/2025,3
CUST-0409,30,Male,Concord NH,Field Technician,Smart Watch,Pulse Elite,Remote Patient Check-in,FitCore SaaS,1/16/2025,1
CUST-0272,29,Male,Portland ME,Practice Manager,Tablet,Tab Compact,Patient Intake,IntakeFlow,1/16/2025,1
CUST-0201,47,Female,Worcester MA,Practice Manager,Tablet,Tab Studio,Data Visualisation,DataViz Suite,1/16/2025,5
CUST-0393,26,Male,Concord NH,Clinical Administrator,Tablet,Tab Pro 12,Patient Education,TeleDoc Platform,1/16/2025,1
CUST-0339,36,Female,Portland ME,IT & Technology Staff,Peripheral,Keyboard Fold,Administrative Tasks,AdminFlow SaaS,1/16/2025,2
CUST-0203,54,Female,Springfield MA,Practice Manager,Peripheral,Privacy Shield,HIPAA Compliance,ComplianceGuard,1/16/2025,3
CUST-0085,28,Female,Boston MA,Research Scientist,Smart Watch,Pulse Elite,Health Monitoring,FitCore SaaS,1/16/2025,1
CUST-0373,56,Male,Worcester MA,Healthcare Professional,Peripheral,Privacy Shield,HIPAA Compliance,ComplianceGuard,1/16/2025,1
CUST-0420,42,Male,Burlington VT,Healthcare Professional,Smart Watch,Pulse Elite,Health Monitoring,FitCore SaaS,1/16/2025,1
CUST-0378,54,Female,Boston MA,Patient / Consumer,Peripheral,Wireless Hub,Device Pairing,ClinicHub Pro,1/16/2025,2
CUST-0115,34,Female,Providence RI,Research Scientist,Peripheral,BioSensor Band,Vitals Streaming,VitalsNet SaaS,1/16/2025,5
CUST-0262,43,Female,Hartford CT,Practice Manager,Peripheral,Stylus Pro,Digital Annotation,SignFlow,1/17/2025,3
CUST-0347,18,Non-binary,Portland ME,Student / Academic,Smart Watch,Pulse Sport,Fitness Tracking,FitCore SaaS,1/17/2025,1
CUST-0415,57,Male,Bridgeport CT,Patient / Consumer,Peripheral,Charging Dock,Fleet Management,PowerDesk SaaS,1/17/2025,1
CUST-0165,36,Female,Portland ME,Field Technician,Peripheral,Stylus Pro,Digital Annotation,NoteStream SaaS,1/17/2025,4
CUST-0021,44,Female,Portland ME,IT & Technology Staff,Tablet,Tab Studio,Remote Diagnosis,DiagnosticAI,1/17/2025,1
CUST-0339,36,Female,Portland ME,IT & Technology Staff,Tablet,Tab Pro 12,Telehealth Consult,EduHealth SaaS,1/17/2025,1
CUST-0348,25,Female,Hartford CT,Clinical Administrator,Tablet,Tab Studio,Creative Workflow,DesignHub SaaS,1/17/2025,4
CUST-0177,42,Male,Worcester MA,Healthcare Professional,Peripheral,Stylus Pro,Clinical Note-taking,SignFlow,1/17/2025,2
CUST-0371,33,Male,Portland ME,IT & Technology Staff,Peripheral,Wireless Hub,Data Aggregation,ClinicHub Pro,1/17/2025,1
CUST-0116,32,Male,Concord NH,Field Technician,Tablet,Tab Pro 12,Telehealth Consult,ClinicalOS,1/17/2025,1
CUST-0356,22,Non-binary,Burlington VT,Field Technician,Tablet,Tab Pro 12,Patient Education,TeleDoc Platform,1/17/2025,1
CUST-0234,41,Non-binary,Hartford CT,Patient / Consumer,Tablet,Tab Pro 12,Clinical Documentation,EduHealth SaaS,1/17/2025,1
CUST-0114,47,Prefer not to say,Providence RI,Field Technician,Smart Watch,Pulse Sport,Activity Logging,FitCore SaaS,1/17/2025,1
CUST-0357,41,Female,Portland ME,Healthcare Professional,Peripheral,Keyboard Fold,Remote Input,TeleSetup Pro,1/17/2025,4
CUST-0179,39,Male,Concord NH,Healthcare Professional,Peripheral,BioSensor Band,Vitals Streaming,VitalsNet SaaS,1/17/2025,1
CUST-0047,33,Prefer not to say,Bridgeport CT,Clinical Administrator,Tablet,Tab Compact,Field Data Entry,InvTrack Pro,1/17/2025,3
CUST-0048,41,Male,Hartford CT,IT & Technology Staff,Peripheral,Charging Dock,Multi-Device Charging,FleetCharge Pro,1/17/2025,2
CUST-0146,64,Male,Portland ME,Patient / Consumer,Peripheral,BioSensor Band,Vitals Streaming,VitalsNet SaaS,1/18/2025,3
CUST-0342,44,Male,Manchester NH,Healthcare Professional,Smart Watch,Pulse Elite,Health Monitoring,HealthSync Pro,1/18/2025,2
CUST-0138,30,Male,Worcester MA,IT & Technology Staff,Peripheral,Charging Dock,Fleet Management,FleetCharge Pro,1/19/2025,3
CUST-0020,29,Female,Manchester NH,Patient / Consumer,Peripheral,Stylus Pro,Clinical Note-taking,NoteStream SaaS,1/19/2025,3
CUST-0238,54,Male,Portland ME,Patient / Consumer,Tablet,Tab Pro 12,Telehealth Consult,TeleDoc Platform,1/19/2025,3
CUST-0198,24,Male,Concord NH,Student / Academic,Peripheral,Privacy Shield,HIPAA Compliance,SecureView SaaS,1/19/2025,4
CUST-0128,36,Male,Worcester MA,Healthcare Professional,Peripheral,Charging Dock,Fleet Management,FleetCharge Pro,1/19/2025,4
CUST-0246,34,Male,Worcester MA,Clinical Administrator,Peripheral,Wireless Hub,Clinic Network,ClinicHub Pro,1/20/2025,1
CUST-0269,37,Female,Concord NH,Healthcare Professional,Peripheral,Wireless Hub,Data Aggregation,ClinicHub Pro,1/20/2025,2
CUST-0389,36,Male,Manchester NH,Field Technician,Peripheral,Wireless Hub,Data Aggregation,MeshConnect SaaS,1/20/2025,6
CUST-0366,32,Female,Portland ME,Research Scientist,Tablet,Tab Compact,Inventory Management,FieldOps SaaS,1/20/2025,1
CUST-0075,18,Non-binary,Hartford CT,Patient / Consumer,Peripheral,Wireless Hub,Data Aggregation,MeshConnect SaaS,1/20/2025,5
CUST-0026,24,Male,Hartford CT,Student / Academic,Peripheral,Stylus Pro,Digital Annotation,NoteStream SaaS,1/20/2025,2
CUST-0271,56,Female,Bridgeport CT,Healthcare Professional,Tablet,Tab Studio,Remote Diagnosis,DesignHub SaaS,1/20/2025,1
CUST-0420,42,Male,Burlington VT,Healthcare Professional,Peripheral,Privacy Shield,Screen Privacy,ComplianceGuard,1/20/2025,3
CUST-0403,42,Female,Burlington VT,Healthcare Professional,Tablet,Tab Pro 12,Telehealth Consult,TeleDoc Platform,1/21/2025,2
CUST-0130,26,Female,Bridgeport CT,Field Technician,Tablet,Tab Pro 12,Patient Education,TeleDoc Platform,1/21/2025,1
CUST-0348,25,Female,Hartford CT,Clinical Administrator,Peripheral,Privacy Shield,Secure Display,ComplianceGuard,1/21/2025,2
CUST-0213,53,Female,Portland ME,Practice Manager,Peripheral,Charging Dock,Multi-Device Charging,PowerDesk SaaS,1/21/2025,2
CUST-0161,34,Female,Burlington VT,Practice Manager,Peripheral,Stylus Pro,Clinical Note-taking,NoteStream SaaS,1/21/2025,1
CUST-0105,31,Female,Burlington VT,IT & Technology Staff,Peripheral,Wireless Hub,Clinic Network,MeshConnect SaaS,1/21/2025,2
CUST-0390,21,Male,Burlington VT,Student / Academic,Peripheral,Privacy Shield,Screen Privacy,SecureView SaaS,1/21/2025,3
CUST-0376,31,Female,Portland ME,Clinical Administrator,Peripheral,Wireless Hub,Data Aggregation,ClinicHub Pro,1/21/2025,2
CUST-0301,26,Male,Burlington VT,IT & Technology Staff,Peripheral,Privacy Shield,HIPAA Compliance,SecureView SaaS,1/21/2025,1
CUST-0017,28,Female,Manchester NH,Clinical Administrator,Tablet,Tab Pro 12,Clinical Documentation,TeleDoc Platform,1/22/2025,1
CUST-0321,36,Prefer not to say,Hartford CT,Research Scientist,Peripheral,Keyboard Fold,Remote Input,TeleSetup Pro,1/22/2025,3
CUST-0251,24,Male,Bridgeport CT,Research Scientist,Peripheral,Stylus Pro,Clinical Note-taking,NoteStream SaaS,1/22/2025,1
CUST-0215,40,Female,Manchester NH,Practice Manager,Peripheral,Wireless Hub,Data Aggregation,MeshConnect SaaS,1/22/2025,2
CUST-0360,19,Male,Burlington VT,Student / Academic,Tablet,Tab Pro 12,Clinical Documentation,ClinicalOS,1/22/2025,2
CUST-0097,44,Female,Bridgeport CT,Healthcare Professional,Tablet,Tab Pro 12,Patient Education,TeleDoc Platform,1/22/2025,1
CUST-0409,30,Male,Concord NH,Field Technician,Tablet,Tab Compact,Field Data Entry,InvTrack Pro,1/22/2025,2
CUST-0008,39,Female,Concord NH,IT & Technology Staff,Peripheral,Privacy Shield,HIPAA Compliance,ComplianceGuard,1/22/2025,2
CUST-0406,37,Female,Worcester MA,IT & Technology Staff,Peripheral,Privacy Shield,HIPAA Compliance,SecureView SaaS,1/22/2025,1
CUST-0117,29,Female,Portland ME,Field Technician,Peripheral,Keyboard Fold,Telehealth Setup,TeleSetup Pro,1/22/2025,2
CUST-0230,62,Female,Providence RI,Patient / Consumer,Smart Watch,Pulse Sport,Sleep Analysis,WellnessCloud,1/22/2025,2
CUST-0413,24,Male,Worcester MA,Clinical Administrator,Tablet,Tab Studio,Creative Workflow,DataViz Suite,1/22/2025,1
CUST-0289,56,Female,Springfield MA,Patient / Consumer,Peripheral,Stylus Pro,Clinical Note-taking,NoteStream SaaS,1/22/2025,2
CUST-0190,20,Female,Manchester NH,IT & Technology Staff,Peripheral,Privacy Shield,Screen Privacy,ComplianceGuard,1/22/2025,1
CUST-0337,38,Female,Concord NH,Patient / Consumer,Smart Watch,Pulse Sport,Activity Logging,FitCore SaaS,1/22/2025,1
CUST-0160,62,Female,Bridgeport CT,Patient / Consumer,Peripheral,BioSensor Band,Continuous Glucose Monitor,BioStream API,1/23/2025,4
CUST-0156,20,Non-binary,Hartford CT,Student / Academic,Peripheral,Stylus Pro,Digital Annotation,NoteStream SaaS,1/23/2025,2
CUST-0410,37,Male,Concord NH,IT & Technology Staff,Peripheral,Wireless Hub,Clinic Network,MeshConnect SaaS,1/23/2025,2
CUST-0385,39,Female,Springfield MA,Patient / Consumer,Peripheral,Wireless Hub,Clinic Network,ClinicHub Pro,1/23/2025,1
CUST-0244,43,Female,Burlington VT,Research Scientist,Peripheral,Wireless Hub,Clinic Network,MeshConnect SaaS,1/23/2025,3
CUST-0392,42,Male,Manchester NH,Clinical Administrator,Smart Watch,Pulse Elite,Health Monitoring,HealthSync Pro,1/23/2025,2
CUST-0088,25,Male,Worcester MA,Student / Academic,Peripheral,Keyboard Fold,Administrative Tasks,TeleSetup Pro,1/23/2025,1
CUST-0016,36,Female,Burlington VT,Healthcare Professional,Peripheral,BioSensor Band,Remote Monitoring,BioStream API,1/23/2025,6
CUST-0046,31,Male,Hartford CT,Clinical Administrator,Smart Watch,Pulse Sport,Activity Logging,FitCore SaaS,1/23/2025,1
CUST-0017,28,Female,Manchester NH,Clinical Administrator,Peripheral,Wireless Hub,Clinic Network,ClinicHub Pro,1/23/2025,4
CUST-0338,35,Female,Manchester NH,Clinical Administrator,Peripheral,BioSensor Band,Continuous Glucose Monitor,VitalsNet SaaS,1/23/2025,5
CUST-0364,39,Prefer not to say,Springfield MA,Research Scientist,Smart Watch,Pulse Elite,Fitness Tracking,HealthSync Pro,1/24/2025,1
CUST-0233,24,Male,Boston MA,Student / Academic,Peripheral,Charging Dock,Clinical Stations,PowerDesk SaaS,1/24/2025,2
CUST-0264,22,Female,Hartford CT,Field Technician,Smart Watch,Pulse Sport,Sleep Analysis,WellnessCloud,1/24/2025,1
CUST-0221,80,Male,Portland ME,Patient / Consumer,Peripheral,BioSensor Band,Remote Monitoring,BioStream API,1/24/2025,2
CUST-0086,33,Male,Springfield MA,Clinical Administrator,Tablet,Tab Studio,Data Visualisation,DiagnosticAI,1/24/2025,1
CUST-0323,19,Female,Burlington VT,Student / Academic,Tablet,Tab Compact,Field Data Entry,FieldOps SaaS,1/24/2025,2
CUST-0366,32,Female,Portland ME,Research Scientist,Smart Watch,Pulse Elite,Health Monitoring,FitCore SaaS,1/24/2025,2
CUST-0038,20,Male,Providence RI,Clinical Administrator,Tablet,Tab Pro 12,Telehealth Consult,ClinicalOS,1/24/2025,1
CUST-0296,25,Male,Providence RI,Field Technician,Smart Watch,Pulse Sport,Activity Logging,FitCore SaaS,1/24/2025,1
CUST-0175,35,Female,Providence RI,IT & Technology Staff,Peripheral,Wireless Hub,Data Aggregation,ClinicHub Pro,1/24/2025,2
CUST-0019,25,Male,Portland ME,IT & Technology Staff,Peripheral,Wireless Hub,Clinic Network,ClinicHub Pro,1/25/2025,1
CUST-0146,64,Male,Portland ME,Patient / Consumer,Peripheral,BioSensor Band,Vitals Streaming,BioStream API,1/25/2025,1
CUST-0098,56,Non-binary,Manchester NH,Patient / Consumer,Peripheral,BioSensor Band,Vitals Streaming,VitalsNet SaaS,1/25/2025,2
CUST-0015,18,Female,Manchester NH,Student / Academic,Peripheral,Stylus Pro,Digital Annotation,SignFlow,1/25/2025,4
CUST-0040,34,Female,Manchester NH,IT & Technology Staff,Tablet,Tab Studio,Remote Diagnosis,DataViz Suite,1/25/2025,2
CUST-0329,61,Female,Providence RI,Patient / Consumer,Smart Watch,Pulse Elite,Health Monitoring,HealthSync Pro,1/25/2025,2
CUST-0277,39,Male,Springfield MA,Clinical Administrator,Tablet,Tab Compact,Field Data Entry,FieldOps SaaS,1/25/2025,3
CUST-0101,23,Female,Portland ME,Research Scientist,Tablet,Tab Studio,Creative Workflow,DesignHub SaaS,1/25/2025,1
CUST-0380,24,Female,Hartford CT,Field Technician,Tablet,Tab Pro 12,Clinical Documentation,TeleDoc Platform,1/26/2025,1
CUST-0330,43,Non-binary,Boston MA,Clinical Administrator,Tablet,Tab Pro 12,Patient Education,EduHealth SaaS,1/26/2025,2
CUST-0161,34,Female,Burlington VT,Practice Manager,Smart Watch,Pulse Sport,Fitness Tracking,FitCore SaaS,1/26/2025,1
CUST-0203,54,Female,Springfield MA,Practice Manager,Tablet,Tab Compact,Inventory Management,InvTrack Pro,1/26/2025,1
CUST-0015,18,Female,Manchester NH,Student / Academic,Peripheral,Privacy Shield,HIPAA Compliance,SecureView SaaS,1/26/2025,1
CUST-0069,47,Female,Bridgeport CT,Practice Manager,Smart Watch,Pulse Elite,Remote Patient Check-in,HealthSync Pro,1/27/2025,3
CUST-0390,21,Male,Burlington VT,Student / Academic,Peripheral,Stylus Pro,E-Signature,NoteStream SaaS,1/27/2025,3
CUST-0408,36,Female,Portland ME,Clinical Administrator,Peripheral,Privacy Shield,Secure Display,ComplianceGuard,1/27/2025,2
CUST-0377,50,Female,Bridgeport CT,Healthcare Professional,Tablet,Tab Pro 12,Patient Education,TeleDoc Platform,1/27/2025,2
CUST-0397,24,Prefer not to say,Springfield MA,Healthcare Professional,Tablet,Tab Studio,Creative Workflow,DiagnosticAI,1/27/2025,1
CUST-0205,25,Male,Hartford CT,Clinical Administrator,Peripheral,Stylus Pro,Digital Annotation,SignFlow,1/27/2025,4
CUST-0229,27,Male,Boston MA,IT & Technology Staff,Peripheral,Keyboard Fold,Telehealth Setup,TeleSetup Pro,1/27/2025,2
CUST-0275,36,Female,Burlington VT,Patient / Consumer,Peripheral,Keyboard Fold,Administrative Tasks,AdminFlow SaaS,1/27/2025,2
CUST-0134,40,Male,Manchester NH,Research Scientist,Smart Watch,Pulse Sport,Fitness Tracking,WellnessCloud,1/27/2025,3
CUST-0133,31,Female,Bridgeport CT,Healthcare Professional,Peripheral,Wireless Hub,Clinic Network,MeshConnect SaaS,1/27/2025,3
CUST-0097,44,Female,Bridgeport CT,Healthcare Professional,Peripheral,Wireless Hub,Device Pairing,ClinicHub Pro,1/27/2025,2
CUST-0228,34,Male,Bridgeport CT,Patient / Consumer,Tablet,Tab Pro 12,Telehealth Consult,EduHealth SaaS,1/28/2025,1
CUST-0277,39,Male,Springfield MA,Clinical Administrator,Peripheral,Charging Dock,Multi-Device Charging,PowerDesk SaaS,1/28/2025,2
CUST-0123,39,Male,Manchester NH,Field Technician,Peripheral,BioSensor Band,Vitals Streaming,VitalsNet SaaS,1/28/2025,4
CUST-0047,33,Prefer not to say,Bridgeport CT,Clinical Administrator,Tablet,Tab Pro 12,Clinical Documentation,ClinicalOS,1/28/2025,1
CUST-0273,29,Female,Hartford CT,Student / Academic,Smart Watch,Pulse Sport,Fitness Tracking,WellnessCloud,1/28/2025,1
CUST-0072,45,Male,Hartford CT,IT & Technology Staff,Peripheral,Keyboard Fold,Administrative Tasks,AdminFlow SaaS,1/28/2025,2
CUST-0286,18,Female,Burlington VT,IT & Technology Staff,Tablet,Tab Studio,Remote Diagnosis,DesignHub SaaS,1/28/2025,3
CUST-0041,63,Female,Bridgeport CT,Patient / Consumer,Peripheral,Keyboard Fold,Telehealth Setup,TeleSetup Pro,1/28/2025,3
CUST-0041,63,Female,Bridgeport CT,Patient / Consumer,Tablet,Tab Pro 12,Clinical Documentation,EduHealth SaaS,1/28/2025,1
CUST-0260,49,Prefer not to say,Burlington VT,Healthcare Professional,Peripheral,BioSensor Band,Vitals Streaming,VitalsNet SaaS,1/28/2025,4
CUST-0057,28,Male,Boston MA,Research Scientist,Peripheral,BioSensor Band,Continuous Glucose Monitor,VitalsNet SaaS,1/28/2025,1
CUST-0032,54,Male,Providence RI,Clinical Administrator,Smart Watch,Pulse Elite,Fitness Tracking,HealthSync Pro,1/28/2025,3
CUST-0379,63,Prefer not to say,Worcester MA,Healthcare Professional,Peripheral,Stylus Pro,Digital Annotation,NoteStream SaaS,1/28/2025,4
CUST-0256,44,Female,Burlington VT,Patient / Consumer,Tablet,Tab Studio,Creative Workflow,DesignHub SaaS,1/29/2025,1
CUST-0252,44,Female,Burlington VT,Research Scientist,Peripheral,Stylus Pro,Digital Annotation,SignFlow,1/29/2025,1
CUST-0158,48,Female,Hartford CT,Practice Manager,Tablet,Tab Compact,Field Data Entry,FieldOps SaaS,1/29/2025,3
CUST-0061,39,Male,Hartford CT,Practice Manager,Peripheral,BioSensor Band,Remote Monitoring,BioStream API,1/29/2025,2
CUST-0321,36,Prefer not to say,Hartford CT,Research Scientist,Peripheral,BioSensor Band,Vitals Streaming,BioStream API,1/29/2025,2
CUST-0347,18,Non-binary,Portland ME,Student / Academic,Peripheral,Stylus Pro,Clinical Note-taking,SignFlow,1/29/2025,2
CUST-0419,53,Male,Springfield MA,Healthcare Professional,Tablet,Tab Compact,Inventory Management,IntakeFlow,1/29/2025,2
CUST-0156,20,Non-binary,Hartford CT,Student / Academic,Tablet,Tab Pro 12,Clinical Documentation,ClinicalOS,1/29/2025,1
CUST-0218,41,Female,Concord NH,Practice Manager,Peripheral,Charging Dock,Fleet Management,FleetCharge Pro,1/29/2025,1
CUST-0116,32,Male,Concord NH,Field Technician,Peripheral,Wireless Hub,Device Pairing,MeshConnect SaaS,1/29/2025,2
CUST-0397,24,Prefer not to say,Springfield MA,Healthcare Professional,Smart Watch,Pulse Sport,Sleep Analysis,FitCore SaaS,1/29/2025,1
CUST-0086,33,Male,Springfield MA,Clinical Administrator,Tablet,Tab Compact,Patient Intake,InvTrack Pro,1/29/2025,1
CUST-0240,43,Female,Worcester MA,Research Scientist,Peripheral,Stylus Pro,Clinical Note-taking,NoteStream SaaS,1/30/2025,2
CUST-0204,68,Male,Portland ME,Patient / Consumer,Peripheral,Privacy Shield,HIPAA Compliance,SecureView SaaS,1/30/2025,2
CUST-0199,42,Female,Hartford CT,Healthcare Professional,Peripheral,BioSensor Band,Vitals Streaming,VitalsNet SaaS,1/30/2025,1
CUST-0233,24,Male,Boston MA,Student / Academic,Peripheral,BioSensor Band,Vitals Streaming,VitalsNet SaaS,1/30/2025,4
CUST-0110,32,Male,Boston MA,IT & Technology Staff,Smart Watch,Pulse Sport,Sleep Analysis,WellnessCloud,1/30/2025,2
CUST-0032,54,Male,Providence RI,Clinical Administrator,Tablet,Tab Studio,Creative Workflow,DiagnosticAI,1/30/2025,3
CUST-0265,35,Female,Worcester MA,Clinical Administrator,Peripheral,Wireless Hub,Data Aggregation,ClinicHub Pro,1/30/2025,3
CUST-0152,45,Female,Manchester NH,Healthcare Professional,Peripheral,Stylus Pro,Digital Annotation,NoteStream SaaS,1/30/2025,3
CUST-0220,24,Male,Hartford CT,Student / Academic,Tablet,Tab Studio,Creative Workflow,DataViz Suite,1/30/2025,3
CUST-0073,35,Female,Boston MA,Research Scientist,Smart Watch,Pulse Elite,Remote Patient Check-in,HealthSync Pro,1/30/2025,2
CUST-0338,35,Female,Manchester NH,Clinical Administrator,Smart Watch,Pulse Sport,Fitness Tracking,FitCore SaaS,1/30/2025,1
CUST-0027,21,Female,Hartford CT,Field Technician,Peripheral,Privacy Shield,HIPAA Compliance,ComplianceGuard,1/30/2025,2
CUST-0048,41,Male,Hartford CT,IT & Technology Staff,Peripheral,Stylus Pro,E-Signature,NoteStream SaaS,1/30/2025,3
CUST-0231,36,Male,Boston MA,Practice Manager,Peripheral,Keyboard Fold,Remote Input,TeleSetup Pro,1/30/2025,1
CUST-0371,33,Male,Portland ME,IT & Technology Staff,Tablet,Tab Studio,Remote Diagnosis,DataViz Suite,1/30/2025,1
CUST-0111,21,Male,Boston MA,Patient / Consumer,Smart Watch,Pulse Sport,Activity Logging,WellnessCloud,1/30/2025,2
CUST-0029,42,Female,Worcester MA,Patient / Consumer,Peripheral,Wireless Hub,Data Aggregation,ClinicHub Pro,1/30/2025,3
CUST-0006,28,Male,Springfield MA,Field Technician,Tablet,Tab Compact,Field Data Entry,FieldOps SaaS,1/31/2025,1
CUST-0129,24,Female,Concord NH,Student / Academic,Smart Watch,Pulse Sport,Activity Logging,WellnessCloud,1/31/2025,1
CUST-0297,52,Prefer not to say,Providence RI,Practice Manager,Tablet,Tab Compact,Field Data Entry,FieldOps SaaS,1/31/2025,3
CUST-0260,49,Prefer not to say,Burlington VT,Healthcare Professional,Smart Watch,Pulse Elite,Remote Patient Check-in,HealthSync Pro,1/31/2025,1
CUST-0196,41,Female,Springfield MA,Clinical Administrator,Peripheral,Charging Dock,Fleet Management,PowerDesk SaaS,1/31/2025,3
CUST-0281,45,Non-binary,Providence RI,Practice Manager,Tablet,Tab Pro 12,Telehealth Consult,EduHealth SaaS,1/31/2025,1
CUST-0048,41,Male,Hartford CT,IT & Technology Staff,Peripheral,Keyboard Fold,Administrative Tasks,TeleSetup Pro,1/31/2025,1
CUST-0208,26,Male,Portland ME,Student / Academic,Peripheral,Privacy Shield,Secure Display,ComplianceGuard,2/1/2025,5
CUST-0345,33,Female,Hartford CT,Clinical Administrator,Tablet,Tab Pro 12,Patient Education,EduHealth SaaS,2/1/2025,2
CUST-0395,29,Female,Worcester MA,Student / Academic,Smart Watch,Pulse Sport,Sleep Analysis,FitCore SaaS,2/2/2025,1
CUST-0077,44,Male,Burlington VT,Practice Manager,Peripheral,Charging Dock,Fleet Management,PowerDesk SaaS,2/3/2025,1
CUST-0179,39,Male,Concord NH,Healthcare Professional,Tablet,Tab Studio,Creative Workflow,DesignHub SaaS,2/3/2025,1
CUST-0254,68,Female,Springfield MA,Patient / Consumer,Smart Watch,Pulse Sport,Fitness Tracking,WellnessCloud,2/3/2025,1
CUST-0365,42,Male,Bridgeport CT,Research Scientist,Smart Watch,Pulse Elite,Health Monitoring,HealthSync Pro,2/3/2025,2
CUST-0183,31,Female,Boston MA,Healthcare Professional,Peripheral,BioSensor Band,Continuous Glucose Monitor,BioStream API,2/3/2025,2
CUST-0029,42,Female,Worcester MA,Patient / Consumer,Peripheral,BioSensor Band,Continuous Glucose Monitor,BioStream API,2/3/2025,3
CUST-0309,47,Male,Boston MA,Healthcare Professional,Peripheral,Privacy Shield,Secure Display,SecureView SaaS,2/3/2025,1
CUST-0310,48,Male,Worcester MA,Patient / Consumer,Peripheral,Keyboard Fold,Administrative Tasks,AdminFlow SaaS,2/3/2025,4
CUST-0133,31,Female,Bridgeport CT,Healthcare Professional,Peripheral,Stylus Pro,Digital Annotation,SignFlow,2/4/2025,1
CUST-0391,19,Non-binary,Hartford CT,Student / Academic,Smart Watch,Pulse Sport,Activity Logging,WellnessCloud,2/4/2025,1
CUST-0024,23,Female,Concord NH,Research Scientist,Tablet,Tab Studio,Data Visualisation,DesignHub SaaS,2/4/2025,1
CUST-0260,49,Prefer not to say,Burlington VT,Healthcare Professional,Peripheral,Keyboard Fold,Remote Input,TeleSetup Pro,2/4/2025,2
CUST-0270,54,Male,Worcester MA,Patient / Consumer,Smart Watch,Pulse Sport,Sleep Analysis,FitCore SaaS,2/4/2025,2
CUST-0341,19,Male,Worcester MA,Student / Academic,Peripheral,Charging Dock,Multi-Device Charging,FleetCharge Pro,2/4/2025,1
CUST-0035,65,Prefer not to say,Boston MA,Patient / Consumer,Tablet,Tab Pro 12,Clinical Documentation,TeleDoc Platform,2/4/2025,2
CUST-0260,49,Prefer not to say,Burlington VT,Healthcare Professional,Peripheral,Stylus Pro,Clinical Note-taking,NoteStream SaaS,2/4/2025,4
CUST-0228,34,Male,Bridgeport CT,Patient / Consumer,Smart Watch,Pulse Elite,Health Monitoring,FitCore SaaS,2/4/2025,4
CUST-0324,62,Prefer not to say,Worcester MA,Healthcare Professional,Peripheral,BioSensor Band,Continuous Glucose Monitor,VitalsNet SaaS,2/4/2025,1
CUST-0084,26,Male,Springfield MA,Field Technician,Smart Watch,Pulse Sport,Activity Logging,WellnessCloud,2/4/2025,2
CUST-0413,24,Male,Worcester MA,Clinical Administrator,Peripheral,Wireless Hub,Device Pairing,MeshConnect SaaS,2/4/2025,2
CUST-0021,44,Female,Portland ME,IT & Technology Staff,Tablet,Tab Studio,Creative Workflow,DiagnosticAI,2/4/2025,3
CUST-0206,27,Female,Springfield MA,Research Scientist,Smart Watch,Pulse Elite,Fitness Tracking,FitCore SaaS,2/5/2025,1
CUST-0291,41,Male,Bridgeport CT,Practice Manager,Peripheral,Wireless Hub,Device Pairing,ClinicHub Pro,2/5/2025,4
CUST-0090,49,Male,Manchester NH,Practice Manager,Peripheral,Keyboard Fold,Telehealth Setup,TeleSetup Pro,2/5/2025,1
CUST-0334,27,Male,Bridgeport CT,IT & Technology Staff,Peripheral,Wireless Hub,Clinic Network,MeshConnect SaaS,2/5/2025,2
CUST-0317,50,Non-binary,Bridgeport CT,Practice Manager,Tablet,Tab Pro 12,Telehealth Consult,TeleDoc Platform,2/5/2025,1
CUST-0335,28,Female,Burlington VT,Student / Academic,Smart Watch,Pulse Sport,Fitness Tracking,FitCore SaaS,2/5/2025,3
CUST-0401,18,Male,Burlington VT,Student / Academic,Tablet,Tab Compact,Inventory Management,InvTrack Pro,2/5/2025,1
CUST-0117,29,Female,Portland ME,Field Technician,Tablet,Tab Compact,Patient Intake,FieldOps SaaS,2/5/2025,2
CUST-0303,44,Female,Bridgeport CT,Clinical Administrator,Peripheral,Wireless Hub,Clinic Network,MeshConnect SaaS,2/5/2025,1
CUST-0016,36,Female,Burlington VT,Healthcare Professional,Smart Watch,Pulse Sport,Activity Logging,FitCore SaaS,2/5/2025,1
CUST-0387,39,Male,Portland ME,Research Scientist,Peripheral,Keyboard Fold,Telehealth Setup,TeleSetup Pro,2/5/2025,2
CUST-0197,33,Male,Worcester MA,Healthcare Professional,Smart Watch,Pulse Elite,Fitness Tracking,FitCore SaaS,2/5/2025,1
CUST-0277,39,Male,Springfield MA,Clinical Administrator,Tablet,Tab Pro 12,Patient Education,TeleDoc Platform,2/5/2025,1
CUST-0333,53,Male,Worcester MA,Patient / Consumer,Peripheral,Keyboard Fold,Remote Input,TeleSetup Pro,2/5/2025,1
CUST-0186,42,Female,Springfield MA,Research Scientist,Peripheral,Stylus Pro,E-Signature,NoteStream SaaS,2/5/2025,5
CUST-0332,19,Female,Manchester NH,Student / Academic,Peripheral,Wireless Hub,Clinic Network,ClinicHub Pro,2/6/2025,5
CUST-0231,36,Male,Boston MA,Practice Manager,Tablet,Tab Compact,Inventory Management,FieldOps SaaS,2/6/2025,3
CUST-0410,37,Male,Concord NH,IT & Technology Staff,Peripheral,Charging Dock,Multi-Device Charging,PowerDesk SaaS,2/6/2025,2
CUST-0204,68,Male,Portland ME,Patient / Consumer,Smart Watch,Pulse Sport,Sleep Analysis,FitCore SaaS,2/6/2025,1
CUST-0084,26,Male,Springfield MA,Field Technician,Tablet,Tab Compact,Inventory Management,IntakeFlow,2/7/2025,1
CUST-0402,30,Female,Bridgeport CT,Research Scientist,Peripheral,Charging Dock,Clinical Stations,PowerDesk SaaS,2/7/2025,1
CUST-0222,21,Female,Concord NH,Clinical Administrator,Peripheral,Privacy Shield,HIPAA Compliance,SecureView SaaS,2/7/2025,3
CUST-0409,30,Male,Concord NH,Field Technician,Smart Watch,Pulse Elite,Health Monitoring,HealthSync Pro,2/7/2025,1
CUST-0330,43,Non-binary,Boston MA,Clinical Administrator,Tablet,Tab Studio,Data Visualisation,DesignHub SaaS,2/7/2025,3
CUST-0166,41,Male,Concord NH,Clinical Administrator,Peripheral,Charging Dock,Clinical Stations,FleetCharge Pro,2/7/2025,3
CUST-0145,25,Male,Portland ME,Student / Academic,Tablet,Tab Studio,Remote Diagnosis,DiagnosticAI,2/7/2025,1
CUST-0168,43,Male,Springfield MA,Field Technician,Tablet,Tab Studio,Creative Workflow,DataViz Suite,2/7/2025,5
CUST-0129,24,Female,Concord NH,Student / Academic,Peripheral,Wireless Hub,Data Aggregation,MeshConnect SaaS,2/8/2025,2
CUST-0285,50,Male,Springfield MA,IT & Technology Staff,Peripheral,Wireless Hub,Device Pairing,MeshConnect SaaS,2/8/2025,2
CUST-0268,29,Female,Worcester MA,Patient / Consumer,Tablet,Tab Studio,Data Visualisation,DesignHub SaaS,2/9/2025,1
CUST-0238,54,Male,Portland ME,Patient / Consumer,Peripheral,BioSensor Band,Vitals Streaming,VitalsNet SaaS,2/9/2025,4
CUST-0338,35,Female,Manchester NH,Clinical Administrator,Tablet,Tab Pro 12,Telehealth Consult,EduHealth SaaS,2/9/2025,1
CUST-0328,43,Female,Springfield MA,Research Scientist,Tablet,Tab Pro 12,Patient Education,TeleDoc Platform,2/9/2025,2
CUST-0368,42,Male,Providence RI,Healthcare Professional,Tablet,Tab Pro 12,Patient Education,TeleDoc Platform,2/9/2025,1
CUST-0123,39,Male,Manchester NH,Field Technician,Peripheral,BioSensor Band,Vitals Streaming,VitalsNet SaaS,2/9/2025,2
CUST-0065,45,Male,Concord NH,Clinical Administrator,Peripheral,Charging Dock,Fleet Management,PowerDesk SaaS,2/9/2025,5
CUST-0189,35,Female,Concord NH,Practice Manager,Peripheral,Keyboard Fold,Administrative Tasks,TeleSetup Pro,2/10/2025,4
CUST-0288,61,Female,Burlington VT,Patient / Consumer,Tablet,Tab Compact,Patient Intake,IntakeFlow,2/10/2025,4
CUST-0048,41,Male,Hartford CT,IT & Technology Staff,Peripheral,Wireless Hub,Device Pairing,MeshConnect SaaS,2/10/2025,2
CUST-0250,41,Female,Burlington VT,Clinical Administrator,Peripheral,Keyboard Fold,Administrative Tasks,TeleSetup Pro,2/10/2025,3
CUST-0270,54,Male,Worcester MA,Patient / Consumer,Smart Watch,Pulse Sport,Activity Logging,WellnessCloud,2/10/2025,1
CUST-0138,30,Male,Worcester MA,IT & Technology Staff,Smart Watch,Pulse Sport,Fitness Tracking,WellnessCloud,2/10/2025,2
CUST-0182,38,Female,Hartford CT,Patient / Consumer,Peripheral,Privacy Shield,Screen Privacy,ComplianceGuard,2/10/2025,3
CUST-0098,56,Non-binary,Manchester NH,Patient / Consumer,Peripheral,Keyboard Fold,Administrative Tasks,TeleSetup Pro,2/10/2025,1
CUST-0376,31,Female,Portland ME,Clinical Administrator,Peripheral,Privacy Shield,Screen Privacy,ComplianceGuard,2/10/2025,2
CUST-0313,35,Female,Portland ME,Field Technician,Tablet,Tab Pro 12,Telehealth Consult,EduHealth SaaS,2/10/2025,1
CUST-0307,38,Prefer not to say,Manchester NH,Field Technician,Tablet,Tab Compact,Patient Intake,InvTrack Pro,2/10/2025,2
CUST-0013,40,Prefer not to say,Worcester MA,Clinical Administrator,Tablet,Tab Pro 12,Patient Education,ClinicalOS,2/10/2025,1
CUST-0352,51,Male,Bridgeport CT,Clinical Administrator,Tablet,Tab Pro 12,Patient Education,ClinicalOS,2/10/2025,1
CUST-0314,52,Non-binary,Providence RI,Practice Manager,Tablet,Tab Pro 12,Patient Education,EduHealth SaaS,2/10/2025,4
CUST-0216,64,Male,Portland ME,Patient / Consumer,Smart Watch,Pulse Sport,Fitness Tracking,WellnessCloud,2/10/2025,1
CUST-0231,36,Male,Boston MA,Practice Manager,Peripheral,Charging Dock,Multi-Device Charging,FleetCharge Pro,2/11/2025,1
CUST-0361,40,Prefer not to say,Hartford CT,Research Scientist,Tablet,Tab Studio,Data Visualisation,DataViz Suite,2/11/2025,1
CUST-0139,39,Female,Burlington VT,IT & Technology Staff,Peripheral,Privacy Shield,Screen Privacy,ComplianceGuard,2/11/2025,1
CUST-0216,64,Male,Portland ME,Patient / Consumer,Peripheral,BioSensor Band,Continuous Glucose Monitor,BioStream API,2/11/2025,2
CUST-0274,44,Female,Portland ME,Practice Manager,Peripheral,Charging Dock,Clinical Stations,PowerDesk SaaS,2/11/2025,1
CUST-0057,28,Male,Boston MA,Research Scientist,Smart Watch,Pulse Sport,Fitness Tracking,FitCore SaaS,2/11/2025,1
CUST-0271,56,Female,Bridgeport CT,Healthcare Professional,Tablet,Tab Pro 12,Telehealth Consult,EduHealth SaaS,2/11/2025,2
CUST-0172,28,Female,Burlington VT,Research Scientist,Smart Watch,Pulse Sport,Activity Logging,FitCore SaaS,2/11/2025,1
CUST-0274,44,Female,Portland ME,Practice Manager,Peripheral,BioSensor Band,Remote Monitoring,VitalsNet SaaS,2/11/2025,1
CUST-0145,25,Male,Portland ME,Student / Academic,Peripheral,Charging Dock,Fleet Management,FleetCharge Pro,2/11/2025,5
CUST-0321,36,Prefer not to say,Hartford CT,Research Scientist,Smart Watch,Pulse Elite,Health Monitoring,FitCore SaaS,2/11/2025,1
CUST-0204,68,Male,Portland ME,Patient / Consumer,Smart Watch,Pulse Sport,Activity Logging,WellnessCloud,2/11/2025,1
CUST-0301,26,Male,Burlington VT,IT & Technology Staff,Peripheral,Keyboard Fold,Remote Input,TeleSetup Pro,2/11/2025,1
CUST-0232,55,Female,Hartford CT,Patient / Consumer,Smart Watch,Pulse Sport,Fitness Tracking,WellnessCloud,2/11/2025,2
CUST-0402,30,Female,Bridgeport CT,Research Scientist,Peripheral,BioSensor Band,Vitals Streaming,VitalsNet SaaS,2/11/2025,1
CUST-0305,41,Female,Portland ME,Healthcare Professional,Peripheral,Wireless Hub,Device Pairing,ClinicHub Pro,2/11/2025,3
CUST-0276,48,Female,Hartford CT,Practice Manager,Peripheral,Charging Dock,Clinical Stations,FleetCharge Pro,2/11/2025,2
CUST-0330,43,Non-binary,Boston MA,Clinical Administrator,Smart Watch,Pulse Elite,Remote Patient Check-in,HealthSync Pro,2/11/2025,1
CUST-0169,39,Female,Springfield MA,Healthcare Professional,Peripheral,Wireless Hub,Clinic Network,MeshConnect SaaS,2/11/2025,4
CUST-0144,39,Male,Springfield MA,Clinical Administrator,Tablet,Tab Pro 12,Clinical Documentation,EduHealth SaaS,2/11/2025,1
CUST-0038,20,Male,Providence RI,Clinical Administrator,Peripheral,Privacy Shield,Secure Display,ComplianceGuard,2/11/2025,1
CUST-0178,44,Female,Providence RI,IT & Technology Staff,Peripheral,Wireless Hub,Data Aggregation,MeshConnect SaaS,2/11/2025,1
CUST-0125,34,Female,Bridgeport CT,Field Technician,Smart Watch,Pulse Elite,Health Monitoring,HealthSync Pro,2/12/2025,1
CUST-0276,48,Female,Hartford CT,Practice Manager,Peripheral,Privacy Shield,Secure Display,SecureView SaaS,2/12/2025,1
CUST-0221,80,Male,Portland ME,Patient / Consumer,Tablet,Tab Compact,Patient Intake,InvTrack Pro,2/12/2025,1
CUST-0204,68,Male,Portland ME,Patient / Consumer,Smart Watch,Pulse Sport,Fitness Tracking,WellnessCloud,2/13/2025,2
CUST-0020,29,Female,Manchester NH,Patient / Consumer,Peripheral,Wireless Hub,Device Pairing,MeshConnect SaaS,2/13/2025,2
CUST-0186,42,Female,Springfield MA,Research Scientist,Peripheral,Stylus Pro,Clinical Note-taking,NoteStream SaaS,2/13/2025,4
CUST-0138,30,Male,Worcester MA,IT & Technology Staff,Tablet,Tab Studio,Creative Workflow,DiagnosticAI,2/13/2025,1
CUST-0074,45,Male,Worcester MA,IT & Technology Staff,Peripheral,Charging Dock,Multi-Device Charging,PowerDesk SaaS,2/13/2025,1
CUST-0067,43,Male,Providence RI,Practice Manager,Tablet,Tab Compact,Inventory Management,IntakeFlow,2/13/2025,4
CUST-0094,35,Female,Concord NH,Clinical Administrator,Tablet,Tab Pro 12,Patient Education,EduHealth SaaS,2/13/2025,1
CUST-0399,34,Male,Hartford CT,Research Scientist,Smart Watch,Pulse Sport,Sleep Analysis,WellnessCloud,2/13/2025,1
CUST-0054,43,Male,Springfield MA,Clinical Administrator,Peripheral,BioSensor Band,Vitals Streaming,VitalsNet SaaS,2/13/2025,1
CUST-0215,40,Female,Manchester NH,Practice Manager,Smart Watch,Pulse Sport,Sleep Analysis,FitCore SaaS,2/13/2025,1
CUST-0358,41,Female,Portland ME,Practice Manager,Peripheral,Keyboard Fold,Administrative Tasks,TeleSetup Pro,2/13/2025,5
CUST-0246,34,Male,Worcester MA,Clinical Administrator,Peripheral,Privacy Shield,Secure Display,ComplianceGuard,2/14/2025,1
CUST-0130,26,Female,Bridgeport CT,Field Technician,Peripheral,Charging Dock,Fleet Management,FleetCharge Pro,2/14/2025,1
CUST-0382,21,Female,Manchester NH,Student / Academic,Tablet,Tab Studio,Remote Diagnosis,DataViz Suite,2/14/2025,1
CUST-0331,51,Female,Boston MA,Patient / Consumer,Tablet,Tab Pro 12,Patient Education,EduHealth SaaS,2/14/2025,3
CUST-0040,34,Female,Manchester NH,IT & Technology Staff,Peripheral,Keyboard Fold,Remote Input,TeleSetup Pro,2/14/2025,4
CUST-0027,21,Female,Hartford CT,Field Technician,Peripheral,Keyboard Fold,Remote Input,TeleSetup Pro,2/14/2025,3
CUST-0303,44,Female,Bridgeport CT,Clinical Administrator,Tablet,Tab Compact,Inventory Management,FieldOps SaaS,2/14/2025,1
CUST-0065,45,Male,Concord NH,Clinical Administrator,Smart Watch,Pulse Sport,Activity Logging,WellnessCloud,2/14/2025,2
CUST-0412,24,Female,Boston MA,IT & Technology Staff,Peripheral,Stylus Pro,Clinical Note-taking,NoteStream SaaS,2/14/2025,2
CUST-0206,27,Female,Springfield MA,Research Scientist,Peripheral,Stylus Pro,Clinical Note-taking,NoteStream SaaS,2/14/2025,3
CUST-0109,44,Female,Springfield MA,Healthcare Professional,Tablet,Tab Pro 12,Patient Education,TeleDoc Platform,2/14/2025,2
CUST-0127,36,Male,Burlington VT,Patient / Consumer,Smart Watch,Pulse Sport,Sleep Analysis,FitCore SaaS,2/15/2025,1
CUST-0362,51,Female,Springfield MA,Clinical Administrator,Peripheral,Privacy Shield,Screen Privacy,SecureView SaaS,2/15/2025,3
CUST-0047,33,Prefer not to say,Bridgeport CT,Clinical Administrator,Tablet,Tab Pro 12,Telehealth Consult,TeleDoc Platform,2/15/2025,1
CUST-0051,38,Female,Worcester MA,Research Scientist,Tablet,Tab Pro 12,Telehealth Consult,TeleDoc Platform,2/16/2025,1
CUST-0361,40,Prefer not to say,Hartford CT,Research Scientist,Tablet,Tab Studio,Data Visualisation,DesignHub SaaS,2/16/2025,2
CUST-0378,54,Female,Boston MA,Patient / Consumer,Peripheral,Charging Dock,Fleet Management,PowerDesk SaaS,2/16/2025,2
CUST-0095,45,Male,Bridgeport CT,Patient / Consumer,Peripheral,Keyboard Fold,Telehealth Setup,AdminFlow SaaS,2/16/2025,2
CUST-0225,44,Female,Bridgeport CT,Patient / Consumer,Smart Watch,Pulse Sport,Fitness Tracking,FitCore SaaS,2/17/2025,1
CUST-0413,24,Male,Worcester MA,Clinical Administrator,Peripheral,Keyboard Fold,Telehealth Setup,AdminFlow SaaS,2/17/2025,3
CUST-0054,43,Male,Springfield MA,Clinical Administrator,Tablet,Tab Studio,Remote Diagnosis,DiagnosticAI,2/17/2025,2
CUST-0167,52,Male,Portland ME,Practice Manager,Tablet,Tab Studio,Remote Diagnosis,DesignHub SaaS,2/17/2025,1
CUST-0325,35,Male,Boston MA,Patient / Consumer,Tablet,Tab Studio,Creative Workflow,DataViz Suite,2/17/2025,1
CUST-0111,21,Male,Boston MA,Patient / Consumer,Tablet,Tab Pro 12,Patient Education,EduHealth SaaS,2/17/2025,1
CUST-0096,28,Female,Bridgeport CT,Patient / Consumer,Peripheral,Keyboard Fold,Telehealth Setup,TeleSetup Pro,2/17/2025,3
CUST-0052,22,Male,Bridgeport CT,Student / Academic,Smart Watch,Pulse Elite,Health Monitoring,HealthSync Pro,2/17/2025,2
CUST-0052,22,Male,Bridgeport CT,Student / Academic,Smart Watch,Pulse Sport,Sleep Analysis,WellnessCloud,2/17/2025,1
CUST-0303,44,Female,Bridgeport CT,Clinical Administrator,Peripheral,Wireless Hub,Device Pairing,ClinicHub Pro,2/17/2025,1
CUST-0106,36,Female,Bridgeport CT,IT & Technology Staff,Peripheral,BioSensor Band,Remote Monitoring,BioStream API,2/17/2025,3
CUST-0116,32,Male,Concord NH,Field Technician,Peripheral,Keyboard Fold,Telehealth Setup,TeleSetup Pro,2/17/2025,3
CUST-0117,29,Female,Portland ME,Field Technician,Peripheral,Stylus Pro,Digital Annotation,SignFlow,2/18/2025,1
CUST-0199,42,Female,Hartford CT,Healthcare Professional,Peripheral,Stylus Pro,Clinical Note-taking,NoteStream SaaS,2/18/2025,1
CUST-0033,29,Female,Worcester MA,Field Technician,Tablet,Tab Compact,Patient Intake,IntakeFlow,2/18/2025,1
CUST-0016,36,Female,Burlington VT,Healthcare Professional,Smart Watch,Pulse Elite,Remote Patient Check-in,FitCore SaaS,2/18/2025,1
CUST-0321,36,Prefer not to say,Hartford CT,Research Scientist,Tablet,Tab Compact,Patient Intake,IntakeFlow,2/18/2025,1
CUST-0320,49,Female,Burlington VT,Patient / Consumer,Peripheral,Privacy Shield,HIPAA Compliance,SecureView SaaS,2/18/2025,2
CUST-0066,50,Male,Portland ME,Clinical Administrator,Peripheral,Privacy Shield,Screen Privacy,ComplianceGuard,2/18/2025,4
CUST-0195,39,Female,Burlington VT,Clinical Administrator,Tablet,Tab Studio,Creative Workflow,DiagnosticAI,2/18/2025,1
CUST-0343,46,Male,Burlington VT,Practice Manager,Tablet,Tab Compact,Patient Intake,FieldOps SaaS,2/19/2025,1
CUST-0349,40,Female,Manchester NH,Patient / Consumer,Tablet,Tab Studio,Creative Workflow,DiagnosticAI,2/19/2025,1
CUST-0276,48,Female,Hartford CT,Practice Manager,Tablet,Tab Compact,Patient Intake,FieldOps SaaS,2/19/2025,1
CUST-0019,25,Male,Portland ME,IT & Technology Staff,Peripheral,Charging Dock,Multi-Device Charging,PowerDesk SaaS,2/19/2025,2
CUST-0244,43,Female,Burlington VT,Research Scientist,Smart Watch,Pulse Sport,Activity Logging,WellnessCloud,2/19/2025,1
CUST-0384,21,Male,Springfield MA,Student / Academic,Peripheral,Stylus Pro,Clinical Note-taking,NoteStream SaaS,2/19/2025,1
CUST-0173,29,Female,Worcester MA,Field Technician,Tablet,Tab Compact,Field Data Entry,FieldOps SaaS,2/19/2025,4
CUST-0006,28,Male,Springfield MA,Field Technician,Peripheral,Privacy Shield,Secure Display,ComplianceGuard,2/19/2025,3
CUST-0238,54,Male,Portland ME,Patient / Consumer,Peripheral,Stylus Pro,Clinical Note-taking,NoteStream SaaS,2/20/2025,3
CUST-0335,28,Female,Burlington VT,Student / Academic,Tablet,Tab Studio,Creative Workflow,DataViz Suite,2/20/2025,1
CUST-0213,53,Female,Portland ME,Practice Manager,Tablet,Tab Pro 12,Clinical Documentation,ClinicalOS,2/20/2025,1
CUST-0067,43,Male,Providence RI,Practice Manager,Peripheral,Keyboard Fold,Telehealth Setup,TeleSetup Pro,2/20/2025,5
CUST-0065,45,Male,Concord NH,Clinical Administrator,Peripheral,Privacy Shield,HIPAA Compliance,SecureView SaaS,2/20/2025,3
CUST-0132,36,Male,Worcester MA,Research Scientist,Smart Watch,Pulse Elite,Health Monitoring,FitCore SaaS,2/20/2025,2
CUST-0278,30,Female,Burlington VT,Research Scientist,Smart Watch,Pulse Sport,Activity Logging,WellnessCloud,2/20/2025,2
CUST-0253,49,Male,Providence RI,IT & Technology Staff,Peripheral,Privacy Shield,Secure Display,SecureView SaaS,2/20/2025,3
CUST-0241,36,Non-binary,Burlington VT,Practice Manager,Tablet,Tab Pro 12,Telehealth Consult,TeleDoc Platform,2/20/2025,1
CUST-0304,34,Non-binary,Hartford CT,Field Technician,Peripheral,Keyboard Fold,Remote Input,TeleSetup Pro,2/20/2025,3
CUST-0175,35,Female,Providence RI,IT & Technology Staff,Smart Watch,Pulse Sport,Sleep Analysis,FitCore SaaS,2/20/2025,1
CUST-0283,77,Male,Hartford CT,Patient / Consumer,Tablet,Tab Studio,Remote Diagnosis,DesignHub SaaS,2/20/2025,2
CUST-0109,44,Female,Springfield MA,Healthcare Professional,Peripheral,Stylus Pro,Digital Annotation,NoteStream SaaS,2/21/2025,2
CUST-0034,22,Female,Hartford CT,Field Technician,Peripheral,Charging Dock,Clinical Stations,PowerDesk SaaS,2/21/2025,3
CUST-0267,46,Male,Hartford CT,IT & Technology Staff,Peripheral,Keyboard Fold,Remote Input,TeleSetup Pro,2/21/2025,1
CUST-0088,25,Male,Worcester MA,Student / Academic,Peripheral,Wireless Hub,Device Pairing,MeshConnect SaaS,2/21/2025,3
CUST-0135,19,Female,Manchester NH,Student / Academic,Peripheral,Keyboard Fold,Remote Input,TeleSetup Pro,2/21/2025,4
CUST-0078,33,Prefer not to say,Springfield MA,Research Scientist,Peripheral,Keyboard Fold,Telehealth Setup,AdminFlow SaaS,2/21/2025,2
CUST-0300,48,Female,Worcester MA,Healthcare Professional,Peripheral,BioSensor Band,Remote Monitoring,VitalsNet SaaS,2/21/2025,1
CUST-0233,24,Male,Boston MA,Student / Academic,Peripheral,Charging Dock,Clinical Stations,FleetCharge Pro,2/21/2025,3
CUST-0309,47,Male,Boston MA,Healthcare Professional,Peripheral,BioSensor Band,Vitals Streaming,BioStream API,2/22/2025,3
CUST-0089,28,Female,Burlington VT,IT & Technology Staff,Tablet,Tab Studio,Data Visualisation,DataViz Suite,2/23/2025,1
CUST-0361,40,Prefer not to say,Hartford CT,Research Scientist,Peripheral,BioSensor Band,Remote Monitoring,VitalsNet SaaS,2/23/2025,2
CUST-0121,27,Male,Portland ME,Student / Academic,Peripheral,Stylus Pro,E-Signature,SignFlow,2/23/2025,1
CUST-0295,45,Male,Hartford CT,Healthcare Professional,Peripheral,Stylus Pro,E-Signature,SignFlow,2/23/2025,2
CUST-0296,25,Male,Providence RI,Field Technician,Peripheral,Stylus Pro,Digital Annotation,SignFlow,2/23/2025,1
CUST-0137,20,Male,Burlington VT,Student / Academic,Peripheral,Privacy Shield,Screen Privacy,ComplianceGuard,2/23/2025,1
CUST-0106,36,Female,Bridgeport CT,IT & Technology Staff,Smart Watch,Pulse Sport,Activity Logging,FitCore SaaS,2/24/2025,1
CUST-0245,27,Male,Providence RI,Clinical Administrator,Smart Watch,Pulse Sport,Sleep Analysis,WellnessCloud,2/24/2025,2
CUST-0192,50,Non-binary,Springfield MA,Healthcare Professional,Peripheral,BioSensor Band,Vitals Streaming,VitalsNet SaaS,2/24/2025,1
CUST-0403,42,Female,Burlington VT,Healthcare Professional,Tablet,Tab Pro 12,Patient Education,EduHealth SaaS,2/24/2025,2
CUST-0305,41,Female,Portland ME,Healthcare Professional,Peripheral,Stylus Pro,Digital Annotation,NoteStream SaaS,2/24/2025,2
CUST-0264,22,Female,Hartford CT,Field Technician,Peripheral,Wireless Hub,Device Pairing,ClinicHub Pro,2/24/2025,5
CUST-0404,42,Male,Burlington VT,Healthcare Professional,Peripheral,BioSensor Band,Vitals Streaming,VitalsNet SaaS,2/24/2025,4
CUST-0078,33,Prefer not to say,Springfield MA,Research Scientist,Peripheral,Privacy Shield,HIPAA Compliance,SecureView SaaS,2/24/2025,2
CUST-0245,27,Male,Providence RI,Clinical Administrator,Peripheral,Stylus Pro,Clinical Note-taking,SignFlow,2/24/2025,4
CUST-0139,39,Female,Burlington VT,IT & Technology Staff,Peripheral,Charging Dock,Multi-Device Charging,FleetCharge Pro,2/24/2025,1
CUST-0194,26,Female,Portland ME,Clinical Administrator,Smart Watch,Pulse Elite,Health Monitoring,HealthSync Pro,2/24/2025,1
CUST-0268,29,Female,Worcester MA,Patient / Consumer,Tablet,Tab Compact,Patient Intake,FieldOps SaaS,2/24/2025,2
CUST-0026,24,Male,Hartford CT,Student / Academic,Peripheral,Stylus Pro,Clinical Note-taking,NoteStream SaaS,2/24/2025,2
CUST-0075,18,Non-binary,Hartford CT,Patient / Consumer,Smart Watch,Pulse Sport,Sleep Analysis,WellnessCloud,2/24/2025,1
CUST-0112,23,Male,Portland ME,Student / Academic,Tablet,Tab Studio,Data Visualisation,DataViz Suite,2/24/2025,2
CUST-0394,47,Female,Springfield MA,IT & Technology Staff,Peripheral,Stylus Pro,E-Signature,NoteStream SaaS,2/25/2025,2
CUST-0180,60,Female,Concord NH,Research Scientist,Peripheral,BioSensor Band,Continuous Glucose Monitor,VitalsNet SaaS,2/25/2025,1
CUST-0044,38,Male,Concord NH,Healthcare Professional,Peripheral,Charging Dock,Multi-Device Charging,FleetCharge Pro,2/25/2025,5
CUST-0102,45,Female,Burlington VT,Patient / Consumer,Tablet,Tab Pro 12,Telehealth Consult,ClinicalOS,2/25/2025,3
CUST-0254,68,Female,Springfield MA,Patient / Consumer,Peripheral,Stylus Pro,Clinical Note-taking,SignFlow,2/25/2025,2
CUST-0134,40,Male,Manchester NH,Research Scientist,Peripheral,Privacy Shield,Screen Privacy,SecureView SaaS,2/25/2025,2
CUST-0302,21,Female,Worcester MA,Student / Academic,Tablet,Tab Compact,Patient Intake,InvTrack Pro,2/25/2025,1
CUST-0322,43,Male,Springfield MA,Clinical Administrator,Peripheral,Charging Dock,Clinical Stations,FleetCharge Pro,2/25/2025,2
CUST-0212,48,Male,Worcester MA,Clinical Administrator,Tablet,Tab Compact,Inventory Management,InvTrack Pro,2/25/2025,2
CUST-0130,26,Female,Bridgeport CT,Field Technician,Smart Watch,Pulse Sport,Fitness Tracking,WellnessCloud,2/25/2025,2
CUST-0141,55,Male,Worcester MA,Patient / Consumer,Peripheral,Privacy Shield,Secure Display,ComplianceGuard,2/26/2025,2
CUST-0162,51,Male,Burlington VT,Practice Manager,Peripheral,Wireless Hub,Device Pairing,MeshConnect SaaS,2/26/2025,1
CUST-0058,22,Male,Portland ME,Student / Academic,Peripheral,Privacy Shield,Screen Privacy,ComplianceGuard,2/26/2025,1
CUST-0143,21,Female,Providence RI,Research Scientist,Smart Watch,Pulse Elite,Health Monitoring,FitCore SaaS,2/26/2025,1
CUST-0334,27,Male,Bridgeport CT,IT & Technology Staff,Tablet,Tab Studio,Remote Diagnosis,DataViz Suite,2/26/2025,1
CUST-0391,19,Non-binary,Hartford CT,Student / Academic,Peripheral,Stylus Pro,Digital Annotation,NoteStream SaaS,2/26/2025,3
CUST-0014,20,Female,Springfield MA,Clinical Administrator,Peripheral,Charging Dock,Multi-Device Charging,FleetCharge Pro,2/26/2025,3
CUST-0292,26,Female,Concord NH,Field Technician,Tablet,Tab Compact,Field Data Entry,FieldOps SaaS,2/26/2025,1
CUST-0008,39,Female,Concord NH,IT & Technology Staff,Peripheral,Charging Dock,Fleet Management,PowerDesk SaaS,2/26/2025,2
CUST-0287,28,Male,Bridgeport CT,Field Technician,Peripheral,Stylus Pro,Clinical Note-taking,SignFlow,2/27/2025,6
CUST-0100,31,Male,Springfield MA,IT & Technology Staff,Smart Watch,Pulse Elite,Remote Patient Check-in,HealthSync Pro,2/27/2025,1
CUST-0081,31,Male,Bridgeport CT,IT & Technology Staff,Peripheral,Wireless Hub,Data Aggregation,ClinicHub Pro,2/27/2025,2
CUST-0129,24,Female,Concord NH,Student / Academic,Peripheral,Charging Dock,Fleet Management,FleetCharge Pro,2/27/2025,2
CUST-0277,39,Male,Springfield MA,Clinical Administrator,Peripheral,Keyboard Fold,Administrative Tasks,AdminFlow SaaS,2/27/2025,3
CUST-0188,37,Female,Portland ME,Clinical Administrator,Smart Watch,Pulse Elite,Fitness Tracking,FitCore SaaS,2/27/2025,1
CUST-0005,39,Female,Bridgeport CT,Healthcare Professional,Tablet,Tab Pro 12,Telehealth Consult,TeleDoc Platform,2/28/2025,3
CUST-0351,56,Prefer not to say,Manchester NH,Patient / Consumer,Tablet,Tab Pro 12,Patient Education,EduHealth SaaS,2/28/2025,2
CUST-0256,44,Female,Burlington VT,Patient / Consumer,Smart Watch,Pulse Sport,Activity Logging,FitCore SaaS,2/28/2025,1
CUST-0129,24,Female,Concord NH,Student / Academic,Peripheral,Stylus Pro,E-Signature,NoteStream SaaS,2/28/2025,5
CUST-0046,31,Male,Hartford CT,Clinical Administrator,Peripheral,Charging Dock,Fleet Management,FleetCharge Pro,2/28/2025,4
CUST-0417,76,Female,Springfield MA,Patient / Consumer,Tablet,Tab Studio,Data Visualisation,DiagnosticAI,2/28/2025,1
CUST-0250,41,Female,Burlington VT,Clinical Administrator,Tablet,Tab Studio,Creative Workflow,DesignHub SaaS,2/28/2025,1
CUST-0405,21,Male,Providence RI,Student / Academic,Peripheral,Charging Dock,Clinical Stations,FleetCharge Pro,2/28/2025,2
CUST-0352,51,Male,Bridgeport CT,Clinical Administrator,Peripheral,Charging Dock,Multi-Device Charging,PowerDesk SaaS,2/28/2025,1
CUST-0302,21,Female,Worcester MA,Student / Academic,Peripheral,Privacy Shield,Secure Display,ComplianceGuard,2/28/2025,1
CUST-0338,35,Female,Manchester NH,Clinical Administrator,Tablet,Tab Pro 12,Clinical Documentation,EduHealth SaaS,3/1/2025,2
CUST-0341,19,Male,Worcester MA,Student / Academic,Peripheral,BioSensor Band,Vitals Streaming,BioStream API,3/1/2025,1
CUST-0301,26,Male,Burlington VT,IT & Technology Staff,Peripheral,Wireless Hub,Clinic Network,ClinicHub Pro,3/1/2025,5
CUST-0072,45,Male,Hartford CT,IT & Technology Staff,Tablet,Tab Studio,Remote Diagnosis,DesignHub SaaS,3/1/2025,1
CUST-0204,68,Male,Portland ME,Patient / Consumer,Peripheral,BioSensor Band,Vitals Streaming,BioStream API,3/1/2025,1
CUST-0355,29,Female,Hartford CT,Field Technician,Smart Watch,Pulse Sport,Fitness Tracking,WellnessCloud,3/1/2025,1
CUST-0145,25,Male,Portland ME,Student / Academic,Peripheral,Stylus Pro,Digital Annotation,NoteStream SaaS,3/2/2025,3
CUST-0054,43,Male,Springfield MA,Clinical Administrator,Peripheral,Privacy Shield,Secure Display,SecureView SaaS,3/2/2025,4
CUST-0062,28,Male,Manchester NH,Field Technician,Tablet,Tab Compact,Field Data Entry,IntakeFlow,3/2/2025,1
CUST-0233,24,Male,Boston MA,Student / Academic,Peripheral,Stylus Pro,E-Signature,SignFlow,3/3/2025,3
CUST-0418,45,Female,Burlington VT,Practice Manager,Tablet,Tab Studio,Creative Workflow,DiagnosticAI,3/3/2025,1
CUST-0026,24,Male,Hartford CT,Student / Academic,Tablet,Tab Studio,Creative Workflow,DesignHub SaaS,3/3/2025,1
CUST-0248,41,Male,Burlington VT,Patient / Consumer,Peripheral,Wireless Hub,Clinic Network,ClinicHub Pro,3/3/2025,1
CUST-0331,51,Female,Boston MA,Patient / Consumer,Peripheral,Charging Dock,Fleet Management,PowerDesk SaaS,3/3/2025,2
CUST-0089,28,Female,Burlington VT,IT & Technology Staff,Tablet,Tab Studio,Creative Workflow,DiagnosticAI,3/3/2025,1
CUST-0128,36,Male,Worcester MA,Healthcare Professional,Smart Watch,Pulse Sport,Fitness Tracking,FitCore SaaS,3/3/2025,1
CUST-0120,42,Male,Hartford CT,Research Scientist,Peripheral,Stylus Pro,Clinical Note-taking,NoteStream SaaS,3/3/2025,1
CUST-0174,25,Female,Worcester MA,Student / Academic,Peripheral,BioSensor Band,Continuous Glucose Monitor,BioStream API,3/3/2025,1
CUST-0029,42,Female,Worcester MA,Patient / Consumer,Peripheral,Privacy Shield,HIPAA Compliance,SecureView SaaS,3/3/2025,5
CUST-0016,36,Female,Burlington VT,Healthcare Professional,Smart Watch,Pulse Elite,Fitness Tracking,HealthSync Pro,3/4/2025,1
CUST-0044,38,Male,Concord NH,Healthcare Professional,Tablet,Tab Pro 12,Telehealth Consult,TeleDoc Platform,3/4/2025,1
CUST-0208,26,Male,Portland ME,Student / Academic,Peripheral,Keyboard Fold,Administrative Tasks,TeleSetup Pro,3/4/2025,1
CUST-0348,25,Female,Hartford CT,Clinical Administrator,Tablet,Tab Compact,Inventory Management,IntakeFlow,3/4/2025,4
CUST-0376,31,Female,Portland ME,Clinical Administrator,Tablet,Tab Compact,Patient Intake,FieldOps SaaS,3/4/2025,1
CUST-0107,43,Female,Manchester NH,Field Technician,Peripheral,Charging Dock,Multi-Device Charging,FleetCharge Pro,3/4/2025,2
CUST-0227,53,Male,Providence RI,Patient / Consumer,Peripheral,Stylus Pro,Digital Annotation,NoteStream SaaS,3/4/2025,1
CUST-0117,29,Female,Portland ME,Field Technician,Smart Watch,Pulse Sport,Activity Logging,WellnessCloud,3/4/2025,1
CUST-0371,33,Male,Portland ME,IT & Technology Staff,Tablet,Tab Studio,Remote Diagnosis,DataViz Suite,3/4/2025,3
CUST-0390,21,Male,Burlington VT,Student / Academic,Peripheral,Wireless Hub,Clinic Network,ClinicHub Pro,3/4/2025,1
CUST-0327,46,Female,Concord NH,Research Scientist,Smart Watch,Pulse Elite,Remote Patient Check-in,FitCore SaaS,3/4/2025,1
CUST-0225,44,Female,Bridgeport CT,Patient / Consumer,Tablet,Tab Compact,Inventory Management,InvTrack Pro,3/5/2025,2
CUST-0055,45,Female,Boston MA,Research Scientist,Peripheral,Stylus Pro,Digital Annotation,NoteStream SaaS,3/5/2025,5
CUST-0331,51,Female,Boston MA,Patient / Consumer,Peripheral,Privacy Shield,Screen Privacy,ComplianceGuard,3/5/2025,2
CUST-0035,65,Prefer not to say,Boston MA,Patient / Consumer,Tablet,Tab Pro 12,Patient Education,TeleDoc Platform,3/5/2025,3
CUST-0228,34,Male,Bridgeport CT,Patient / Consumer,Smart Watch,Pulse Elite,Remote Patient Check-in,FitCore SaaS,3/5/2025,1
CUST-0351,56,Prefer not to say,Manchester NH,Patient / Consumer,Smart Watch,Pulse Sport,Sleep Analysis,FitCore SaaS,3/5/2025,1
CUST-0419,53,Male,Springfield MA,Healthcare Professional,Peripheral,BioSensor Band,Continuous Glucose Monitor,BioStream API,3/5/2025,1
CUST-0190,20,Female,Manchester NH,IT & Technology Staff,Peripheral,Wireless Hub,Clinic Network,ClinicHub Pro,3/5/2025,3
CUST-0122,27,Male,Portland ME,Research Scientist,Peripheral,Charging Dock,Fleet Management,FleetCharge Pro,3/6/2025,1
CUST-0046,31,Male,Hartford CT,Clinical Administrator,Peripheral,Wireless Hub,Clinic Network,ClinicHub Pro,3/6/2025,2
CUST-0123,39,Male,Manchester NH,Field Technician,Peripheral,Charging Dock,Multi-Device Charging,PowerDesk SaaS,3/6/2025,1
CUST-0359,25,Male,Concord NH,Student / Academic,Peripheral,Stylus Pro,Digital Annotation,NoteStream SaaS,3/6/2025,3
CUST-0175,35,Female,Providence RI,IT & Technology Staff,Peripheral,Charging Dock,Multi-Device Charging,FleetCharge Pro,3/6/2025,2
CUST-0230,62,Female,Providence RI,Patient / Consumer,Tablet,Tab Studio,Remote Diagnosis,DiagnosticAI,3/6/2025,1
CUST-0220,24,Male,Hartford CT,Student / Academic,Smart Watch,Pulse Elite,Fitness Tracking,HealthSync Pro,3/6/2025,1
CUST-0024,23,Female,Concord NH,Research Scientist,Tablet,Tab Studio,Data Visualisation,DesignHub SaaS,3/6/2025,1
CUST-0086,33,Male,Springfield MA,Clinical Administrator,Tablet,Tab Compact,Field Data Entry,IntakeFlow,3/7/2025,1
CUST-0406,37,Female,Worcester MA,IT & Technology Staff,Peripheral,Charging Dock,Multi-Device Charging,FleetCharge Pro,3/7/2025,1
CUST-0406,37,Female,Worcester MA,IT & Technology Staff,Peripheral,Privacy Shield,Screen Privacy,ComplianceGuard,3/7/2025,1
CUST-0099,33,Male,Manchester NH,IT & Technology Staff,Smart Watch,Pulse Sport,Activity Logging,FitCore SaaS,3/7/2025,1
CUST-0020,29,Female,Manchester NH,Patient / Consumer,Tablet,Tab Pro 12,Patient Education,ClinicalOS,3/7/2025,2
CUST-0403,42,Female,Burlington VT,Healthcare Professional,Peripheral,Wireless Hub,Device Pairing,MeshConnect SaaS,3/7/2025,3
CUST-0202,37,Female,Burlington VT,IT & Technology Staff,Peripheral,Charging Dock,Fleet Management,PowerDesk SaaS,3/7/2025,3
CUST-0123,39,Male,Manchester NH,Field Technician,Peripheral,BioSensor Band,Continuous Glucose Monitor,BioStream API,3/7/2025,3
CUST-0174,25,Female,Worcester MA,Student / Academic,Peripheral,Wireless Hub,Data Aggregation,MeshConnect SaaS,3/8/2025,1
CUST-0397,24,Prefer not to say,Springfield MA,Healthcare Professional,Peripheral,Charging Dock,Fleet Management,FleetCharge Pro,3/8/2025,3
CUST-0026,24,Male,Hartford CT,Student / Academic,Smart Watch,Pulse Sport,Sleep Analysis,FitCore SaaS,3/8/2025,2
CUST-0041,63,Female,Bridgeport CT,Patient / Consumer,Peripheral,Keyboard Fold,Telehealth Setup,TeleSetup Pro,3/8/2025,1
CUST-0065,45,Male,Concord NH,Clinical Administrator,Peripheral,Stylus Pro,Digital Annotation,NoteStream SaaS,3/9/2025,1
CUST-0102,45,Female,Burlington VT,Patient / Consumer,Tablet,Tab Compact,Inventory Management,InvTrack Pro,3/9/2025,1
CUST-0302,21,Female,Worcester MA,Student / Academic,Peripheral,Keyboard Fold,Administrative Tasks,AdminFlow SaaS,3/9/2025,5
CUST-0342,44,Male,Manchester NH,Healthcare Professional,Peripheral,Privacy Shield,HIPAA Compliance,ComplianceGuard,3/9/2025,4
CUST-0084,26,Male,Springfield MA,Field Technician,Tablet,Tab Compact,Inventory Management,IntakeFlow,3/10/2025,1
CUST-0415,57,Male,Bridgeport CT,Patient / Consumer,Peripheral,BioSensor Band,Continuous Glucose Monitor,BioStream API,3/10/2025,1
CUST-0397,24,Prefer not to say,Springfield MA,Healthcare Professional,Peripheral,Privacy Shield,Secure Display,SecureView SaaS,3/10/2025,1
CUST-0075,18,Non-binary,Hartford CT,Patient / Consumer,Tablet,Tab Studio,Creative Workflow,DesignHub SaaS,3/10/2025,1
CUST-0043,40,Female,Hartford CT,Healthcare Professional,Smart Watch,Pulse Elite,Fitness Tracking,HealthSync Pro,3/10/2025,1
CUST-0046,31,Male,Hartford CT,Clinical Administrator,Tablet,Tab Compact,Patient Intake,FieldOps SaaS,3/10/2025,1
CUST-0137,20,Male,Burlington VT,Student / Academic,Peripheral,Wireless Hub,Clinic Network,MeshConnect SaaS,3/10/2025,3
CUST-0031,37,Male,Boston MA,Practice Manager,Tablet,Tab Pro 12,Telehealth Consult,TeleDoc Platform,3/10/2025,2
CUST-0075,18,Non-binary,Hartford CT,Patient / Consumer,Smart Watch,Pulse Sport,Activity Logging,WellnessCloud,3/10/2025,2
CUST-0136,76,Female,Worcester MA,Patient / Consumer,Peripheral,BioSensor Band,Remote Monitoring,BioStream API,3/10/2025,6
CUST-0335,28,Female,Burlington VT,Student / Academic,Tablet,Tab Studio,Creative Workflow,DataViz Suite,3/10/2025,1
CUST-0047,33,Prefer not to say,Bridgeport CT,Clinical Administrator,Peripheral,BioSensor Band,Continuous Glucose Monitor,VitalsNet SaaS,3/10/2025,1
CUST-0018,32,Male,Concord NH,Field Technician,Peripheral,BioSensor Band,Remote Monitoring,VitalsNet SaaS,3/11/2025,3
CUST-0004,57,Male,Portland ME,Healthcare Professional,Peripheral,Wireless Hub,Clinic Network,MeshConnect SaaS,3/11/2025,3
CUST-0083,51,Female,Portland ME,Clinical Administrator,Tablet,Tab Pro 12,Telehealth Consult,ClinicalOS,3/11/2025,1
CUST-0391,19,Non-binary,Hartford CT,Student / Academic,Peripheral,Charging Dock,Fleet Management,PowerDesk SaaS,3/11/2025,2
CUST-0242,29,Male,Springfield MA,Field Technician,Peripheral,Privacy Shield,Screen Privacy,ComplianceGuard,3/11/2025,1
CUST-0226,69,Prefer not to say,Portland ME,Patient / Consumer,Peripheral,BioSensor Band,Continuous Glucose Monitor,VitalsNet SaaS,3/11/2025,2
CUST-0094,35,Female,Concord NH,Clinical Administrator,Peripheral,Privacy Shield,HIPAA Compliance,ComplianceGuard,3/11/2025,3
CUST-0357,41,Female,Portland ME,Healthcare Professional,Peripheral,BioSensor Band,Remote Monitoring,VitalsNet SaaS,3/11/2025,2
CUST-0272,29,Male,Portland ME,Practice Manager,Peripheral,Charging Dock,Fleet Management,PowerDesk SaaS,3/12/2025,1
CUST-0197,33,Male,Worcester MA,Healthcare Professional,Tablet,Tab Pro 12,Telehealth Consult,TeleDoc Platform,3/12/2025,2
CUST-0003,43,Female,Boston MA,Clinical Administrator,Tablet,Tab Pro 12,Telehealth Consult,TeleDoc Platform,3/12/2025,1
CUST-0142,30,Female,Hartford CT,Student / Academic,Smart Watch,Pulse Sport,Sleep Analysis,WellnessCloud,3/12/2025,4
CUST-0374,46,Female,Hartford CT,Clinical Administrator,Peripheral,Stylus Pro,E-Signature,SignFlow,3/12/2025,1
CUST-0054,43,Male,Springfield MA,Clinical Administrator,Peripheral,Wireless Hub,Data Aggregation,ClinicHub Pro,3/12/2025,3
CUST-0392,42,Male,Manchester NH,Clinical Administrator,Tablet,Tab Compact,Inventory Management,FieldOps SaaS,3/12/2025,1
CUST-0139,39,Female,Burlington VT,IT & Technology Staff,Peripheral,Keyboard Fold,Telehealth Setup,TeleSetup Pro,3/12/2025,1
CUST-0018,32,Male,Concord NH,Field Technician,Peripheral,BioSensor Band,Vitals Streaming,VitalsNet SaaS,3/12/2025,1
CUST-0404,42,Male,Burlington VT,Healthcare Professional,Peripheral,Stylus Pro,E-Signature,NoteStream SaaS,3/13/2025,2
CUST-0328,43,Female,Springfield MA,Research Scientist,Tablet,Tab Studio,Data Visualisation,DesignHub SaaS,3/13/2025,3
CUST-0372,26,Male,Burlington VT,Student / Academic,Peripheral,Wireless Hub,Device Pairing,ClinicHub Pro,3/13/2025,3
CUST-0007,77,Female,Boston MA,Patient / Consumer,Peripheral,Stylus Pro,Clinical Note-taking,SignFlow,3/14/2025,3
CUST-0258,34,Female,Concord NH,Healthcare Professional,Peripheral,Privacy Shield,Secure Display,SecureView SaaS,3/14/2025,5
CUST-0197,33,Male,Worcester MA,Healthcare Professional,Peripheral,Stylus Pro,Digital Annotation,SignFlow,3/14/2025,1
CUST-0267,46,Male,Hartford CT,IT & Technology Staff,Peripheral,Charging Dock,Multi-Device Charging,PowerDesk SaaS,3/14/2025,3
CUST-0282,50,Non-binary,Burlington VT,Practice Manager,Peripheral,Charging Dock,Multi-Device Charging,PowerDesk SaaS,3/14/2025,1
CUST-0356,22,Non-binary,Burlington VT,Field Technician,Peripheral,Stylus Pro,Digital Annotation,NoteStream SaaS,3/14/2025,3
CUST-0100,31,Male,Springfield MA,IT & Technology Staff,Smart Watch,Pulse Elite,Fitness Tracking,HealthSync Pro,3/14/2025,1
CUST-0355,29,Female,Hartford CT,Field Technician,Tablet,Tab Pro 12,Clinical Documentation,TeleDoc Platform,3/15/2025,1
CUST-0036,27,Female,Bridgeport CT,Clinical Administrator,Tablet,Tab Pro 12,Patient Education,TeleDoc Platform,3/15/2025,2
CUST-0058,22,Male,Portland ME,Student / Academic,Tablet,Tab Studio,Remote Diagnosis,DiagnosticAI,3/15/2025,3
CUST-0288,61,Female,Burlington VT,Patient / Consumer,Peripheral,BioSensor Band,Remote Monitoring,VitalsNet SaaS,3/16/2025,4
CUST-0188,37,Female,Portland ME,Clinical Administrator,Peripheral,Wireless Hub,Data Aggregation,ClinicHub Pro,3/16/2025,2
CUST-0170,24,Female,Concord NH,Field Technician,Smart Watch,Pulse Sport,Sleep Analysis,FitCore SaaS,3/16/2025,1
CUST-0046,31,Male,Hartford CT,Clinical Administrator,Peripheral,Wireless Hub,Device Pairing,ClinicHub Pro,3/16/2025,2
CUST-0377,50,Female,Bridgeport CT,Healthcare Professional,Peripheral,Privacy Shield,HIPAA Compliance,SecureView SaaS,3/17/2025,3
CUST-0379,63,Prefer not to say,Worcester MA,Healthcare Professional,Smart Watch,Pulse Elite,Fitness Tracking,HealthSync Pro,3/17/2025,1
CUST-0037,55,Female,Concord NH,Patient / Consumer,Peripheral,BioSensor Band,Continuous Glucose Monitor,BioStream API,3/17/2025,5
CUST-0312,41,Male,Manchester NH,IT & Technology Staff,Peripheral,Charging Dock,Multi-Device Charging,FleetCharge Pro,3/17/2025,1
CUST-0136,76,Female,Worcester MA,Patient / Consumer,Peripheral,BioSensor Band,Vitals Streaming,BioStream API,3/17/2025,4
CUST-0124,29,Male,Bridgeport CT,Patient / Consumer,Peripheral,Wireless Hub,Clinic Network,ClinicHub Pro,3/18/2025,3
CUST-0002,34,Male,Manchester NH,Research Scientist,Tablet,Tab Studio,Remote Diagnosis,DataViz Suite,3/18/2025,1
CUST-0082,41,Female,Manchester NH,Clinical Administrator,Peripheral,Wireless Hub,Clinic Network,ClinicHub Pro,3/18/2025,4
CUST-0315,47,Female,Burlington VT,Research Scientist,Smart Watch,Pulse Elite,Fitness Tracking,FitCore SaaS,3/18/2025,2
CUST-0323,19,Female,Burlington VT,Student / Academic,Peripheral,Keyboard Fold,Remote Input,AdminFlow SaaS,3/18/2025,2
CUST-0095,45,Male,Bridgeport CT,Patient / Consumer,Peripheral,BioSensor Band,Remote Monitoring,BioStream API,3/18/2025,1
CUST-0345,33,Female,Hartford CT,Clinical Administrator,Tablet,Tab Pro 12,Clinical Documentation,ClinicalOS,3/18/2025,1
CUST-0260,49,Prefer not to say,Burlington VT,Healthcare Professional,Smart Watch,Pulse Elite,Health Monitoring,FitCore SaaS,3/19/2025,1
CUST-0014,20,Female,Springfield MA,Clinical Administrator,Tablet,Tab Compact,Patient Intake,FieldOps SaaS,3/19/2025,1
CUST-0045,28,Male,Portland ME,Patient / Consumer,Peripheral,BioSensor Band,Remote Monitoring,BioStream API,3/19/2025,4
CUST-0254,68,Female,Springfield MA,Patient / Consumer,Smart Watch,Pulse Elite,Health Monitoring,HealthSync Pro,3/19/2025,1
CUST-0164,30,Male,Portland ME,Clinical Administrator,Peripheral,Keyboard Fold,Telehealth Setup,TeleSetup Pro,3/19/2025,1
CUST-0342,44,Male,Manchester NH,Healthcare Professional,Peripheral,Privacy Shield,HIPAA Compliance,SecureView SaaS,3/19/2025,2
CUST-0303,44,Female,Bridgeport CT,Clinical Administrator,Peripheral,Wireless Hub,Clinic Network,ClinicHub Pro,3/20/2025,2
CUST-0295,45,Male,Hartford CT,Healthcare Professional,Smart Watch,Pulse Elite,Remote Patient Check-in,FitCore SaaS,3/20/2025,1
CUST-0149,49,Male,Springfield MA,Practice Manager,Peripheral,BioSensor Band,Vitals Streaming,BioStream API,3/20/2025,2
CUST-0286,18,Female,Burlington VT,IT & Technology Staff,Peripheral,Keyboard Fold,Remote Input,AdminFlow SaaS,3/20/2025,3
CUST-0064,32,Female,Boston MA,Practice Manager,Peripheral,Wireless Hub,Device Pairing,ClinicHub Pro,3/20/2025,2
CUST-0251,24,Male,Bridgeport CT,Research Scientist,Smart Watch,Pulse Sport,Sleep Analysis,WellnessCloud,3/21/2025,4
CUST-0193,31,Male,Portland ME,Field Technician,Tablet,Tab Compact,Field Data Entry,InvTrack Pro,3/21/2025,3
CUST-0321,36,Prefer not to say,Hartford CT,Research Scientist,Tablet,Tab Compact,Patient Intake,FieldOps SaaS,3/21/2025,1
CUST-0307,38,Prefer not to say,Manchester NH,Field Technician,Tablet,Tab Studio,Data Visualisation,DesignHub SaaS,3/21/2025,3
CUST-0106,36,Female,Bridgeport CT,IT & Technology Staff,Peripheral,Wireless Hub,Data Aggregation,MeshConnect SaaS,3/21/2025,1
CUST-0096,28,Female,Bridgeport CT,Patient / Consumer,Peripheral,BioSensor Band,Continuous Glucose Monitor,VitalsNet SaaS,3/21/2025,2
CUST-0018,32,Male,Concord NH,Field Technician,Tablet,Tab Compact,Inventory Management,IntakeFlow,3/21/2025,2
CUST-0168,43,Male,Springfield MA,Field Technician,Tablet,Tab Compact,Patient Intake,IntakeFlow,3/22/2025,2
CUST-0375,65,Female,Bridgeport CT,Practice Manager,Peripheral,Charging Dock,Fleet Management,FleetCharge Pro,3/23/2025,2
CUST-0365,42,Male,Bridgeport CT,Research Scientist,Peripheral,BioSensor Band,Remote Monitoring,VitalsNet SaaS,3/23/2025,2
CUST-0041,63,Female,Bridgeport CT,Patient / Consumer,Smart Watch,Pulse Elite,Remote Patient Check-in,FitCore SaaS,3/23/2025,1
CUST-0298,25,Female,Hartford CT,Student / Academic,Smart Watch,Pulse Sport,Sleep Analysis,FitCore SaaS,3/23/2025,4
CUST-0283,77,Male,Hartford CT,Patient / Consumer,Tablet,Tab Compact,Patient Intake,FieldOps SaaS,3/24/2025,3
CUST-0298,25,Female,Hartford CT,Student / Academic,Peripheral,Privacy Shield,Screen Privacy,ComplianceGuard,3/24/2025,3
CUST-0136,76,Female,Worcester MA,Patient / Consumer,Peripheral,BioSensor Band,Vitals Streaming,VitalsNet SaaS,3/24/2025,1
CUST-0115,34,Female,Providence RI,Research Scientist,Smart Watch,Pulse Sport,Fitness Tracking,WellnessCloud,3/24/2025,2
CUST-0126,34,Non-binary,Manchester NH,Student / Academic,Tablet,Tab Studio,Creative Workflow,DiagnosticAI,3/24/2025,1
CUST-0027,21,Female,Hartford CT,Field Technician,Tablet,Tab Compact,Inventory Management,InvTrack Pro,3/24/2025,2
CUST-0012,44,Female,Hartford CT,Patient / Consumer,Peripheral,Keyboard Fold,Telehealth Setup,AdminFlow SaaS,3/24/2025,3
CUST-0090,49,Male,Manchester NH,Practice Manager,Peripheral,Stylus Pro,E-Signature,SignFlow,3/25/2025,4
CUST-0192,50,Non-binary,Springfield MA,Healthcare Professional,Smart Watch,Pulse Elite,Remote Patient Check-in,FitCore SaaS,3/25/2025,1
CUST-0233,24,Male,Boston MA,Student / Academic,Smart Watch,Pulse Elite,Fitness Tracking,HealthSync Pro,3/25/2025,1
CUST-0383,18,Male,Springfield MA,IT & Technology Staff,Tablet,Tab Pro 12,Telehealth Consult,EduHealth SaaS,3/25/2025,1
CUST-0101,23,Female,Portland ME,Research Scientist,Peripheral,Charging Dock,Multi-Device Charging,FleetCharge Pro,3/25/2025,2
CUST-0138,30,Male,Worcester MA,IT & Technology Staff,Peripheral,Wireless Hub,Clinic Network,MeshConnect SaaS,3/25/2025,3
CUST-0097,44,Female,Bridgeport CT,Healthcare Professional,Peripheral,BioSensor Band,Continuous Glucose Monitor,BioStream API,3/25/2025,1
CUST-0111,21,Male,Boston MA,Patient / Consumer,Tablet,Tab Studio,Creative Workflow,DiagnosticAI,3/25/2025,2
CUST-0045,28,Male,Portland ME,Patient / Consumer,Tablet,Tab Pro 12,Telehealth Consult,EduHealth SaaS,3/25/2025,1
CUST-0294,35,Male,Worcester MA,Field Technician,Tablet,Tab Compact,Inventory Management,FieldOps SaaS,3/26/2025,1
CUST-0028,36,Male,Portland ME,IT & Technology Staff,Peripheral,Charging Dock,Clinical Stations,PowerDesk SaaS,3/26/2025,3
CUST-0115,34,Female,Providence RI,Research Scientist,Peripheral,Privacy Shield,Screen Privacy,SecureView SaaS,3/26/2025,3
CUST-0254,68,Female,Springfield MA,Patient / Consumer,Smart Watch,Pulse Sport,Fitness Tracking,FitCore SaaS,3/26/2025,1
CUST-0289,56,Female,Springfield MA,Patient / Consumer,Peripheral,Privacy Shield,HIPAA Compliance,SecureView SaaS,3/26/2025,3
CUST-0274,44,Female,Portland ME,Practice Manager,Peripheral,Privacy Shield,Screen Privacy,ComplianceGuard,3/26/2025,2
CUST-0122,27,Male,Portland ME,Research Scientist,Peripheral,Privacy Shield,Secure Display,SecureView SaaS,3/26/2025,1
CUST-0152,45,Female,Manchester NH,Healthcare Professional,Tablet,Tab Compact,Inventory Management,InvTrack Pro,3/26/2025,1
CUST-0065,45,Male,Concord NH,Clinical Administrator,Peripheral,Charging Dock,Clinical Stations,FleetCharge Pro,3/27/2025,3
CUST-0070,32,Male,Bridgeport CT,Clinical Administrator,Smart Watch,Pulse Sport,Activity Logging,WellnessCloud,3/27/2025,3
CUST-0372,26,Male,Burlington VT,Student / Academic,Tablet,Tab Studio,Data Visualisation,DiagnosticAI,3/27/2025,1
CUST-0043,40,Female,Hartford CT,Healthcare Professional,Smart Watch,Pulse Elite,Remote Patient Check-in,HealthSync Pro,3/27/2025,3
CUST-0179,39,Male,Concord NH,Healthcare Professional,Tablet,Tab Compact,Inventory Management,FieldOps SaaS,3/27/2025,1
CUST-0299,45,Female,Hartford CT,Clinical Administrator,Peripheral,Charging Dock,Fleet Management,PowerDesk SaaS,3/27/2025,1
CUST-0341,19,Male,Worcester MA,Student / Academic,Tablet,Tab Pro 12,Patient Education,ClinicalOS,3/27/2025,2
CUST-0311,31,Male,Worcester MA,IT & Technology Staff,Tablet,Tab Compact,Inventory Management,IntakeFlow,3/27/2025,2
CUST-0159,32,Male,Portland ME,Practice Manager,Peripheral,Wireless Hub,Data Aggregation,MeshConnect SaaS,3/28/2025,4
CUST-0388,43,Male,Hartford CT,Field Technician,Peripheral,Keyboard Fold,Administrative Tasks,TeleSetup Pro,3/28/2025,2
CUST-0338,35,Female,Manchester NH,Clinical Administrator,Peripheral,Wireless Hub,Device Pairing,ClinicHub Pro,3/28/2025,2
CUST-0288,61,Female,Burlington VT,Patient / Consumer,Peripheral,BioSensor Band,Continuous Glucose Monitor,BioStream API,3/28/2025,2
CUST-0237,18,Male,Springfield MA,IT & Technology Staff,Tablet,Tab Studio,Remote Diagnosis,DiagnosticAI,3/28/2025,1
CUST-0210,80,Female,Burlington VT,Patient / Consumer,Smart Watch,Pulse Elite,Remote Patient Check-in,FitCore SaaS,3/28/2025,1
CUST-0077,44,Male,Burlington VT,Practice Manager,Peripheral,Keyboard Fold,Remote Input,TeleSetup Pro,3/28/2025,1
CUST-0297,52,Prefer not to say,Providence RI,Practice Manager,Peripheral,Charging Dock,Fleet Management,FleetCharge Pro,3/28/2025,3
CUST-0364,39,Prefer not to say,Springfield MA,Research Scientist,Tablet,Tab Studio,Remote Diagnosis,DiagnosticAI,3/29/2025,1
CUST-0234,41,Non-binary,Hartford CT,Patient / Consumer,Smart Watch,Pulse Sport,Activity Logging,WellnessCloud,3/29/2025,1
CUST-0060,40,Female,Springfield MA,IT & Technology Staff,Peripheral,Privacy Shield,HIPAA Compliance,SecureView SaaS,3/29/2025,2
CUST-0370,31,Female,Boston MA,Clinical Administrator,Smart Watch,Pulse Elite,Remote Patient Check-in,FitCore SaaS,3/29/2025,1
CUST-0014,20,Female,Springfield MA,Clinical Administrator,Tablet,Tab Compact,Patient Intake,FieldOps SaaS,3/29/2025,1
CUST-0374,46,Female,Hartford CT,Clinical Administrator,Tablet,Tab Compact,Field Data Entry,InvTrack Pro,3/30/2025,1
CUST-0283,77,Male,Hartford CT,Patient / Consumer,Smart Watch,Pulse Elite,Health Monitoring,FitCore SaaS,3/30/2025,3
CUST-0171,37,Female,Worcester MA,Patient / Consumer,Peripheral,Privacy Shield,HIPAA Compliance,ComplianceGuard,3/30/2025,1
CUST-0027,21,Female,Hartford CT,Field Technician,Peripheral,Keyboard Fold,Remote Input,TeleSetup Pro,3/31/2025,3
CUST-0130,26,Female,Bridgeport CT,Field Technician,Smart Watch,Pulse Elite,Fitness Tracking,FitCore SaaS,3/31/2025,1
CUST-0034,22,Female,Hartford CT,Field Technician,Smart Watch,Pulse Sport,Fitness Tracking,FitCore SaaS,3/31/2025,1
CUST-0109,44,Female,Springfield MA,Healthcare Professional,Tablet,Tab Studio,Data Visualisation,DesignHub SaaS,3/31/2025,1
CUST-0243,47,Female,Manchester NH,Healthcare Professional,Peripheral,Keyboard Fold,Administrative Tasks,AdminFlow SaaS,3/31/2025,4
CUST-0254,68,Female,Springfield MA,Patient / Consumer,Tablet,Tab Compact,Field Data Entry,InvTrack Pro,3/31/2025,2
CUST-0311,31,Male,Worcester MA,IT & Technology Staff,Tablet,Tab Studio,Data Visualisation,DiagnosticAI,3/31/2025,3
CUST-0360,19,Male,Burlington VT,Student / Academic,Tablet,Tab Compact,Patient Intake,InvTrack Pro,3/31/2025,2
CUST-0367,25,Female,Springfield MA,Student / Academic,Peripheral,Keyboard Fold,Telehealth Setup,AdminFlow SaaS,3/31/2025,1
CUST-0117,29,Female,Portland ME,Field Technician,Tablet,Tab Studio,Creative Workflow,DiagnosticAI,3/31/2025,2
CUST-0269,37,Female,Concord NH,Healthcare Professional,Tablet,Tab Compact,Patient Intake,InvTrack Pro,3/31/2025,1
CUST-0414,56,Female,Worcester MA,Practice Manager,Peripheral,Stylus Pro,Clinical Note-taking,SignFlow,3/31/2025,1
CUST-0237,18,Male,Springfield MA,IT & Technology Staff,Peripheral,Wireless Hub,Data Aggregation,MeshConnect SaaS,3/31/2025,1
CUST-0369,33,Female,Providence RI,IT & Technology Staff,Peripheral,Privacy Shield,Screen Privacy,SecureView SaaS,3/31/2025,4
CUST-0215,40,Female,Manchester NH,Practice Manager,Peripheral,BioSensor Band,Continuous Glucose Monitor,VitalsNet SaaS,3/31/2025,1
CUST-0290,37,Female,Hartford CT,Practice Manager,Tablet,Tab Pro 12,Patient Education,TeleDoc Platform,3/31/2025,1
CUST-0080,22,Female,Bridgeport CT,Healthcare Professional,Peripheral,Privacy Shield,Secure Display,SecureView SaaS,3/31/2025,3
CUST-0084,26,Male,Springfield MA,Field Technician,Peripheral,Stylus Pro,Clinical Note-taking,NoteStream SaaS,4/1/2025,2
CUST-0012,44,Female,Hartford CT,Patient / Consumer,Peripheral,Keyboard Fold,Telehealth Setup,AdminFlow SaaS,4/1/2025,3
CUST-0243,47,Female,Manchester NH,Healthcare Professional,Peripheral,Privacy Shield,Secure Display,ComplianceGuard,4/1/2025,3
CUST-0245,27,Male,Providence RI,Clinical Administrator,Peripheral,Privacy Shield,Screen Privacy,ComplianceGuard,4/1/2025,3
CUST-0325,35,Male,Boston MA,Patient / Consumer,Peripheral,Wireless Hub,Clinic Network,MeshConnect SaaS,4/1/2025,1
CUST-0129,24,Female,Concord NH,Student / Academic,Tablet,Tab Studio,Data Visualisation,DesignHub SaaS,4/1/2025,1
CUST-0390,21,Male,Burlington VT,Student / Academic,Peripheral,Stylus Pro,Digital Annotation,NoteStream SaaS,4/1/2025,3
CUST-0238,54,Male,Portland ME,Patient / Consumer,Peripheral,Wireless Hub,Clinic Network,MeshConnect SaaS,4/1/2025,1
CUST-0190,20,Female,Manchester NH,IT & Technology Staff,Smart Watch,Pulse Sport,Sleep Analysis,WellnessCloud,4/1/2025,1
CUST-0244,43,Female,Burlington VT,Research Scientist,Tablet,Tab Studio,Creative Workflow,DesignHub SaaS,4/1/2025,1
CUST-0074,45,Male,Worcester MA,IT & Technology Staff,Tablet,Tab Pro 12,Clinical Documentation,TeleDoc Platform,4/1/2025,1
CUST-0402,30,Female,Bridgeport CT,Research Scientist,Peripheral,Privacy Shield,Screen Privacy,ComplianceGuard,4/1/2025,3
CUST-0139,39,Female,Burlington VT,IT & Technology Staff,Smart Watch,Pulse Elite,Fitness Tracking,FitCore SaaS,4/1/2025,1
CUST-0051,38,Female,Worcester MA,Research Scientist,Peripheral,Keyboard Fold,Remote Input,AdminFlow SaaS,4/2/2025,3
CUST-0102,45,Female,Burlington VT,Patient / Consumer,Peripheral,BioSensor Band,Remote Monitoring,BioStream API,4/2/2025,2
CUST-0391,19,Non-binary,Hartford CT,Student / Academic,Peripheral,Privacy Shield,Screen Privacy,ComplianceGuard,4/2/2025,6
CUST-0287,28,Male,Bridgeport CT,Field Technician,Tablet,Tab Compact,Inventory Management,InvTrack Pro,4/2/2025,2
CUST-0246,34,Male,Worcester MA,Clinical Administrator,Tablet,Tab Compact,Patient Intake,IntakeFlow,4/2/2025,2
CUST-0128,36,Male,Worcester MA,Healthcare Professional,Peripheral,BioSensor Band,Vitals Streaming,BioStream API,4/2/2025,3
CUST-0064,32,Female,Boston MA,Practice Manager,Smart Watch,Pulse Elite,Health Monitoring,FitCore SaaS,4/3/2025,1
CUST-0058,22,Male,Portland ME,Student / Academic,Peripheral,Wireless Hub,Clinic Network,MeshConnect SaaS,4/3/2025,1
CUST-0095,45,Male,Bridgeport CT,Patient / Consumer,Smart Watch,Pulse Sport,Fitness Tracking,FitCore SaaS,4/4/2025,1
CUST-0105,31,Female,Burlington VT,IT & Technology Staff,Peripheral,Charging Dock,Clinical Stations,FleetCharge Pro,4/4/2025,1
CUST-0261,32,Female,Providence RI,Healthcare Professional,Tablet,Tab Pro 12,Telehealth Consult,TeleDoc Platform,4/4/2025,1
CUST-0313,35,Female,Portland ME,Field Technician,Smart Watch,Pulse Elite,Fitness Tracking,FitCore SaaS,4/4/2025,1
CUST-0199,42,Female,Hartford CT,Healthcare Professional,Tablet,Tab Pro 12,Telehealth Consult,EduHealth SaaS,4/4/2025,1
CUST-0317,50,Non-binary,Bridgeport CT,Practice Manager,Peripheral,Charging Dock,Clinical Stations,PowerDesk SaaS,4/4/2025,1
CUST-0332,19,Female,Manchester NH,Student / Academic,Peripheral,Stylus Pro,Digital Annotation,SignFlow,4/5/2025,1
CUST-0089,28,Female,Burlington VT,IT & Technology Staff,Smart Watch,Pulse Elite,Health Monitoring,FitCore SaaS,4/5/2025,1
CUST-0071,45,Prefer not to say,Portland ME,Healthcare Professional,Peripheral,Keyboard Fold,Remote Input,TeleSetup Pro,4/5/2025,2
CUST-0261,32,Female,Providence RI,Healthcare Professional,Peripheral,BioSensor Band,Vitals Streaming,VitalsNet SaaS,4/6/2025,1
CUST-0267,46,Male,Hartford CT,IT & Technology Staff,Smart Watch,Pulse Elite,Remote Patient Check-in,FitCore SaaS,4/6/2025,3
CUST-0364,39,Prefer not to say,Springfield MA,Research Scientist,Tablet,Tab Studio,Data Visualisation,DesignHub SaaS,4/6/2025,1
CUST-0111,21,Male,Boston MA,Patient / Consumer,Peripheral,Keyboard Fold,Telehealth Setup,AdminFlow SaaS,4/6/2025,3
CUST-0178,44,Female,Providence RI,IT & Technology Staff,Peripheral,Charging Dock,Fleet Management,FleetCharge Pro,4/6/2025,1
CUST-0379,63,Prefer not to say,Worcester MA,Healthcare Professional,Tablet,Tab Pro 12,Patient Education,TeleDoc Platform,4/6/2025,2
CUST-0371,33,Male,Portland ME,IT & Technology Staff,Tablet,Tab Pro 12,Clinical Documentation,ClinicalOS,4/6/2025,1
CUST-0400,47,Female,Concord NH,Research Scientist,Smart Watch,Pulse Elite,Fitness Tracking,HealthSync Pro,4/7/2025,2
CUST-0165,36,Female,Portland ME,Field Technician,Tablet,Tab Studio,Remote Diagnosis,DesignHub SaaS,4/7/2025,3
CUST-0139,39,Female,Burlington VT,IT & Technology Staff,Smart Watch,Pulse Sport,Fitness Tracking,FitCore SaaS,4/7/2025,2
CUST-0169,39,Female,Springfield MA,Healthcare Professional,Peripheral,Charging Dock,Clinical Stations,FleetCharge Pro,4/7/2025,1
CUST-0347,18,Non-binary,Portland ME,Student / Academic,Smart Watch,Pulse Sport,Fitness Tracking,WellnessCloud,4/7/2025,1
CUST-0263,18,Male,Springfield MA,Patient / Consumer,Smart Watch,Pulse Elite,Fitness Tracking,FitCore SaaS,4/7/2025,1
CUST-0061,39,Male,Hartford CT,Practice Manager,Peripheral,Keyboard Fold,Telehealth Setup,TeleSetup Pro,4/7/2025,5
CUST-0267,46,Male,Hartford CT,IT & Technology Staff,Smart Watch,Pulse Sport,Sleep Analysis,WellnessCloud,4/7/2025,1
CUST-0161,34,Female,Burlington VT,Practice Manager,Tablet,Tab Pro 12,Telehealth Consult,TeleDoc Platform,4/7/2025,4
CUST-0056,46,Female,Boston MA,Clinical Administrator,Peripheral,Keyboard Fold,Administrative Tasks,AdminFlow SaaS,4/8/2025,2
CUST-0095,45,Male,Bridgeport CT,Patient / Consumer,Smart Watch,Pulse Sport,Activity Logging,FitCore SaaS,4/8/2025,1
CUST-0082,41,Female,Manchester NH,Clinical Administrator,Smart Watch,Pulse Sport,Activity Logging,FitCore SaaS,4/8/2025,3
CUST-0285,50,Male,Springfield MA,IT & Technology Staff,Peripheral,Charging Dock,Clinical Stations,PowerDesk SaaS,4/8/2025,4
CUST-0366,32,Female,Portland ME,Research Scientist,Tablet,Tab Studio,Data Visualisation,DataViz Suite,4/8/2025,2
CUST-0311,31,Male,Worcester MA,IT & Technology Staff,Peripheral,BioSensor Band,Remote Monitoring,BioStream API,4/8/2025,4
CUST-0382,21,Female,Manchester NH,Student / Academic,Smart Watch,Pulse Sport,Activity Logging,WellnessCloud,4/8/2025,1
CUST-0378,54,Female,Boston MA,Patient / Consumer,Peripheral,Stylus Pro,Clinical Note-taking,NoteStream SaaS,4/8/2025,4
CUST-0415,57,Male,Bridgeport CT,Patient / Consumer,Peripheral,BioSensor Band,Vitals Streaming,BioStream API,4/8/2025,4
CUST-0248,41,Male,Burlington VT,Patient / Consumer,Smart Watch,Pulse Elite,Fitness Tracking,HealthSync Pro,4/8/2025,1
CUST-0165,36,Female,Portland ME,Field Technician,Peripheral,Stylus Pro,Clinical Note-taking,SignFlow,4/9/2025,4
CUST-0238,54,Male,Portland ME,Patient / Consumer,Peripheral,Stylus Pro,E-Signature,NoteStream SaaS,4/9/2025,3
CUST-0257,56,Male,Springfield MA,Practice Manager,Peripheral,Charging Dock,Clinical Stations,FleetCharge Pro,4/9/2025,2
CUST-0232,55,Female,Hartford CT,Patient / Consumer,Peripheral,BioSensor Band,Vitals Streaming,VitalsNet SaaS,4/9/2025,4
CUST-0217,39,Female,Concord NH,Patient / Consumer,Peripheral,Charging Dock,Multi-Device Charging,FleetCharge Pro,4/9/2025,1
CUST-0349,40,Female,Manchester NH,Patient / Consumer,Tablet,Tab Studio,Creative Workflow,DiagnosticAI,4/9/2025,2
CUST-0288,61,Female,Burlington VT,Patient / Consumer,Peripheral,BioSensor Band,Continuous Glucose Monitor,BioStream API,4/9/2025,2
CUST-0322,43,Male,Springfield MA,Clinical Administrator,Tablet,Tab Pro 12,Telehealth Consult,ClinicalOS,4/9/2025,1
CUST-0204,68,Male,Portland ME,Patient / Consumer,Tablet,Tab Studio,Creative Workflow,DataViz Suite,4/9/2025,1
CUST-0204,68,Male,Portland ME,Patient / Consumer,Tablet,Tab Compact,Field Data Entry,InvTrack Pro,4/9/2025,1
CUST-0026,24,Male,Hartford CT,Student / Academic,Peripheral,Stylus Pro,E-Signature,SignFlow,4/9/2025,2
CUST-0003,43,Female,Boston MA,Clinical Administrator,Smart Watch,Pulse Sport,Fitness Tracking,FitCore SaaS,4/9/2025,1
CUST-0345,33,Female,Hartford CT,Clinical Administrator,Tablet,Tab Studio,Data Visualisation,DataViz Suite,4/10/2025,1
CUST-0056,46,Female,Boston MA,Clinical Administrator,Smart Watch,Pulse Elite,Remote Patient Check-in,HealthSync Pro,4/10/2025,1
CUST-0017,28,Female,Manchester NH,Clinical Administrator,Tablet,Tab Pro 12,Telehealth Consult,EduHealth SaaS,4/10/2025,1
CUST-0296,25,Male,Providence RI,Field Technician,Tablet,Tab Compact,Patient Intake,InvTrack Pro,4/10/2025,1
CUST-0021,44,Female,Portland ME,IT & Technology Staff,Smart Watch,Pulse Elite,Fitness Tracking,HealthSync Pro,4/10/2025,1
CUST-0006,28,Male,Springfield MA,Field Technician,Peripheral,Privacy Shield,Secure Display,ComplianceGuard,4/10/2025,7
CUST-0238,54,Male,Portland ME,Patient / Consumer,Peripheral,Charging Dock,Clinical Stations,FleetCharge Pro,4/10/2025,1
CUST-0105,31,Female,Burlington VT,IT & Technology Staff,Smart Watch,Pulse Elite,Health Monitoring,HealthSync Pro,4/10/2025,1
CUST-0210,80,Female,Burlington VT,Patient / Consumer,Tablet,Tab Studio,Creative Workflow,DesignHub SaaS,4/10/2025,1
CUST-0077,44,Male,Burlington VT,Practice Manager,Smart Watch,Pulse Elite,Health Monitoring,FitCore SaaS,4/10/2025,1
CUST-0009,44,Male,Concord NH,Patient / Consumer,Peripheral,Charging Dock,Clinical Stations,FleetCharge Pro,4/10/2025,2
CUST-0288,61,Female,Burlington VT,Patient / Consumer,Smart Watch,Pulse Sport,Sleep Analysis,WellnessCloud,4/11/2025,1
CUST-0042,37,Male,Providence RI,Research Scientist,Peripheral,Wireless Hub,Clinic Network,MeshConnect SaaS,4/11/2025,4
CUST-0216,64,Male,Portland ME,Patient / Consumer,Peripheral,BioSensor Band,Vitals Streaming,BioStream API,4/11/2025,1
CUST-0229,27,Male,Boston MA,IT & Technology Staff,Tablet,Tab Compact,Field Data Entry,FieldOps SaaS,4/11/2025,2
CUST-0098,56,Non-binary,Manchester NH,Patient / Consumer,Peripheral,Keyboard Fold,Administrative Tasks,TeleSetup Pro,4/11/2025,4
CUST-0199,42,Female,Hartford CT,Healthcare Professional,Peripheral,Wireless Hub,Clinic Network,ClinicHub Pro,4/12/2025,3
CUST-0306,53,Prefer not to say,Manchester NH,Patient / Consumer,Peripheral,Stylus Pro,Clinical Note-taking,NoteStream SaaS,4/12/2025,3
CUST-0396,21,Female,Worcester MA,Student / Academic,Peripheral,Wireless Hub,Clinic Network,ClinicHub Pro,4/13/2025,1
CUST-0171,37,Female,Worcester MA,Patient / Consumer,Smart Watch,Pulse Elite,Fitness Tracking,FitCore SaaS,4/14/2025,1
CUST-0388,43,Male,Hartford CT,Field Technician,Tablet,Tab Compact,Field Data Entry,FieldOps SaaS,4/14/2025,1
CUST-0129,24,Female,Concord NH,Student / Academic,Smart Watch,Pulse Sport,Sleep Analysis,FitCore SaaS,4/14/2025,1
CUST-0242,29,Male,Springfield MA,Field Technician,Peripheral,BioSensor Band,Remote Monitoring,BioStream API,4/14/2025,2
CUST-0046,31,Male,Hartford CT,Clinical Administrator,Peripheral,Privacy Shield,HIPAA Compliance,SecureView SaaS,4/14/2025,2
CUST-0124,29,Male,Bridgeport CT,Patient / Consumer,Peripheral,Privacy Shield,Secure Display,SecureView SaaS,4/14/2025,5
CUST-0266,18,Male,Manchester NH,Student / Academic,Peripheral,Stylus Pro,Digital Annotation,NoteStream SaaS,4/14/2025,3
CUST-0181,34,Male,Worcester MA,Field Technician,Peripheral,Stylus Pro,E-Signature,NoteStream SaaS,4/14/2025,2
CUST-0225,44,Female,Bridgeport CT,Patient / Consumer,Peripheral,Charging Dock,Clinical Stations,FleetCharge Pro,4/14/2025,3
CUST-0289,56,Female,Springfield MA,Patient / Consumer,Peripheral,Stylus Pro,E-Signature,SignFlow,4/14/2025,3
CUST-0344,26,Female,Concord NH,Field Technician,Smart Watch,Pulse Sport,Activity Logging,FitCore SaaS,4/15/2025,1
CUST-0029,42,Female,Worcester MA,Patient / Consumer,Smart Watch,Pulse Sport,Sleep Analysis,WellnessCloud,4/15/2025,2
CUST-0243,47,Female,Manchester NH,Healthcare Professional,Tablet,Tab Pro 12,Clinical Documentation,ClinicalOS,4/15/2025,2
CUST-0234,41,Non-binary,Hartford CT,Patient / Consumer,Smart Watch,Pulse Sport,Fitness Tracking,WellnessCloud,4/15/2025,1
CUST-0355,29,Female,Hartford CT,Field Technician,Tablet,Tab Pro 12,Telehealth Consult,TeleDoc Platform,4/16/2025,1
CUST-0180,60,Female,Concord NH,Research Scientist,Tablet,Tab Studio,Data Visualisation,DataViz Suite,4/16/2025,1
CUST-0246,34,Male,Worcester MA,Clinical Administrator,Tablet,Tab Studio,Data Visualisation,DiagnosticAI,4/16/2025,1
CUST-0129,24,Female,Concord NH,Student / Academic,Peripheral,Stylus Pro,Digital Annotation,NoteStream SaaS,4/16/2025,2
CUST-0106,36,Female,Bridgeport CT,IT & Technology Staff,Peripheral,BioSensor Band,Vitals Streaming,BioStream API,4/16/2025,1
CUST-0262,43,Female,Hartford CT,Practice Manager,Tablet,Tab Pro 12,Telehealth Consult,ClinicalOS,4/16/2025,2
CUST-0001,42,Male,Burlington VT,Clinical Administrator,Peripheral,Charging Dock,Multi-Device Charging,FleetCharge Pro,4/16/2025,5
CUST-0215,40,Female,Manchester NH,Practice Manager,Peripheral,Wireless Hub,Data Aggregation,MeshConnect SaaS,4/17/2025,3
CUST-0214,50,Female,Hartford CT,Practice Manager,Peripheral,Charging Dock,Multi-Device Charging,PowerDesk SaaS,4/17/2025,1
CUST-0136,76,Female,Worcester MA,Patient / Consumer,Peripheral,BioSensor Band,Continuous Glucose Monitor,BioStream API,4/17/2025,1
CUST-0268,29,Female,Worcester MA,Patient / Consumer,Peripheral,BioSensor Band,Remote Monitoring,VitalsNet SaaS,4/17/2025,1
CUST-0164,30,Male,Portland ME,Clinical Administrator,Peripheral,Keyboard Fold,Administrative Tasks,AdminFlow SaaS,4/18/2025,4
CUST-0148,30,Female,Manchester NH,Practice Manager,Peripheral,Charging Dock,Multi-Device Charging,PowerDesk SaaS,4/18/2025,3
CUST-0201,47,Female,Worcester MA,Practice Manager,Tablet,Tab Pro 12,Clinical Documentation,EduHealth SaaS,4/18/2025,3
CUST-0297,52,Prefer not to say,Providence RI,Practice Manager,Peripheral,Charging Dock,Clinical Stations,PowerDesk SaaS,4/18/2025,4
CUST-0115,34,Female,Providence RI,Research Scientist,Peripheral,BioSensor Band,Remote Monitoring,BioStream API,4/18/2025,4
CUST-0354,28,Female,Providence RI,Field Technician,Peripheral,Privacy Shield,HIPAA Compliance,SecureView SaaS,4/19/2025,2
CUST-0309,47,Male,Boston MA,Healthcare Professional,Peripheral,Charging Dock,Clinical Stations,PowerDesk SaaS,4/19/2025,1
CUST-0087,28,Non-binary,Portland ME,Student / Academic,Peripheral,Stylus Pro,E-Signature,NoteStream SaaS,4/19/2025,1
CUST-0159,32,Male,Portland ME,Practice Manager,Tablet,Tab Pro 12,Patient Education,ClinicalOS,4/19/2025,2
CUST-0106,36,Female,Bridgeport CT,IT & Technology Staff,Peripheral,Wireless Hub,Data Aggregation,MeshConnect SaaS,4/20/2025,2
CUST-0415,57,Male,Bridgeport CT,Patient / Consumer,Tablet,Tab Studio,Data Visualisation,DesignHub SaaS,4/20/2025,1
CUST-0027,21,Female,Hartford CT,Field Technician,Tablet,Tab Pro 12,Patient Education,ClinicalOS,4/21/2025,2
CUST-0318,30,Male,Concord NH,IT & Technology Staff,Peripheral,BioSensor Band,Remote Monitoring,BioStream API,4/21/2025,2
CUST-0214,50,Female,Hartford CT,Practice Manager,Peripheral,Charging Dock,Fleet Management,FleetCharge Pro,4/21/2025,5
CUST-0311,31,Male,Worcester MA,IT & Technology Staff,Peripheral,Privacy Shield,Screen Privacy,ComplianceGuard,4/21/2025,4
CUST-0312,41,Male,Manchester NH,IT & Technology Staff,Tablet,Tab Studio,Data Visualisation,DataViz Suite,4/21/2025,1
CUST-0076,65,Male,Bridgeport CT,Patient / Consumer,Peripheral,Keyboard Fold,Remote Input,AdminFlow SaaS,4/21/2025,1
CUST-0264,22,Female,Hartford CT,Field Technician,Peripheral,Charging Dock,Multi-Device Charging,PowerDesk SaaS,4/22/2025,1
CUST-0284,31,Male,Bridgeport CT,Practice Manager,Peripheral,Charging Dock,Multi-Device Charging,PowerDesk SaaS,4/22/2025,1
CUST-0048,41,Male,Hartford CT,IT & Technology Staff,Tablet,Tab Studio,Creative Workflow,DesignHub SaaS,4/22/2025,1
CUST-0148,30,Female,Manchester NH,Practice Manager,Tablet,Tab Pro 12,Telehealth Consult,TeleDoc Platform,4/23/2025,1
CUST-0229,27,Male,Boston MA,IT & Technology Staff,Smart Watch,Pulse Sport,Activity Logging,WellnessCloud,4/23/2025,2
CUST-0241,36,Non-binary,Burlington VT,Practice Manager,Tablet,Tab Studio,Creative Workflow,DiagnosticAI,4/23/2025,1
CUST-0158,48,Female,Hartford CT,Practice Manager,Tablet,Tab Pro 12,Telehealth Consult,EduHealth SaaS,4/23/2025,1
CUST-0086,33,Male,Springfield MA,Clinical Administrator,Peripheral,Wireless Hub,Data Aggregation,MeshConnect SaaS,4/23/2025,3
CUST-0394,47,Female,Springfield MA,IT & Technology Staff,Tablet,Tab Compact,Field Data Entry,InvTrack Pro,4/23/2025,1
CUST-0114,47,Prefer not to say,Providence RI,Field Technician,Peripheral,Wireless Hub,Data Aggregation,ClinicHub Pro,4/24/2025,1
CUST-0158,48,Female,Hartford CT,Practice Manager,Peripheral,Charging Dock,Multi-Device Charging,FleetCharge Pro,4/24/2025,4
CUST-0266,18,Male,Manchester NH,Student / Academic,Peripheral,Wireless Hub,Device Pairing,MeshConnect SaaS,4/24/2025,2
CUST-0357,41,Female,Portland ME,Healthcare Professional,Tablet,Tab Studio,Data Visualisation,DesignHub SaaS,4/24/2025,1
CUST-0045,28,Male,Portland ME,Patient / Consumer,Peripheral,Charging Dock,Fleet Management,FleetCharge Pro,4/24/2025,2
CUST-0004,57,Male,Portland ME,Healthcare Professional,Tablet,Tab Pro 12,Telehealth Consult,TeleDoc Platform,4/24/2025,1
CUST-0292,26,Female,Concord NH,Field Technician,Peripheral,Keyboard Fold,Administrative Tasks,TeleSetup Pro,4/25/2025,5
CUST-0092,46,Male,Portland ME,Clinical Administrator,Tablet,Tab Compact,Field Data Entry,InvTrack Pro,4/25/2025,2
CUST-0307,38,Prefer not to say,Manchester NH,Field Technician,Tablet,Tab Pro 12,Telehealth Consult,EduHealth SaaS,4/25/2025,1
CUST-0173,29,Female,Worcester MA,Field Technician,Peripheral,Keyboard Fold,Remote Input,AdminFlow SaaS,4/25/2025,6
CUST-0141,55,Male,Worcester MA,Patient / Consumer,Peripheral,Privacy Shield,HIPAA Compliance,ComplianceGuard,4/25/2025,4
CUST-0133,31,Female,Bridgeport CT,Healthcare Professional,Tablet,Tab Pro 12,Patient Education,TeleDoc Platform,4/25/2025,1
CUST-0399,34,Male,Hartford CT,Research Scientist,Peripheral,Charging Dock,Multi-Device Charging,FleetCharge Pro,4/25/2025,5
CUST-0273,29,Female,Hartford CT,Student / Academic,Peripheral,Stylus Pro,Digital Annotation,NoteStream SaaS,4/25/2025,2
CUST-0358,41,Female,Portland ME,Practice Manager,Peripheral,Privacy Shield,Secure Display,SecureView SaaS,4/25/2025,2
CUST-0314,52,Non-binary,Providence RI,Practice Manager,Tablet,Tab Studio,Creative Workflow,DiagnosticAI,4/26/2025,1
CUST-0192,50,Non-binary,Springfield MA,Healthcare Professional,Smart Watch,Pulse Sport,Sleep Analysis,FitCore SaaS,4/26/2025,1
CUST-0109,44,Female,Springfield MA,Healthcare Professional,Smart Watch,Pulse Elite,Remote Patient Check-in,FitCore SaaS,4/26/2025,1
CUST-0169,39,Female,Springfield MA,Healthcare Professional,Smart Watch,Pulse Elite,Remote Patient Check-in,HealthSync Pro,4/27/2025,1
CUST-0215,40,Female,Manchester NH,Practice Manager,Tablet,Tab Compact,Patient Intake,InvTrack Pro,4/27/2025,1
CUST-0379,63,Prefer not to say,Worcester MA,Healthcare Professional,Peripheral,BioSensor Band,Remote Monitoring,BioStream API,4/28/2025,1
CUST-0008,39,Female,Concord NH,IT & Technology Staff,Tablet,Tab Studio,Remote Diagnosis,DesignHub SaaS,4/28/2025,1
CUST-0362,51,Female,Springfield MA,Clinical Administrator,Tablet,Tab Pro 12,Clinical Documentation,EduHealth SaaS,4/28/2025,3
CUST-0326,31,Female,Burlington VT,Practice Manager,Peripheral,Keyboard Fold,Remote Input,TeleSetup Pro,4/28/2025,1
CUST-0205,25,Male,Hartford CT,Clinical Administrator,Peripheral,Stylus Pro,Digital Annotation,SignFlow,4/28/2025,5
CUST-0193,31,Male,Portland ME,Field Technician,Peripheral,Charging Dock,Clinical Stations,FleetCharge Pro,4/28/2025,1
CUST-0242,29,Male,Springfield MA,Field Technician,Tablet,Tab Compact,Patient Intake,InvTrack Pro,4/28/2025,1
CUST-0078,33,Prefer not to say,Springfield MA,Research Scientist,Peripheral,BioSensor Band,Remote Monitoring,BioStream API,4/28/2025,1
CUST-0411,44,Female,Providence RI,Clinical Administrator,Tablet,Tab Compact,Field Data Entry,InvTrack Pro,4/28/2025,3
CUST-0280,32,Prefer not to say,Manchester NH,Research Scientist,Peripheral,Keyboard Fold,Administrative Tasks,AdminFlow SaaS,4/28/2025,5
CUST-0357,41,Female,Portland ME,Healthcare Professional,Tablet,Tab Pro 12,Clinical Documentation,EduHealth SaaS,4/29/2025,2
CUST-0255,27,Male,Hartford CT,Patient / Consumer,Smart Watch,Pulse Elite,Health Monitoring,FitCore SaaS,4/29/2025,1
CUST-0094,35,Female,Concord NH,Clinical Administrator,Peripheral,Charging Dock,Multi-Device Charging,FleetCharge Pro,4/29/2025,5
CUST-0077,44,Male,Burlington VT,Practice Manager,Peripheral,Charging Dock,Clinical Stations,PowerDesk SaaS,4/29/2025,1
CUST-0177,42,Male,Worcester MA,Healthcare Professional,Smart Watch,Pulse Elite,Health Monitoring,FitCore SaaS,4/29/2025,1
CUST-0174,25,Female,Worcester MA,Student / Academic,Peripheral,Stylus Pro,E-Signature,NoteStream SaaS,4/29/2025,3
CUST-0085,28,Female,Boston MA,Research Scientist,Peripheral,Stylus Pro,E-Signature,SignFlow,4/29/2025,1
CUST-0082,41,Female,Manchester NH,Clinical Administrator,Peripheral,Privacy Shield,Secure Display,ComplianceGuard,4/29/2025,1
CUST-0029,42,Female,Worcester MA,Patient / Consumer,Smart Watch,Pulse Sport,Activity Logging,WellnessCloud,4/29/2025,1
CUST-0194,26,Female,Portland ME,Clinical Administrator,Peripheral,Keyboard Fold,Remote Input,TeleSetup Pro,4/29/2025,3
CUST-0335,28,Female,Burlington VT,Student / Academic,Peripheral,Privacy Shield,Screen Privacy,SecureView SaaS,4/29/2025,2
CUST-0293,30,Prefer not to say,Portland ME,Research Scientist,Peripheral,BioSensor Band,Continuous Glucose Monitor,BioStream API,4/30/2025,2
CUST-0079,42,Female,Boston MA,Healthcare Professional,Smart Watch,Pulse Sport,Fitness Tracking,WellnessCloud,4/30/2025,1
CUST-0081,31,Male,Bridgeport CT,IT & Technology Staff,Peripheral,Wireless Hub,Data Aggregation,MeshConnect SaaS,4/30/2025,2
CUST-0116,32,Male,Concord NH,Field Technician,Tablet,Tab Compact,Inventory Management,IntakeFlow,4/30/2025,1
CUST-0246,34,Male,Worcester MA,Clinical Administrator,Peripheral,BioSensor Band,Remote Monitoring,BioStream API,4/30/2025,1
CUST-0248,41,Male,Burlington VT,Patient / Consumer,Smart Watch,Pulse Elite,Remote Patient Check-in,HealthSync Pro,4/30/2025,2
CUST-0073,35,Female,Boston MA,Research Scientist,Tablet,Tab Studio,Data Visualisation,DataViz Suite,4/30/2025,3
CUST-0356,22,Non-binary,Burlington VT,Field Technician,Peripheral,Keyboard Fold,Telehealth Setup,TeleSetup Pro,4/30/2025,4
CUST-0395,29,Female,Worcester MA,Student / Academic,Peripheral,Stylus Pro,E-Signature,NoteStream SaaS,4/30/2025,2
CUST-0024,23,Female,Concord NH,Research Scientist,Smart Watch,Pulse Sport,Fitness Tracking,FitCore SaaS,4/30/2025,1
CUST-0359,25,Male,Concord NH,Student / Academic,Smart Watch,Pulse Elite,Fitness Tracking,HealthSync Pro,4/30/2025,4
CUST-0080,22,Female,Bridgeport CT,Healthcare Professional,Peripheral,Charging Dock,Clinical Stations,PowerDesk SaaS,4/30/2025,2
CUST-0306,53,Prefer not to say,Manchester NH,Patient / Consumer,Smart Watch,Pulse Sport,Activity Logging,FitCore SaaS,5/1/2025,1
CUST-0321,36,Prefer not to say,Hartford CT,Research Scientist,Smart Watch,Pulse Elite,Fitness Tracking,FitCore SaaS,5/1/2025,1
CUST-0049,35,Male,Springfield MA,IT & Technology Staff,Peripheral,Stylus Pro,Digital Annotation,SignFlow,5/1/2025,1
CUST-0016,36,Female,Burlington VT,Healthcare Professional,Peripheral,BioSensor Band,Continuous Glucose Monitor,VitalsNet SaaS,5/1/2025,1
CUST-0055,45,Female,Boston MA,Research Scientist,Peripheral,BioSensor Band,Continuous Glucose Monitor,BioStream API,5/1/2025,1
CUST-0153,25,Male,Bridgeport CT,Field Technician,Tablet,Tab Compact,Field Data Entry,InvTrack Pro,5/2/2025,2
CUST-0220,24,Male,Hartford CT,Student / Academic,Smart Watch,Pulse Sport,Fitness Tracking,WellnessCloud,5/2/2025,1
CUST-0139,39,Female,Burlington VT,IT & Technology Staff,Peripheral,Keyboard Fold,Remote Input,TeleSetup Pro,5/2/2025,1
CUST-0118,33,Male,Manchester NH,Patient / Consumer,Peripheral,BioSensor Band,Continuous Glucose Monitor,VitalsNet SaaS,5/2/2025,1
CUST-0078,33,Prefer not to say,Springfield MA,Research Scientist,Smart Watch,Pulse Elite,Remote Patient Check-in,FitCore SaaS,5/2/2025,2
CUST-0357,41,Female,Portland ME,Healthcare Professional,Smart Watch,Pulse Elite,Health Monitoring,FitCore SaaS,5/2/2025,2
CUST-0357,41,Female,Portland ME,Healthcare Professional,Tablet,Tab Pro 12,Telehealth Consult,EduHealth SaaS,5/2/2025,1
CUST-0210,80,Female,Burlington VT,Patient / Consumer,Smart Watch,Pulse Elite,Health Monitoring,HealthSync Pro,5/2/2025,1
CUST-0002,34,Male,Manchester NH,Research Scientist,Tablet,Tab Studio,Remote Diagnosis,DesignHub SaaS,5/3/2025,1
CUST-0196,41,Female,Springfield MA,Clinical Administrator,Tablet,Tab Pro 12,Telehealth Consult,ClinicalOS,5/3/2025,3
CUST-0006,28,Male,Springfield MA,Field Technician,Peripheral,BioSensor Band,Vitals Streaming,BioStream API,5/4/2025,2
CUST-0169,39,Female,Springfield MA,Healthcare Professional,Peripheral,Privacy Shield,Screen Privacy,SecureView SaaS,5/4/2025,4
CUST-0246,34,Male,Worcester MA,Clinical Administrator,Tablet,Tab Compact,Field Data Entry,InvTrack Pro,5/5/2025,1
CUST-0414,56,Female,Worcester MA,Practice Manager,Peripheral,Wireless Hub,Device Pairing,ClinicHub Pro,5/5/2025,3
CUST-0241,36,Non-binary,Burlington VT,Practice Manager,Tablet,Tab Compact,Inventory Management,IntakeFlow,5/5/2025,3
CUST-0159,32,Male,Portland ME,Practice Manager,Peripheral,Charging Dock,Fleet Management,PowerDesk SaaS,5/5/2025,1
CUST-0369,33,Female,Providence RI,IT & Technology Staff,Peripheral,Wireless Hub,Clinic Network,ClinicHub Pro,5/5/2025,3
CUST-0229,27,Male,Boston MA,IT & Technology Staff,Tablet,Tab Pro 12,Clinical Documentation,TeleDoc Platform,5/5/2025,1
CUST-0244,43,Female,Burlington VT,Research Scientist,Peripheral,BioSensor Band,Vitals Streaming,VitalsNet SaaS,5/5/2025,2
CUST-0098,56,Non-binary,Manchester NH,Patient / Consumer,Tablet,Tab Pro 12,Clinical Documentation,TeleDoc Platform,5/5/2025,3
CUST-0233,24,Male,Boston MA,Student / Academic,Peripheral,BioSensor Band,Vitals Streaming,BioStream API,5/6/2025,2
CUST-0264,22,Female,Hartford CT,Field Technician,Peripheral,Stylus Pro,E-Signature,SignFlow,5/7/2025,4
CUST-0099,33,Male,Manchester NH,IT & Technology Staff,Peripheral,Wireless Hub,Data Aggregation,ClinicHub Pro,5/7/2025,2
CUST-0014,20,Female,Springfield MA,Clinical Administrator,Smart Watch,Pulse Sport,Sleep Analysis,WellnessCloud,5/7/2025,1
CUST-0071,45,Prefer not to say,Portland ME,Healthcare Professional,Peripheral,BioSensor Band,Remote Monitoring,VitalsNet SaaS,5/7/2025,1
CUST-0360,19,Male,Burlington VT,Student / Academic,Smart Watch,Pulse Sport,Sleep Analysis,WellnessCloud,5/7/2025,2
CUST-0095,45,Male,Bridgeport CT,Patient / Consumer,Smart Watch,Pulse Elite,Health Monitoring,HealthSync Pro,5/7/2025,3
CUST-0271,56,Female,Bridgeport CT,Healthcare Professional,Peripheral,Keyboard Fold,Administrative Tasks,AdminFlow SaaS,5/7/2025,3
CUST-0202,37,Female,Burlington VT,IT & Technology Staff,Tablet,Tab Studio,Creative Workflow,DesignHub SaaS,5/7/2025,1
CUST-0072,45,Male,Hartford CT,IT & Technology Staff,Peripheral,Privacy Shield,Screen Privacy,SecureView SaaS,5/7/2025,2
CUST-0139,39,Female,Burlington VT,IT & Technology Staff,Peripheral,Charging Dock,Multi-Device Charging,PowerDesk SaaS,5/8/2025,2
CUST-0403,42,Female,Burlington VT,Healthcare Professional,Peripheral,BioSensor Band,Vitals Streaming,BioStream API,5/8/2025,6
CUST-0388,43,Male,Hartford CT,Field Technician,Tablet,Tab Compact,Patient Intake,FieldOps SaaS,5/8/2025,3
CUST-0216,64,Male,Portland ME,Patient / Consumer,Smart Watch,Pulse Sport,Sleep Analysis,FitCore SaaS,5/8/2025,1
CUST-0058,22,Male,Portland ME,Student / Academic,Peripheral,Keyboard Fold,Remote Input,AdminFlow SaaS,5/8/2025,2
CUST-0093,40,Male,Concord NH,Patient / Consumer,Peripheral,Keyboard Fold,Remote Input,TeleSetup Pro,5/8/2025,3
CUST-0072,45,Male,Hartford CT,IT & Technology Staff,Peripheral,Wireless Hub,Clinic Network,ClinicHub Pro,5/8/2025,2
CUST-0199,42,Female,Hartford CT,Healthcare Professional,Peripheral,Stylus Pro,E-Signature,SignFlow,5/8/2025,1
CUST-0204,68,Male,Portland ME,Patient / Consumer,Smart Watch,Pulse Elite,Fitness Tracking,FitCore SaaS,5/8/2025,3
CUST-0413,24,Male,Worcester MA,Clinical Administrator,Tablet,Tab Compact,Field Data Entry,InvTrack Pro,5/8/2025,1
CUST-0195,39,Female,Burlington VT,Clinical Administrator,Tablet,Tab Compact,Inventory Management,IntakeFlow,5/8/2025,1
CUST-0236,50,Male,Boston MA,Practice Manager,Peripheral,Charging Dock,Fleet Management,FleetCharge Pro,5/8/2025,2
CUST-0009,44,Male,Concord NH,Patient / Consumer,Tablet,Tab Compact,Inventory Management,FieldOps SaaS,5/9/2025,2
CUST-0246,34,Male,Worcester MA,Clinical Administrator,Peripheral,Privacy Shield,Screen Privacy,SecureView SaaS,5/9/2025,1
CUST-0219,26,Prefer not to say,Bridgeport CT,Field Technician,Peripheral,Stylus Pro,Clinical Note-taking,NoteStream SaaS,5/9/2025,2
CUST-0362,51,Female,Springfield MA,Clinical Administrator,Peripheral,Keyboard Fold,Telehealth Setup,AdminFlow SaaS,5/9/2025,1
CUST-0086,33,Male,Springfield MA,Clinical Administrator,Peripheral,Wireless Hub,Device Pairing,ClinicHub Pro,5/9/2025,2
CUST-0293,30,Prefer not to say,Portland ME,Research Scientist,Tablet,Tab Pro 12,Patient Education,TeleDoc Platform,5/9/2025,1
CUST-0339,36,Female,Portland ME,IT & Technology Staff,Peripheral,Wireless Hub,Data Aggregation,ClinicHub Pro,5/9/2025,7
CUST-0274,44,Female,Portland ME,Practice Manager,Tablet,Tab Compact,Field Data Entry,IntakeFlow,5/9/2025,1
CUST-0231,36,Male,Boston MA,Practice Manager,Tablet,Tab Compact,Field Data Entry,InvTrack Pro,5/9/2025,3
CUST-0165,36,Female,Portland ME,Field Technician,Smart Watch,Pulse Sport,Fitness Tracking,WellnessCloud,5/9/2025,1
CUST-0072,45,Male,Hartford CT,IT & Technology Staff,Peripheral,Keyboard Fold,Administrative Tasks,TeleSetup Pro,5/10/2025,2
CUST-0019,25,Male,Portland ME,IT & Technology Staff,Peripheral,Charging Dock,Fleet Management,FleetCharge Pro,5/10/2025,5
CUST-0130,26,Female,Bridgeport CT,Field Technician,Peripheral,BioSensor Band,Vitals Streaming,BioStream API,5/10/2025,2
CUST-0334,27,Male,Bridgeport CT,IT & Technology Staff,Tablet,Tab Studio,Creative Workflow,DataViz Suite,5/10/2025,1
CUST-0181,34,Male,Worcester MA,Field Technician,Tablet,Tab Studio,Remote Diagnosis,DiagnosticAI,5/10/2025,1
CUST-0330,43,Non-binary,Boston MA,Clinical Administrator,Smart Watch,Pulse Sport,Sleep Analysis,FitCore SaaS,5/11/2025,1
CUST-0365,42,Male,Bridgeport CT,Research Scientist,Peripheral,Stylus Pro,Digital Annotation,SignFlow,5/12/2025,4
CUST-0187,36,Male,Hartford CT,IT & Technology Staff,Peripheral,BioSensor Band,Remote Monitoring,VitalsNet SaaS,5/12/2025,1
CUST-0159,32,Male,Portland ME,Practice Manager,Peripheral,Stylus Pro,Clinical Note-taking,NoteStream SaaS,5/12/2025,2
CUST-0272,29,Male,Portland ME,Practice Manager,Tablet,Tab Studio,Creative Workflow,DiagnosticAI,5/12/2025,1
CUST-0088,25,Male,Worcester MA,Student / Academic,Peripheral,BioSensor Band,Continuous Glucose Monitor,VitalsNet SaaS,5/12/2025,2
CUST-0027,21,Female,Hartford CT,Field Technician,Peripheral,Wireless Hub,Data Aggregation,ClinicHub Pro,5/12/2025,2
CUST-0081,31,Male,Bridgeport CT,IT & Technology Staff,Peripheral,Stylus Pro,Digital Annotation,SignFlow,5/12/2025,2
CUST-0028,36,Male,Portland ME,IT & Technology Staff,Tablet,Tab Studio,Creative Workflow,DataViz Suite,5/12/2025,1
CUST-0367,25,Female,Springfield MA,Student / Academic,Peripheral,Wireless Hub,Clinic Network,ClinicHub Pro,5/12/2025,1
CUST-0396,21,Female,Worcester MA,Student / Academic,Peripheral,BioSensor Band,Remote Monitoring,BioStream API,5/12/2025,2
CUST-0395,29,Female,Worcester MA,Student / Academic,Tablet,Tab Compact,Field Data Entry,FieldOps SaaS,5/12/2025,1
CUST-0248,41,Male,Burlington VT,Patient / Consumer,Smart Watch,Pulse Sport,Sleep Analysis,FitCore SaaS,5/12/2025,1
CUST-0022,31,Female,Burlington VT,IT & Technology Staff,Peripheral,Wireless Hub,Clinic Network,MeshConnect SaaS,5/12/2025,2
CUST-0257,56,Male,Springfield MA,Practice Manager,Peripheral,Keyboard Fold,Administrative Tasks,TeleSetup Pro,5/12/2025,6
CUST-0393,26,Male,Concord NH,Clinical Administrator,Tablet,Tab Compact,Field Data Entry,IntakeFlow,5/13/2025,2
CUST-0263,18,Male,Springfield MA,Patient / Consumer,Smart Watch,Pulse Sport,Activity Logging,FitCore SaaS,5/13/2025,4
CUST-0224,21,Male,Hartford CT,Research Scientist,Peripheral,BioSensor Band,Continuous Glucose Monitor,BioStream API,5/13/2025,1
CUST-0022,31,Female,Burlington VT,IT & Technology Staff,Peripheral,Wireless Hub,Clinic Network,MeshConnect SaaS,5/13/2025,1
CUST-0121,27,Male,Portland ME,Student / Academic,Tablet,Tab Studio,Data Visualisation,DataViz Suite,5/13/2025,1
CUST-0112,23,Male,Portland ME,Student / Academic,Smart Watch,Pulse Sport,Sleep Analysis,FitCore SaaS,5/13/2025,1
CUST-0220,24,Male,Hartford CT,Student / Academic,Peripheral,Stylus Pro,Digital Annotation,NoteStream SaaS,5/14/2025,4
CUST-0396,21,Female,Worcester MA,Student / Academic,Smart Watch,Pulse Sport,Fitness Tracking,WellnessCloud,5/14/2025,1
CUST-0248,41,Male,Burlington VT,Patient / Consumer,Peripheral,Charging Dock,Clinical Stations,PowerDesk SaaS,5/14/2025,1
CUST-0038,20,Male,Providence RI,Clinical Administrator,Peripheral,Wireless Hub,Clinic Network,ClinicHub Pro,5/14/2025,2
CUST-0106,36,Female,Bridgeport CT,IT & Technology Staff,Peripheral,BioSensor Band,Remote Monitoring,VitalsNet SaaS,5/14/2025,1
CUST-0264,22,Female,Hartford CT,Field Technician,Peripheral,Charging Dock,Clinical Stations,FleetCharge Pro,5/14/2025,3
CUST-0167,52,Male,Portland ME,Practice Manager,Peripheral,Keyboard Fold,Remote Input,AdminFlow SaaS,5/14/2025,3
CUST-0361,40,Prefer not to say,Hartford CT,Research Scientist,Tablet,Tab Pro 12,Telehealth Consult,TeleDoc Platform,5/15/2025,4
CUST-0012,44,Female,Hartford CT,Patient / Consumer,Smart Watch,Pulse Sport,Fitness Tracking,FitCore SaaS,5/15/2025,1
CUST-0139,39,Female,Burlington VT,IT & Technology Staff,Tablet,Tab Pro 12,Telehealth Consult,EduHealth SaaS,5/15/2025,1
CUST-0090,49,Male,Manchester NH,Practice Manager,Peripheral,Keyboard Fold,Telehealth Setup,AdminFlow SaaS,5/15/2025,7
CUST-0102,45,Female,Burlington VT,Patient / Consumer,Tablet,Tab Compact,Patient Intake,FieldOps SaaS,5/15/2025,2
CUST-0377,50,Female,Bridgeport CT,Healthcare Professional,Peripheral,Stylus Pro,Clinical Note-taking,NoteStream SaaS,5/16/2025,1
CUST-0089,28,Female,Burlington VT,IT & Technology Staff,Peripheral,Privacy Shield,HIPAA Compliance,ComplianceGuard,5/16/2025,1
CUST-0253,49,Male,Providence RI,IT & Technology Staff,Peripheral,Charging Dock,Multi-Device Charging,PowerDesk SaaS,5/16/2025,2
CUST-0141,55,Male,Worcester MA,Patient / Consumer,Peripheral,Charging Dock,Clinical Stations,PowerDesk SaaS,5/16/2025,3
CUST-0348,25,Female,Hartford CT,Clinical Administrator,Peripheral,Wireless Hub,Device Pairing,ClinicHub Pro,5/16/2025,2
CUST-0167,52,Male,Portland ME,Practice Manager,Smart Watch,Pulse Sport,Sleep Analysis,WellnessCloud,5/16/2025,2
CUST-0159,32,Male,Portland ME,Practice Manager,Smart Watch,Pulse Elite,Health Monitoring,FitCore SaaS,5/16/2025,1
CUST-0353,39,Male,Concord NH,IT & Technology Staff,Peripheral,Charging Dock,Multi-Device Charging,FleetCharge Pro,5/16/2025,2
CUST-0086,33,Male,Springfield MA,Clinical Administrator,Tablet,Tab Pro 12,Patient Education,TeleDoc Platform,5/16/2025,1
CUST-0250,41,Female,Burlington VT,Clinical Administrator,Peripheral,BioSensor Band,Remote Monitoring,BioStream API,5/16/2025,1
CUST-0009,44,Male,Concord NH,Patient / Consumer,Peripheral,Keyboard Fold,Telehealth Setup,AdminFlow SaaS,5/16/2025,4
CUST-0173,29,Female,Worcester MA,Field Technician,Tablet,Tab Compact,Field Data Entry,InvTrack Pro,5/16/2025,2
CUST-0258,34,Female,Concord NH,Healthcare Professional,Peripheral,Privacy Shield,Secure Display,ComplianceGuard,5/16/2025,1
CUST-0035,65,Prefer not to say,Boston MA,Patient / Consumer,Peripheral,Keyboard Fold,Administrative Tasks,AdminFlow SaaS,5/16/2025,3
CUST-0115,34,Female,Providence RI,Research Scientist,Tablet,Tab Studio,Data Visualisation,DiagnosticAI,5/16/2025,1
CUST-0116,32,Male,Concord NH,Field Technician,Tablet,Tab Studio,Remote Diagnosis,DesignHub SaaS,5/18/2025,1
CUST-0083,51,Female,Portland ME,Clinical Administrator,Tablet,Tab Studio,Remote Diagnosis,DataViz Suite,5/19/2025,2
CUST-0081,31,Male,Bridgeport CT,IT & Technology Staff,Peripheral,Keyboard Fold,Telehealth Setup,TeleSetup Pro,5/19/2025,1
CUST-0293,30,Prefer not to say,Portland ME,Research Scientist,Peripheral,BioSensor Band,Vitals Streaming,BioStream API,5/19/2025,1
CUST-0390,21,Male,Burlington VT,Student / Academic,Peripheral,Charging Dock,Fleet Management,PowerDesk SaaS,5/19/2025,1
CUST-0402,30,Female,Bridgeport CT,Research Scientist,Peripheral,Charging Dock,Fleet Management,FleetCharge Pro,5/19/2025,3
CUST-0244,43,Female,Burlington VT,Research Scientist,Peripheral,Stylus Pro,E-Signature,NoteStream SaaS,5/19/2025,1
CUST-0026,24,Male,Hartford CT,Student / Academic,Peripheral,Charging Dock,Fleet Management,FleetCharge Pro,5/19/2025,1
CUST-0382,21,Female,Manchester NH,Student / Academic,Smart Watch,Pulse Sport,Fitness Tracking,WellnessCloud,5/19/2025,1
CUST-0257,56,Male,Springfield MA,Practice Manager,Peripheral,Wireless Hub,Data Aggregation,ClinicHub Pro,5/19/2025,2
CUST-0201,47,Female,Worcester MA,Practice Manager,Tablet,Tab Studio,Data Visualisation,DiagnosticAI,5/19/2025,2
CUST-0145,25,Male,Portland ME,Student / Academic,Peripheral,Stylus Pro,Digital Annotation,NoteStream SaaS,5/19/2025,1
CUST-0142,30,Female,Hartford CT,Student / Academic,Tablet,Tab Pro 12,Patient Education,TeleDoc Platform,5/20/2025,1
CUST-0345,33,Female,Hartford CT,Clinical Administrator,Tablet,Tab Pro 12,Clinical Documentation,EduHealth SaaS,5/20/2025,1
CUST-0224,21,Male,Hartford CT,Research Scientist,Tablet,Tab Pro 12,Clinical Documentation,EduHealth SaaS,5/20/2025,4
CUST-0217,39,Female,Concord NH,Patient / Consumer,Peripheral,Wireless Hub,Clinic Network,ClinicHub Pro,5/20/2025,2
CUST-0185,39,Female,Portland ME,Healthcare Professional,Peripheral,BioSensor Band,Remote Monitoring,BioStream API,5/20/2025,1
CUST-0099,33,Male,Manchester NH,IT & Technology Staff,Tablet,Tab Studio,Remote Diagnosis,DiagnosticAI,5/20/2025,1
CUST-0285,50,Male,Springfield MA,IT & Technology Staff,Peripheral,Wireless Hub,Data Aggregation,MeshConnect SaaS,5/20/2025,5
CUST-0397,24,Prefer not to say,Springfield MA,Healthcare Professional,Peripheral,Stylus Pro,Digital Annotation,NoteStream SaaS,5/20/2025,2
CUST-0269,37,Female,Concord NH,Healthcare Professional,Smart Watch,Pulse Elite,Remote Patient Check-in,HealthSync Pro,5/21/2025,1
CUST-0127,36,Male,Burlington VT,Patient / Consumer,Peripheral,Stylus Pro,Clinical Note-taking,SignFlow,5/21/2025,3
CUST-0178,44,Female,Providence RI,IT & Technology Staff,Peripheral,Keyboard Fold,Administrative Tasks,TeleSetup Pro,5/21/2025,2
CUST-0096,28,Female,Bridgeport CT,Patient / Consumer,Peripheral,Privacy Shield,Screen Privacy,ComplianceGuard,5/21/2025,2
CUST-0106,36,Female,Bridgeport CT,IT & Technology Staff,Tablet,Tab Studio,Data Visualisation,DesignHub SaaS,5/21/2025,1
CUST-0325,35,Male,Boston MA,Patient / Consumer,Smart Watch,Pulse Sport,Fitness Tracking,WellnessCloud,5/21/2025,1
CUST-0414,56,Female,Worcester MA,Practice Manager,Smart Watch,Pulse Elite,Fitness Tracking,HealthSync Pro,5/21/2025,1
CUST-0144,39,Male,Springfield MA,Clinical Administrator,Smart Watch,Pulse Sport,Activity Logging,FitCore SaaS,5/21/2025,3
CUST-0022,31,Female,Burlington VT,IT & Technology Staff,Tablet,Tab Studio,Remote Diagnosis,DiagnosticAI,5/22/2025,1
CUST-0281,45,Non-binary,Providence RI,Practice Manager,Peripheral,Keyboard Fold,Administrative Tasks,AdminFlow SaaS,5/22/2025,6
CUST-0051,38,Female,Worcester MA,Research Scientist,Tablet,Tab Studio,Data Visualisation,DesignHub SaaS,5/22/2025,1
CUST-0201,47,Female,Worcester MA,Practice Manager,Tablet,Tab Pro 12,Telehealth Consult,ClinicalOS,5/22/2025,4
CUST-0407,28,Male,Boston MA,Clinical Administrator,Tablet,Tab Studio,Remote Diagnosis,DiagnosticAI,5/22/2025,1
CUST-0358,41,Female,Portland ME,Practice Manager,Tablet,Tab Studio,Creative Workflow,DesignHub SaaS,5/22/2025,1
CUST-0100,31,Male,Springfield MA,IT & Technology Staff,Peripheral,Charging Dock,Clinical Stations,FleetCharge Pro,5/22/2025,2
CUST-0103,38,Male,Worcester MA,Healthcare Professional,Smart Watch,Pulse Sport,Sleep Analysis,WellnessCloud,5/23/2025,1
CUST-0203,54,Female,Springfield MA,Practice Manager,Tablet,Tab Studio,Data Visualisation,DiagnosticAI,5/23/2025,1
CUST-0270,54,Male,Worcester MA,Patient / Consumer,Peripheral,Wireless Hub,Data Aggregation,ClinicHub Pro,5/23/2025,3
CUST-0037,55,Female,Concord NH,Patient / Consumer,Smart Watch,Pulse Sport,Fitness Tracking,FitCore SaaS,5/23/2025,3
CUST-0055,45,Female,Boston MA,Research Scientist,Tablet,Tab Compact,Field Data Entry,InvTrack Pro,5/23/2025,1
CUST-0197,33,Male,Worcester MA,Healthcare Professional,Smart Watch,Pulse Elite,Remote Patient Check-in,HealthSync Pro,5/23/2025,1
CUST-0150,38,Female,Worcester MA,Research Scientist,Tablet,Tab Studio,Data Visualisation,DataViz Suite,5/23/2025,2
CUST-0208,26,Male,Portland ME,Student / Academic,Tablet,Tab Pro 12,Clinical Documentation,TeleDoc Platform,5/23/2025,1
CUST-0413,24,Male,Worcester MA,Clinical Administrator,Peripheral,Charging Dock,Fleet Management,FleetCharge Pro,5/23/2025,2
CUST-0222,21,Female,Concord NH,Clinical Administrator,Tablet,Tab Pro 12,Clinical Documentation,ClinicalOS,5/23/2025,1
CUST-0280,32,Prefer not to say,Manchester NH,Research Scientist,Smart Watch,Pulse Elite,Health Monitoring,HealthSync Pro,5/23/2025,1
CUST-0140,21,Female,Boston MA,Field Technician,Peripheral,Privacy Shield,Secure Display,SecureView SaaS,5/23/2025,2
CUST-0416,31,Male,Manchester NH,Clinical Administrator,Tablet,Tab Pro 12,Telehealth Consult,ClinicalOS,5/24/2025,1
CUST-0346,44,Female,Bridgeport CT,Healthcare Professional,Peripheral,Stylus Pro,Digital Annotation,NoteStream SaaS,5/24/2025,1
CUST-0346,44,Female,Bridgeport CT,Healthcare Professional,Peripheral,BioSensor Band,Remote Monitoring,BioStream API,5/25/2025,1
CUST-0356,22,Non-binary,Burlington VT,Field Technician,Peripheral,Wireless Hub,Device Pairing,MeshConnect SaaS,5/25/2025,6
CUST-0157,43,Female,Bridgeport CT,Field Technician,Tablet,Tab Compact,Field Data Entry,IntakeFlow,5/26/2025,1
CUST-0262,43,Female,Hartford CT,Practice Manager,Smart Watch,Pulse Elite,Health Monitoring,FitCore SaaS,5/26/2025,1
CUST-0403,42,Female,Burlington VT,Healthcare Professional,Peripheral,BioSensor Band,Remote Monitoring,VitalsNet SaaS,5/26/2025,3
CUST-0102,45,Female,Burlington VT,Patient / Consumer,Tablet,Tab Studio,Creative Workflow,DataViz Suite,5/26/2025,1
CUST-0083,51,Female,Portland ME,Clinical Administrator,Peripheral,Keyboard Fold,Remote Input,AdminFlow SaaS,5/26/2025,3
CUST-0038,20,Male,Providence RI,Clinical Administrator,Peripheral,Wireless Hub,Data Aggregation,ClinicHub Pro,5/26/2025,1
CUST-0081,31,Male,Bridgeport CT,IT & Technology Staff,Smart Watch,Pulse Elite,Remote Patient Check-in,HealthSync Pro,5/26/2025,1
CUST-0153,25,Male,Bridgeport CT,Field Technician,Tablet,Tab Compact,Inventory Management,IntakeFlow,5/27/2025,1
CUST-0411,44,Female,Providence RI,Clinical Administrator,Smart Watch,Pulse Elite,Health Monitoring,HealthSync Pro,5/27/2025,1
CUST-0129,24,Female,Concord NH,Student / Academic,Peripheral,Charging Dock,Clinical Stations,PowerDesk SaaS,5/28/2025,2
CUST-0213,53,Female,Portland ME,Practice Manager,Peripheral,Privacy Shield,HIPAA Compliance,SecureView SaaS,5/28/2025,2
CUST-0323,19,Female,Burlington VT,Student / Academic,Peripheral,BioSensor Band,Vitals Streaming,VitalsNet SaaS,5/28/2025,1
CUST-0170,24,Female,Concord NH,Field Technician,Peripheral,Privacy Shield,Screen Privacy,ComplianceGuard,5/28/2025,5
CUST-0075,18,Non-binary,Hartford CT,Patient / Consumer,Smart Watch,Pulse Elite,Remote Patient Check-in,FitCore SaaS,5/28/2025,1
CUST-0354,28,Female,Providence RI,Field Technician,Tablet,Tab Studio,Remote Diagnosis,DataViz Suite,5/28/2025,1
CUST-0370,31,Female,Boston MA,Clinical Administrator,Tablet,Tab Pro 12,Clinical Documentation,ClinicalOS,5/28/2025,2
CUST-0007,77,Female,Boston MA,Patient / Consumer,Smart Watch,Pulse Elite,Remote Patient Check-in,FitCore SaaS,5/29/2025,1
CUST-0361,40,Prefer not to say,Hartford CT,Research Scientist,Tablet,Tab Studio,Creative Workflow,DiagnosticAI,5/29/2025,1
CUST-0003,43,Female,Boston MA,Clinical Administrator,Tablet,Tab Compact,Inventory Management,InvTrack Pro,5/29/2025,2
CUST-0230,62,Female,Providence RI,Patient / Consumer,Smart Watch,Pulse Elite,Fitness Tracking,FitCore SaaS,5/29/2025,2
CUST-0294,35,Male,Worcester MA,Field Technician,Peripheral,Privacy Shield,Secure Display,SecureView SaaS,5/29/2025,1
CUST-0236,50,Male,Boston MA,Practice Manager,Smart Watch,Pulse Sport,Fitness Tracking,WellnessCloud,5/30/2025,1
CUST-0260,49,Prefer not to say,Burlington VT,Healthcare Professional,Peripheral,Privacy Shield,Screen Privacy,ComplianceGuard,5/30/2025,2
CUST-0317,50,Non-binary,Bridgeport CT,Practice Manager,Peripheral,Keyboard Fold,Administrative Tasks,TeleSetup Pro,5/30/2025,3
CUST-0131,24,Male,Springfield MA,Clinical Administrator,Peripheral,Charging Dock,Multi-Device Charging,PowerDesk SaaS,5/30/2025,2
CUST-0258,34,Female,Concord NH,Healthcare Professional,Peripheral,Keyboard Fold,Telehealth Setup,TeleSetup Pro,5/30/2025,2
CUST-0076,65,Male,Bridgeport CT,Patient / Consumer,Peripheral,Keyboard Fold,Remote Input,TeleSetup Pro,5/30/2025,1
CUST-0120,42,Male,Hartford CT,Research Scientist,Peripheral,Keyboard Fold,Administrative Tasks,TeleSetup Pro,5/31/2025,2
CUST-0260,49,Prefer not to say,Burlington VT,Healthcare Professional,Smart Watch,Pulse Elite,Fitness Tracking,HealthSync Pro,5/31/2025,1
CUST-0280,32,Prefer not to say,Manchester NH,Research Scientist,Peripheral,Charging Dock,Fleet Management,PowerDesk SaaS,5/31/2025,1
CUST-0067,43,Male,Providence RI,Practice Manager,Tablet,Tab Compact,Patient Intake,InvTrack Pro,5/31/2025,1
CUST-0335,28,Female,Burlington VT,Student / Academic,Tablet,Tab Studio,Creative Workflow,DesignHub SaaS,5/31/2025,1
CUST-0162,51,Male,Burlington VT,Practice Manager,Peripheral,Keyboard Fold,Remote Input,AdminFlow SaaS,6/1/2025,2
CUST-0276,48,Female,Hartford CT,Practice Manager,Tablet,Tab Pro 12,Telehealth Consult,TeleDoc Platform,6/2/2025,2
CUST-0229,27,Male,Boston MA,IT & Technology Staff,Tablet,Tab Studio,Remote Diagnosis,DesignHub SaaS,6/2/2025,3
CUST-0275,36,Female,Burlington VT,Patient / Consumer,Peripheral,Keyboard Fold,Administrative Tasks,TeleSetup Pro,6/2/2025,1
CUST-0225,44,Female,Bridgeport CT,Patient / Consumer,Tablet,Tab Compact,Inventory Management,InvTrack Pro,6/2/2025,1
CUST-0075,18,Non-binary,Hartford CT,Patient / Consumer,Smart Watch,Pulse Sport,Sleep Analysis,WellnessCloud,6/2/2025,1
CUST-0265,35,Female,Worcester MA,Clinical Administrator,Smart Watch,Pulse Sport,Activity Logging,WellnessCloud,6/2/2025,2
CUST-0133,31,Female,Bridgeport CT,Healthcare Professional,Tablet,Tab Pro 12,Clinical Documentation,ClinicalOS,6/3/2025,4
CUST-0351,56,Prefer not to say,Manchester NH,Patient / Consumer,Peripheral,Privacy Shield,Screen Privacy,SecureView SaaS,6/3/2025,4
CUST-0148,30,Female,Manchester NH,Practice Manager,Tablet,Tab Pro 12,Telehealth Consult,EduHealth SaaS,6/3/2025,2
CUST-0406,37,Female,Worcester MA,IT & Technology Staff,Peripheral,Keyboard Fold,Remote Input,TeleSetup Pro,6/3/2025,6
CUST-0181,34,Male,Worcester MA,Field Technician,Tablet,Tab Compact,Patient Intake,IntakeFlow,6/4/2025,4
CUST-0127,36,Male,Burlington VT,Patient / Consumer,Peripheral,BioSensor Band,Continuous Glucose Monitor,BioStream API,6/4/2025,2
CUST-0257,56,Male,Springfield MA,Practice Manager,Peripheral,Wireless Hub,Clinic Network,ClinicHub Pro,6/4/2025,1
CUST-0395,29,Female,Worcester MA,Student / Academic,Peripheral,Stylus Pro,Digital Annotation,NoteStream SaaS,6/4/2025,2
CUST-0390,21,Male,Burlington VT,Student / Academic,Peripheral,BioSensor Band,Continuous Glucose Monitor,BioStream API,6/4/2025,1
CUST-0033,29,Female,Worcester MA,Field Technician,Peripheral,BioSensor Band,Remote Monitoring,VitalsNet SaaS,6/4/2025,4
CUST-0342,44,Male,Manchester NH,Healthcare Professional,Peripheral,Stylus Pro,Clinical Note-taking,NoteStream SaaS,6/4/2025,3
CUST-0407,28,Male,Boston MA,Clinical Administrator,Tablet,Tab Compact,Patient Intake,FieldOps SaaS,6/4/2025,1
CUST-0415,57,Male,Bridgeport CT,Patient / Consumer,Smart Watch,Pulse Elite,Remote Patient Check-in,FitCore SaaS,6/4/2025,1
CUST-0337,38,Female,Concord NH,Patient / Consumer,Smart Watch,Pulse Sport,Sleep Analysis,FitCore SaaS,6/5/2025,2
CUST-0030,27,Male,Providence RI,Field Technician,Smart Watch,Pulse Sport,Sleep Analysis,FitCore SaaS,6/5/2025,2
CUST-0237,18,Male,Springfield MA,IT & Technology Staff,Tablet,Tab Studio,Data Visualisation,DesignHub SaaS,6/5/2025,2
CUST-0402,30,Female,Bridgeport CT,Research Scientist,Peripheral,BioSensor Band,Remote Monitoring,BioStream API,6/5/2025,3
CUST-0120,42,Male,Hartford CT,Research Scientist,Peripheral,Stylus Pro,E-Signature,SignFlow,6/6/2025,2
CUST-0079,42,Female,Boston MA,Healthcare Professional,Smart Watch,Pulse Elite,Fitness Tracking,FitCore SaaS,6/6/2025,1
CUST-0418,45,Female,Burlington VT,Practice Manager,Peripheral,Privacy Shield,HIPAA Compliance,SecureView SaaS,6/6/2025,4
CUST-0190,20,Female,Manchester NH,IT & Technology Staff,Smart Watch,Pulse Elite,Remote Patient Check-in,HealthSync Pro,6/6/2025,4
CUST-0409,30,Male,Concord NH,Field Technician,Peripheral,Wireless Hub,Clinic Network,MeshConnect SaaS,6/6/2025,1
CUST-0021,44,Female,Portland ME,IT & Technology Staff,Tablet,Tab Studio,Remote Diagnosis,DiagnosticAI,6/7/2025,2
CUST-0193,31,Male,Portland ME,Field Technician,Peripheral,Charging Dock,Clinical Stations,PowerDesk SaaS,6/7/2025,1
CUST-0413,24,Male,Worcester MA,Clinical Administrator,Peripheral,Charging Dock,Multi-Device Charging,FleetCharge Pro,6/9/2025,4
CUST-0092,46,Male,Portland ME,Clinical Administrator,Peripheral,Charging Dock,Clinical Stations,FleetCharge Pro,6/9/2025,1
CUST-0212,48,Male,Worcester MA,Clinical Administrator,Tablet,Tab Pro 12,Clinical Documentation,ClinicalOS,6/9/2025,5
CUST-0257,56,Male,Springfield MA,Practice Manager,Peripheral,Charging Dock,Fleet Management,FleetCharge Pro,6/9/2025,2
CUST-0350,31,Male,Boston MA,IT & Technology Staff,Peripheral,Charging Dock,Multi-Device Charging,FleetCharge Pro,6/9/2025,6
CUST-0121,27,Male,Portland ME,Student / Academic,Smart Watch,Pulse Sport,Fitness Tracking,WellnessCloud,6/10/2025,3
CUST-0362,51,Female,Springfield MA,Clinical Administrator,Peripheral,Wireless Hub,Device Pairing,MeshConnect SaaS,6/10/2025,1
CUST-0022,31,Female,Burlington VT,IT & Technology Staff,Peripheral,Privacy Shield,Secure Display,ComplianceGuard,6/10/2025,5
CUST-0294,35,Male,Worcester MA,Field Technician,Tablet,Tab Compact,Inventory Management,IntakeFlow,6/10/2025,1
CUST-0089,28,Female,Burlington VT,IT & Technology Staff,Peripheral,Charging Dock,Fleet Management,FleetCharge Pro,6/10/2025,2
CUST-0378,54,Female,Boston MA,Patient / Consumer,Smart Watch,Pulse Sport,Activity Logging,FitCore SaaS,6/11/2025,1
CUST-0252,44,Female,Burlington VT,Research Scientist,Peripheral,Stylus Pro,E-Signature,NoteStream SaaS,6/11/2025,1
CUST-0103,38,Male,Worcester MA,Healthcare Professional,Peripheral,Stylus Pro,E-Signature,NoteStream SaaS,6/11/2025,1
CUST-0092,46,Male,Portland ME,Clinical Administrator,Peripheral,Wireless Hub,Device Pairing,ClinicHub Pro,6/11/2025,1
CUST-0046,31,Male,Hartford CT,Clinical Administrator,Tablet,Tab Studio,Remote Diagnosis,DiagnosticAI,6/11/2025,2
CUST-0256,44,Female,Burlington VT,Patient / Consumer,Smart Watch,Pulse Elite,Remote Patient Check-in,FitCore SaaS,6/12/2025,1
CUST-0052,22,Male,Bridgeport CT,Student / Academic,Tablet,Tab Pro 12,Telehealth Consult,TeleDoc Platform,6/12/2025,3
CUST-0224,21,Male,Hartford CT,Research Scientist,Tablet,Tab Pro 12,Patient Education,EduHealth SaaS,6/12/2025,2
CUST-0159,32,Male,Portland ME,Practice Manager,Tablet,Tab Pro 12,Telehealth Consult,EduHealth SaaS,6/13/2025,1
CUST-0169,39,Female,Springfield MA,Healthcare Professional,Peripheral,Keyboard Fold,Telehealth Setup,AdminFlow SaaS,6/13/2025,3
CUST-0237,18,Male,Springfield MA,IT & Technology Staff,Peripheral,Wireless Hub,Data Aggregation,ClinicHub Pro,6/13/2025,1
CUST-0232,55,Female,Hartford CT,Patient / Consumer,Smart Watch,Pulse Sport,Activity Logging,WellnessCloud,6/13/2025,1
CUST-0183,31,Female,Boston MA,Healthcare Professional,Peripheral,BioSensor Band,Continuous Glucose Monitor,VitalsNet SaaS,6/13/2025,3
CUST-0324,62,Prefer not to say,Worcester MA,Healthcare Professional,Peripheral,Privacy Shield,Secure Display,ComplianceGuard,6/13/2025,4
CUST-0375,65,Female,Bridgeport CT,Practice Manager,Smart Watch,Pulse Elite,Health Monitoring,HealthSync Pro,6/14/2025,1
CUST-0086,33,Male,Springfield MA,Clinical Administrator,Peripheral,Charging Dock,Clinical Stations,FleetCharge Pro,6/15/2025,4
CUST-0167,52,Male,Portland ME,Practice Manager,Peripheral,Wireless Hub,Device Pairing,ClinicHub Pro,6/15/2025,1
CUST-0289,56,Female,Springfield MA,Patient / Consumer,Peripheral,Stylus Pro,Digital Annotation,SignFlow,6/16/2025,6
CUST-0316,44,Male,Boston MA,Practice Manager,Peripheral,Charging Dock,Multi-Device Charging,FleetCharge Pro,6/16/2025,3
CUST-0012,44,Female,Hartford CT,Patient / Consumer,Smart Watch,Pulse Sport,Fitness Tracking,FitCore SaaS,6/16/2025,1
CUST-0200,27,Male,Concord NH,Clinical Administrator,Peripheral,Keyboard Fold,Remote Input,TeleSetup Pro,6/16/2025,5
CUST-0206,27,Female,Springfield MA,Research Scientist,Smart Watch,Pulse Sport,Sleep Analysis,FitCore SaaS,6/16/2025,1
CUST-0351,56,Prefer not to say,Manchester NH,Patient / Consumer,Smart Watch,Pulse Sport,Sleep Analysis,WellnessCloud,6/16/2025,3
CUST-0157,43,Female,Bridgeport CT,Field Technician,Smart Watch,Pulse Sport,Sleep Analysis,WellnessCloud,6/17/2025,1
CUST-0180,60,Female,Concord NH,Research Scientist,Peripheral,BioSensor Band,Remote Monitoring,BioStream API,6/17/2025,2
CUST-0058,22,Male,Portland ME,Student / Academic,Smart Watch,Pulse Sport,Fitness Tracking,FitCore SaaS,6/17/2025,2
CUST-0170,24,Female,Concord NH,Field Technician,Tablet,Tab Compact,Field Data Entry,IntakeFlow,6/17/2025,1
CUST-0249,80,Female,Hartford CT,Patient / Consumer,Smart Watch,Pulse Sport,Fitness Tracking,WellnessCloud,6/17/2025,1
CUST-0265,35,Female,Worcester MA,Clinical Administrator,Tablet,Tab Pro 12,Telehealth Consult,ClinicalOS,6/17/2025,1
CUST-0359,25,Male,Concord NH,Student / Academic,Peripheral,Keyboard Fold,Telehealth Setup,AdminFlow SaaS,6/17/2025,2
CUST-0085,28,Female,Boston MA,Research Scientist,Smart Watch,Pulse Elite,Remote Patient Check-in,HealthSync Pro,6/17/2025,2
CUST-0037,55,Female,Concord NH,Patient / Consumer,Tablet,Tab Pro 12,Telehealth Consult,ClinicalOS,6/18/2025,1
CUST-0072,45,Male,Hartford CT,IT & Technology Staff,Peripheral,Privacy Shield,HIPAA Compliance,ComplianceGuard,6/18/2025,4
CUST-0202,37,Female,Burlington VT,IT & Technology Staff,Peripheral,Stylus Pro,Clinical Note-taking,NoteStream SaaS,6/18/2025,1
CUST-0196,41,Female,Springfield MA,Clinical Administrator,Peripheral,Wireless Hub,Clinic Network,MeshConnect SaaS,6/18/2025,4
CUST-0417,76,Female,Springfield MA,Patient / Consumer,Peripheral,Wireless Hub,Data Aggregation,ClinicHub Pro,6/18/2025,1
CUST-0299,45,Female,Hartford CT,Clinical Administrator,Tablet,Tab Pro 12,Telehealth Consult,TeleDoc Platform,6/18/2025,3
CUST-0288,61,Female,Burlington VT,Patient / Consumer,Peripheral,Privacy Shield,HIPAA Compliance,ComplianceGuard,6/18/2025,4
CUST-0177,42,Male,Worcester MA,Healthcare Professional,Tablet,Tab Pro 12,Patient Education,EduHealth SaaS,6/18/2025,1
CUST-0412,24,Female,Boston MA,IT & Technology Staff,Tablet,Tab Studio,Creative Workflow,DataViz Suite,6/19/2025,1
CUST-0283,77,Male,Hartford CT,Patient / Consumer,Smart Watch,Pulse Sport,Sleep Analysis,FitCore SaaS,6/19/2025,1
CUST-0364,39,Prefer not to say,Springfield MA,Research Scientist,Peripheral,Stylus Pro,Digital Annotation,SignFlow,6/19/2025,1
CUST-0323,19,Female,Burlington VT,Student / Academic,Smart Watch,Pulse Sport,Activity Logging,WellnessCloud,6/20/2025,1
CUST-0323,19,Female,Burlington VT,Student / Academic,Peripheral,Stylus Pro,Clinical Note-taking,NoteStream SaaS,6/20/2025,3
CUST-0182,38,Female,Hartford CT,Patient / Consumer,Peripheral,Keyboard Fold,Remote Input,AdminFlow SaaS,6/20/2025,3
CUST-0014,20,Female,Springfield MA,Clinical Administrator,Tablet,Tab Compact,Patient Intake,FieldOps SaaS,6/20/2025,4
CUST-0161,34,Female,Burlington VT,Practice Manager,Peripheral,Wireless Hub,Device Pairing,MeshConnect SaaS,6/21/2025,4
CUST-0069,47,Female,Bridgeport CT,Practice Manager,Peripheral,Privacy Shield,Secure Display,SecureView SaaS,6/21/2025,7
CUST-0038,20,Male,Providence RI,Clinical Administrator,Tablet,Tab Studio,Creative Workflow,DesignHub SaaS,6/21/2025,3
CUST-0074,45,Male,Worcester MA,IT & Technology Staff,Smart Watch,Pulse Sport,Activity Logging,FitCore SaaS,6/21/2025,2
CUST-0111,21,Male,Boston MA,Patient / Consumer,Smart Watch,Pulse Elite,Remote Patient Check-in,FitCore SaaS,6/21/2025,1
CUST-0371,33,Male,Portland ME,IT & Technology Staff,Smart Watch,Pulse Sport,Activity Logging,FitCore SaaS,6/22/2025,1
CUST-0047,33,Prefer not to say,Bridgeport CT,Clinical Administrator,Tablet,Tab Pro 12,Telehealth Consult,EduHealth SaaS,6/23/2025,1
CUST-0034,22,Female,Hartford CT,Field Technician,Peripheral,BioSensor Band,Continuous Glucose Monitor,VitalsNet SaaS,6/23/2025,3
CUST-0012,44,Female,Hartford CT,Patient / Consumer,Smart Watch,Pulse Sport,Sleep Analysis,FitCore SaaS,6/23/2025,2
CUST-0406,37,Female,Worcester MA,IT & Technology Staff,Peripheral,Wireless Hub,Device Pairing,MeshConnect SaaS,6/23/2025,5
CUST-0330,43,Non-binary,Boston MA,Clinical Administrator,Tablet,Tab Compact,Field Data Entry,InvTrack Pro,6/23/2025,1
CUST-0102,45,Female,Burlington VT,Patient / Consumer,Peripheral,Privacy Shield,Screen Privacy,ComplianceGuard,6/23/2025,1
CUST-0016,36,Female,Burlington VT,Healthcare Professional,Peripheral,Privacy Shield,Secure Display,ComplianceGuard,6/23/2025,3
CUST-0062,28,Male,Manchester NH,Field Technician,Smart Watch,Pulse Elite,Health Monitoring,HealthSync Pro,6/24/2025,1
CUST-0083,51,Female,Portland ME,Clinical Administrator,Tablet,Tab Pro 12,Clinical Documentation,TeleDoc Platform,6/24/2025,1
CUST-0229,27,Male,Boston MA,IT & Technology Staff,Peripheral,Wireless Hub,Data Aggregation,MeshConnect SaaS,6/24/2025,2
CUST-0384,21,Male,Springfield MA,Student / Academic,Peripheral,Privacy Shield,Screen Privacy,SecureView SaaS,6/24/2025,1
CUST-0117,29,Female,Portland ME,Field Technician,Tablet,Tab Pro 12,Telehealth Consult,ClinicalOS,6/25/2025,1
CUST-0173,29,Female,Worcester MA,Field Technician,Peripheral,Privacy Shield,HIPAA Compliance,SecureView SaaS,6/25/2025,2
CUST-0303,44,Female,Bridgeport CT,Clinical Administrator,Peripheral,Privacy Shield,Secure Display,SecureView SaaS,6/25/2025,2
CUST-0329,61,Female,Providence RI,Patient / Consumer,Tablet,Tab Studio,Remote Diagnosis,DataViz Suite,6/25/2025,3
CUST-0086,33,Male,Springfield MA,Clinical Administrator,Tablet,Tab Compact,Inventory Management,IntakeFlow,6/26/2025,2
CUST-0242,29,Male,Springfield MA,Field Technician,Smart Watch,Pulse Sport,Activity Logging,WellnessCloud,6/26/2025,1
CUST-0333,53,Male,Worcester MA,Patient / Consumer,Tablet,Tab Pro 12,Clinical Documentation,TeleDoc Platform,6/26/2025,1
CUST-0081,31,Male,Bridgeport CT,IT & Technology Staff,Peripheral,BioSensor Band,Vitals Streaming,BioStream API,6/26/2025,1
CUST-0195,39,Female,Burlington VT,Clinical Administrator,Tablet,Tab Pro 12,Clinical Documentation,EduHealth SaaS,6/26/2025,1
CUST-0184,26,Male,Manchester NH,Student / Academic,Tablet,Tab Studio,Remote Diagnosis,DataViz Suite,6/26/2025,1
CUST-0016,36,Female,Burlington VT,Healthcare Professional,Smart Watch,Pulse Elite,Fitness Tracking,FitCore SaaS,6/26/2025,1
CUST-0377,50,Female,Bridgeport CT,Healthcare Professional,Peripheral,Keyboard Fold,Administrative Tasks,AdminFlow SaaS,6/27/2025,1
CUST-0086,33,Male,Springfield MA,Clinical Administrator,Peripheral,Wireless Hub,Clinic Network,ClinicHub Pro,6/27/2025,4
CUST-0042,37,Male,Providence RI,Research Scientist,Tablet,Tab Compact,Inventory Management,InvTrack Pro,6/27/2025,2
CUST-0384,21,Male,Springfield MA,Student / Academic,Tablet,Tab Compact,Field Data Entry,FieldOps SaaS,6/27/2025,2
CUST-0382,21,Female,Manchester NH,Student / Academic,Peripheral,BioSensor Band,Remote Monitoring,VitalsNet SaaS,6/27/2025,1
CUST-0005,39,Female,Bridgeport CT,Healthcare Professional,Smart Watch,Pulse Elite,Health Monitoring,HealthSync Pro,6/28/2025,1
CUST-0054,43,Male,Springfield MA,Clinical Administrator,Peripheral,BioSensor Band,Remote Monitoring,BioStream API,6/28/2025,2
CUST-0271,56,Female,Bridgeport CT,Healthcare Professional,Peripheral,BioSensor Band,Remote Monitoring,BioStream API,6/28/2025,2
CUST-0402,30,Female,Bridgeport CT,Research Scientist,Peripheral,BioSensor Band,Continuous Glucose Monitor,VitalsNet SaaS,6/29/2025,5
CUST-0050,18,Prefer not to say,Bridgeport CT,Field Technician,Smart Watch,Pulse Sport,Sleep Analysis,FitCore SaaS,6/29/2025,1
CUST-0216,64,Male,Portland ME,Patient / Consumer,Peripheral,Privacy Shield,HIPAA Compliance,ComplianceGuard,6/29/2025,2
CUST-0125,34,Female,Bridgeport CT,Field Technician,Smart Watch,Pulse Sport,Sleep Analysis,FitCore SaaS,6/30/2025,1
CUST-0273,29,Female,Hartford CT,Student / Academic,Peripheral,Charging Dock,Clinical Stations,PowerDesk SaaS,6/30/2025,1
CUST-0121,27,Male,Portland ME,Student / Academic,Tablet,Tab Studio,Remote Diagnosis,DesignHub SaaS,6/30/2025,1
CUST-0139,39,Female,Burlington VT,IT & Technology Staff,Peripheral,BioSensor Band,Vitals Streaming,VitalsNet SaaS,6/30/2025,2
CUST-0238,54,Male,Portland ME,Patient / Consumer,Smart Watch,Pulse Sport,Activity Logging,WellnessCloud,6/30/2025,1
CUST-0197,33,Male,Worcester MA,Healthcare Professional,Tablet,Tab Pro 12,Telehealth Consult,TeleDoc Platform,7/1/2025,1
CUST-0154,46,Male,Portland ME,Practice Manager,Tablet,Tab Compact,Inventory Management,FieldOps SaaS,7/1/2025,1
CUST-0366,32,Female,Portland ME,Research Scientist,Tablet,Tab Pro 12,Telehealth Consult,TeleDoc Platform,7/1/2025,1
CUST-0277,39,Male,Springfield MA,Clinical Administrator,Tablet,Tab Studio,Creative Workflow,DataViz Suite,7/2/2025,3
CUST-0028,36,Male,Portland ME,IT & Technology Staff,Peripheral,Stylus Pro,Digital Annotation,NoteStream SaaS,7/2/2025,1
CUST-0334,27,Male,Bridgeport CT,IT & Technology Staff,Smart Watch,Pulse Elite,Remote Patient Check-in,FitCore SaaS,7/2/2025,1
CUST-0348,25,Female,Hartford CT,Clinical Administrator,Peripheral,Privacy Shield,HIPAA Compliance,ComplianceGuard,7/2/2025,1
CUST-0308,38,Male,Burlington VT,Practice Manager,Peripheral,BioSensor Band,Vitals Streaming,BioStream API,7/3/2025,1
CUST-0337,38,Female,Concord NH,Patient / Consumer,Peripheral,Privacy Shield,HIPAA Compliance,ComplianceGuard,7/3/2025,2
CUST-0009,44,Male,Concord NH,Patient / Consumer,Peripheral,BioSensor Band,Remote Monitoring,VitalsNet SaaS,7/3/2025,5
CUST-0010,42,Male,Manchester NH,Clinical Administrator,Peripheral,Keyboard Fold,Remote Input,AdminFlow SaaS,7/4/2025,4
CUST-0301,26,Male,Burlington VT,IT & Technology Staff,Peripheral,Keyboard Fold,Administrative Tasks,TeleSetup Pro,7/4/2025,2
CUST-0317,50,Non-binary,Bridgeport CT,Practice Manager,Peripheral,Wireless Hub,Clinic Network,MeshConnect SaaS,7/4/2025,3
CUST-0208,26,Male,Portland ME,Student / Academic,Peripheral,Keyboard Fold,Remote Input,TeleSetup Pro,7/4/2025,2
CUST-0122,27,Male,Portland ME,Research Scientist,Peripheral,Stylus Pro,Clinical Note-taking,NoteStream SaaS,7/4/2025,3
CUST-0246,34,Male,Worcester MA,Clinical Administrator,Peripheral,Charging Dock,Clinical Stations,PowerDesk SaaS,7/4/2025,1
CUST-0176,50,Non-binary,Springfield MA,Healthcare Professional,Tablet,Tab Studio,Remote Diagnosis,DataViz Suite,7/4/2025,1
CUST-0069,47,Female,Bridgeport CT,Practice Manager,Smart Watch,Pulse Elite,Health Monitoring,HealthSync Pro,7/4/2025,2
CUST-0107,43,Female,Manchester NH,Field Technician,Peripheral,Privacy Shield,Secure Display,SecureView SaaS,7/4/2025,2
CUST-0234,41,Non-binary,Hartford CT,Patient / Consumer,Smart Watch,Pulse Elite,Health Monitoring,FitCore SaaS,7/4/2025,1
CUST-0114,47,Prefer not to say,Providence RI,Field Technician,Peripheral,Stylus Pro,Clinical Note-taking,SignFlow,7/5/2025,4
CUST-0120,42,Male,Hartford CT,Research Scientist,Smart Watch,Pulse Elite,Health Monitoring,FitCore SaaS,7/6/2025,4
CUST-0238,54,Male,Portland ME,Patient / Consumer,Peripheral,Stylus Pro,E-Signature,SignFlow,7/7/2025,2
CUST-0319,57,Female,Worcester MA,Patient / Consumer,Peripheral,BioSensor Band,Remote Monitoring,VitalsNet SaaS,7/7/2025,5
CUST-0348,25,Female,Hartford CT,Clinical Administrator,Peripheral,BioSensor Band,Remote Monitoring,BioStream API,7/7/2025,5
CUST-0283,77,Male,Hartford CT,Patient / Consumer,Peripheral,BioSensor Band,Remote Monitoring,VitalsNet SaaS,7/7/2025,1
CUST-0189,35,Female,Concord NH,Practice Manager,Peripheral,Privacy Shield,HIPAA Compliance,SecureView SaaS,7/7/2025,3
CUST-0075,18,Non-binary,Hartford CT,Patient / Consumer,Peripheral,Keyboard Fold,Administrative Tasks,AdminFlow SaaS,7/7/2025,2
CUST-0169,39,Female,Springfield MA,Healthcare Professional,Peripheral,BioSensor Band,Vitals Streaming,BioStream API,7/7/2025,4
CUST-0158,48,Female,Hartford CT,Practice Manager,Peripheral,BioSensor Band,Continuous Glucose Monitor,BioStream API,7/8/2025,4
CUST-0184,26,Male,Manchester NH,Student / Academic,Smart Watch,Pulse Elite,Health Monitoring,HealthSync Pro,7/8/2025,2
CUST-0335,28,Female,Burlington VT,Student / Academic,Peripheral,BioSensor Band,Continuous Glucose Monitor,VitalsNet SaaS,7/8/2025,3
CUST-0084,26,Male,Springfield MA,Field Technician,Smart Watch,Pulse Sport,Sleep Analysis,WellnessCloud,7/8/2025,1
CUST-0399,34,Male,Hartford CT,Research Scientist,Tablet,Tab Compact,Patient Intake,FieldOps SaaS,7/8/2025,1
CUST-0420,42,Male,Burlington VT,Healthcare Professional,Smart Watch,Pulse Elite,Fitness Tracking,FitCore SaaS,7/8/2025,2
CUST-0131,24,Male,Springfield MA,Clinical Administrator,Peripheral,BioSensor Band,Continuous Glucose Monitor,BioStream API,7/8/2025,1
CUST-0038,20,Male,Providence RI,Clinical Administrator,Tablet,Tab Pro 12,Patient Education,EduHealth SaaS,7/9/2025,2
CUST-0024,23,Female,Concord NH,Research Scientist,Peripheral,BioSensor Band,Remote Monitoring,BioStream API,7/9/2025,1
CUST-0190,20,Female,Manchester NH,IT & Technology Staff,Peripheral,BioSensor Band,Remote Monitoring,BioStream API,7/10/2025,1
CUST-0280,32,Prefer not to say,Manchester NH,Research Scientist,Peripheral,Wireless Hub,Device Pairing,MeshConnect SaaS,7/10/2025,5
CUST-0290,37,Female,Hartford CT,Practice Manager,Tablet,Tab Pro 12,Telehealth Consult,EduHealth SaaS,7/10/2025,2
CUST-0100,31,Male,Springfield MA,IT & Technology Staff,Peripheral,Privacy Shield,Screen Privacy,SecureView SaaS,7/10/2025,4
CUST-0060,40,Female,Springfield MA,IT & Technology Staff,Peripheral,Privacy Shield,Secure Display,ComplianceGuard,7/10/2025,2
CUST-0160,62,Female,Bridgeport CT,Patient / Consumer,Tablet,Tab Studio,Data Visualisation,DesignHub SaaS,7/10/2025,1
CUST-0244,43,Female,Burlington VT,Research Scientist,Peripheral,Stylus Pro,Clinical Note-taking,SignFlow,7/10/2025,4
CUST-0109,44,Female,Springfield MA,Healthcare Professional,Peripheral,Stylus Pro,E-Signature,SignFlow,7/11/2025,4
CUST-0136,76,Female,Worcester MA,Patient / Consumer,Peripheral,Wireless Hub,Data Aggregation,MeshConnect SaaS,7/11/2025,4
CUST-0252,44,Female,Burlington VT,Research Scientist,Tablet,Tab Pro 12,Patient Education,TeleDoc Platform,7/11/2025,1
CUST-0393,26,Male,Concord NH,Clinical Administrator,Peripheral,Stylus Pro,Clinical Note-taking,NoteStream SaaS,7/11/2025,2
CUST-0255,27,Male,Hartford CT,Patient / Consumer,Tablet,Tab Compact,Inventory Management,FieldOps SaaS,7/11/2025,3
CUST-0103,38,Male,Worcester MA,Healthcare Professional,Tablet,Tab Pro 12,Clinical Documentation,ClinicalOS,7/11/2025,2
CUST-0376,31,Female,Portland ME,Clinical Administrator,Tablet,Tab Studio,Remote Diagnosis,DataViz Suite,7/11/2025,3
CUST-0120,42,Male,Hartford CT,Research Scientist,Peripheral,BioSensor Band,Vitals Streaming,BioStream API,7/12/2025,3
CUST-0097,44,Female,Bridgeport CT,Healthcare Professional,Smart Watch,Pulse Elite,Health Monitoring,FitCore SaaS,7/13/2025,1
CUST-0417,76,Female,Springfield MA,Patient / Consumer,Tablet,Tab Studio,Remote Diagnosis,DataViz Suite,7/13/2025,1
CUST-0122,27,Male,Portland ME,Research Scientist,Peripheral,BioSensor Band,Remote Monitoring,BioStream API,7/13/2025,1
CUST-0339,36,Female,Portland ME,IT & Technology Staff,Tablet,Tab Compact,Field Data Entry,IntakeFlow,7/14/2025,4
CUST-0093,40,Male,Concord NH,Patient / Consumer,Peripheral,Stylus Pro,Clinical Note-taking,SignFlow,7/14/2025,1
CUST-0290,37,Female,Hartford CT,Practice Manager,Peripheral,Keyboard Fold,Telehealth Setup,AdminFlow SaaS,7/14/2025,2
CUST-0376,31,Female,Portland ME,Clinical Administrator,Tablet,Tab Pro 12,Patient Education,ClinicalOS,7/14/2025,1
CUST-0047,33,Prefer not to say,Bridgeport CT,Clinical Administrator,Tablet,Tab Studio,Remote Diagnosis,DiagnosticAI,7/14/2025,1
CUST-0257,56,Male,Springfield MA,Practice Manager,Tablet,Tab Compact,Inventory Management,FieldOps SaaS,7/14/2025,1
CUST-0166,41,Male,Concord NH,Clinical Administrator,Tablet,Tab Pro 12,Clinical Documentation,ClinicalOS,7/14/2025,2
CUST-0037,55,Female,Concord NH,Patient / Consumer,Smart Watch,Pulse Elite,Remote Patient Check-in,FitCore SaaS,7/14/2025,2
CUST-0330,43,Non-binary,Boston MA,Clinical Administrator,Peripheral,Privacy Shield,Screen Privacy,SecureView SaaS,7/14/2025,1
CUST-0082,41,Female,Manchester NH,Clinical Administrator,Tablet,Tab Pro 12,Clinical Documentation,TeleDoc Platform,7/14/2025,1
CUST-0007,77,Female,Boston MA,Patient / Consumer,Smart Watch,Pulse Elite,Health Monitoring,FitCore SaaS,7/15/2025,4
CUST-0025,26,Male,Portland ME,Field Technician,Peripheral,Stylus Pro,Digital Annotation,SignFlow,7/15/2025,3
CUST-0195,39,Female,Burlington VT,Clinical Administrator,Peripheral,BioSensor Band,Remote Monitoring,VitalsNet SaaS,7/15/2025,1
CUST-0276,48,Female,Hartford CT,Practice Manager,Tablet,Tab Pro 12,Patient Education,ClinicalOS,7/15/2025,2
CUST-0338,35,Female,Manchester NH,Clinical Administrator,Peripheral,Privacy Shield,Screen Privacy,ComplianceGuard,7/15/2025,1
CUST-0081,31,Male,Bridgeport CT,IT & Technology Staff,Peripheral,Keyboard Fold,Administrative Tasks,TeleSetup Pro,7/15/2025,3
CUST-0331,51,Female,Boston MA,Patient / Consumer,Smart Watch,Pulse Elite,Remote Patient Check-in,HealthSync Pro,7/16/2025,1
CUST-0282,50,Non-binary,Burlington VT,Practice Manager,Tablet,Tab Compact,Inventory Management,IntakeFlow,7/16/2025,2
CUST-0131,24,Male,Springfield MA,Clinical Administrator,Peripheral,Wireless Hub,Device Pairing,MeshConnect SaaS,7/16/2025,1
CUST-0355,29,Female,Hartford CT,Field Technician,Peripheral,Keyboard Fold,Remote Input,TeleSetup Pro,7/16/2025,2
CUST-0104,39,Male,Concord NH,Patient / Consumer,Smart Watch,Pulse Sport,Fitness Tracking,FitCore SaaS,7/17/2025,1
CUST-0275,36,Female,Burlington VT,Patient / Consumer,Tablet,Tab Pro 12,Telehealth Consult,TeleDoc Platform,7/17/2025,3
CUST-0194,26,Female,Portland ME,Clinical Administrator,Peripheral,Wireless Hub,Data Aggregation,ClinicHub Pro,7/17/2025,1
CUST-0398,73,Male,Springfield MA,Patient / Consumer,Smart Watch,Pulse Sport,Fitness Tracking,FitCore SaaS,7/17/2025,3
CUST-0386,31,Male,Manchester NH,Field Technician,Peripheral,Charging Dock,Multi-Device Charging,FleetCharge Pro,7/17/2025,1
CUST-0175,35,Female,Providence RI,IT & Technology Staff,Peripheral,Privacy Shield,Secure Display,SecureView SaaS,7/17/2025,3
CUST-0016,36,Female,Burlington VT,Healthcare Professional,Tablet,Tab Compact,Patient Intake,IntakeFlow,7/17/2025,3
CUST-0314,52,Non-binary,Providence RI,Practice Manager,Tablet,Tab Pro 12,Patient Education,ClinicalOS,7/17/2025,2
CUST-0351,56,Prefer not to say,Manchester NH,Patient / Consumer,Smart Watch,Pulse Sport,Sleep Analysis,FitCore SaaS,7/17/2025,2
CUST-0155,40,Female,Hartford CT,Clinical Administrator,Tablet,Tab Pro 12,Patient Education,EduHealth SaaS,7/17/2025,1
CUST-0242,29,Male,Springfield MA,Field Technician,Smart Watch,Pulse Sport,Fitness Tracking,FitCore SaaS,7/18/2025,2
CUST-0281,45,Non-binary,Providence RI,Practice Manager,Smart Watch,Pulse Elite,Remote Patient Check-in,HealthSync Pro,7/18/2025,1
CUST-0351,56,Prefer not to say,Manchester NH,Patient / Consumer,Peripheral,Keyboard Fold,Administrative Tasks,TeleSetup Pro,7/18/2025,3
CUST-0376,31,Female,Portland ME,Clinical Administrator,Peripheral,Keyboard Fold,Telehealth Setup,TeleSetup Pro,7/18/2025,2
CUST-0264,22,Female,Hartford CT,Field Technician,Peripheral,Wireless Hub,Data Aggregation,ClinicHub Pro,7/18/2025,4
CUST-0348,25,Female,Hartford CT,Clinical Administrator,Peripheral,Charging Dock,Multi-Device Charging,FleetCharge Pro,7/18/2025,1
CUST-0401,18,Male,Burlington VT,Student / Academic,Peripheral,Stylus Pro,Digital Annotation,NoteStream SaaS,7/18/2025,1
CUST-0255,27,Male,Hartford CT,Patient / Consumer,Peripheral,Charging Dock,Fleet Management,PowerDesk SaaS,7/18/2025,1
CUST-0002,34,Male,Manchester NH,Research Scientist,Smart Watch,Pulse Elite,Remote Patient Check-in,HealthSync Pro,7/18/2025,1
CUST-0304,34,Non-binary,Hartford CT,Field Technician,Peripheral,Stylus Pro,E-Signature,NoteStream SaaS,7/18/2025,1
CUST-0409,30,Male,Concord NH,Field Technician,Peripheral,Charging Dock,Multi-Device Charging,FleetCharge Pro,7/18/2025,2
CUST-0280,32,Prefer not to say,Manchester NH,Research Scientist,Tablet,Tab Studio,Data Visualisation,DataViz Suite,7/19/2025,1
CUST-0403,42,Female,Burlington VT,Healthcare Professional,Peripheral,Charging Dock,Fleet Management,PowerDesk SaaS,7/20/2025,3
CUST-0254,68,Female,Springfield MA,Patient / Consumer,Smart Watch,Pulse Sport,Sleep Analysis,FitCore SaaS,7/20/2025,1
CUST-0420,42,Male,Burlington VT,Healthcare Professional,Tablet,Tab Pro 12,Clinical Documentation,TeleDoc Platform,7/21/2025,1
CUST-0300,48,Female,Worcester MA,Healthcare Professional,Tablet,Tab Studio,Data Visualisation,DesignHub SaaS,7/21/2025,1
CUST-0286,18,Female,Burlington VT,IT & Technology Staff,Peripheral,Wireless Hub,Data Aggregation,MeshConnect SaaS,7/21/2025,1
CUST-0184,26,Male,Manchester NH,Student / Academic,Peripheral,Privacy Shield,HIPAA Compliance,ComplianceGuard,7/21/2025,1
CUST-0345,33,Female,Hartford CT,Clinical Administrator,Tablet,Tab Pro 12,Telehealth Consult,EduHealth SaaS,7/21/2025,3
CUST-0145,25,Male,Portland ME,Student / Academic,Tablet,Tab Compact,Patient Intake,IntakeFlow,7/22/2025,2
CUST-0021,44,Female,Portland ME,IT & Technology Staff,Peripheral,Charging Dock,Clinical Stations,PowerDesk SaaS,7/22/2025,1
CUST-0216,64,Male,Portland ME,Patient / Consumer,Peripheral,Wireless Hub,Clinic Network,ClinicHub Pro,7/22/2025,1
CUST-0033,29,Female,Worcester MA,Field Technician,Peripheral,Keyboard Fold,Telehealth Setup,AdminFlow SaaS,7/22/2025,1
CUST-0288,61,Female,Burlington VT,Patient / Consumer,Smart Watch,Pulse Elite,Remote Patient Check-in,FitCore SaaS,7/23/2025,1
CUST-0294,35,Male,Worcester MA,Field Technician,Smart Watch,Pulse Sport,Activity Logging,FitCore SaaS,7/23/2025,1
CUST-0041,63,Female,Bridgeport CT,Patient / Consumer,Tablet,Tab Pro 12,Clinical Documentation,TeleDoc Platform,7/23/2025,1
CUST-0205,25,Male,Hartford CT,Clinical Administrator,Peripheral,Keyboard Fold,Remote Input,TeleSetup Pro,7/23/2025,5
CUST-0129,24,Female,Concord NH,Student / Academic,Peripheral,BioSensor Band,Remote Monitoring,BioStream API,7/23/2025,4
CUST-0074,45,Male,Worcester MA,IT & Technology Staff,Peripheral,Privacy Shield,HIPAA Compliance,SecureView SaaS,7/23/2025,3
CUST-0125,34,Female,Bridgeport CT,Field Technician,Smart Watch,Pulse Sport,Activity Logging,FitCore SaaS,7/24/2025,1
CUST-0056,46,Female,Boston MA,Clinical Administrator,Peripheral,Stylus Pro,E-Signature,NoteStream SaaS,7/24/2025,1
CUST-0344,26,Female,Concord NH,Field Technician,Peripheral,Keyboard Fold,Telehealth Setup,TeleSetup Pro,7/24/2025,1
CUST-0419,53,Male,Springfield MA,Healthcare Professional,Smart Watch,Pulse Elite,Fitness Tracking,HealthSync Pro,7/24/2025,1
CUST-0016,36,Female,Burlington VT,Healthcare Professional,Peripheral,Charging Dock,Clinical Stations,PowerDesk SaaS,7/24/2025,4
CUST-0035,65,Prefer not to say,Boston MA,Patient / Consumer,Tablet,Tab Studio,Remote Diagnosis,DataViz Suite,7/25/2025,2
CUST-0074,45,Male,Worcester MA,IT & Technology Staff,Peripheral,BioSensor Band,Vitals Streaming,BioStream API,7/25/2025,2
CUST-0188,37,Female,Portland ME,Clinical Administrator,Peripheral,Stylus Pro,E-Signature,NoteStream SaaS,7/25/2025,4
CUST-0212,48,Male,Worcester MA,Clinical Administrator,Tablet,Tab Studio,Data Visualisation,DesignHub SaaS,7/25/2025,2
CUST-0065,45,Male,Concord NH,Clinical Administrator,Smart Watch,Pulse Sport,Activity Logging,WellnessCloud,7/26/2025,1
CUST-0301,26,Male,Burlington VT,IT & Technology Staff,Tablet,Tab Pro 12,Clinical Documentation,EduHealth SaaS,7/26/2025,1
CUST-0257,56,Male,Springfield MA,Practice Manager,Peripheral,Charging Dock,Fleet Management,PowerDesk SaaS,7/27/2025,6
CUST-0156,20,Non-binary,Hartford CT,Student / Academic,Peripheral,Wireless Hub,Data Aggregation,ClinicHub Pro,7/27/2025,2
CUST-0263,18,Male,Springfield MA,Patient / Consumer,Smart Watch,Pulse Elite,Remote Patient Check-in,HealthSync Pro,7/28/2025,4
CUST-0251,24,Male,Bridgeport CT,Research Scientist,Peripheral,Stylus Pro,Digital Annotation,SignFlow,7/28/2025,2
CUST-0077,44,Male,Burlington VT,Practice Manager,Peripheral,Charging Dock,Multi-Device Charging,PowerDesk SaaS,7/28/2025,3
CUST-0093,40,Male,Concord NH,Patient / Consumer,Peripheral,BioSensor Band,Remote Monitoring,BioStream API,7/28/2025,4
CUST-0017,28,Female,Manchester NH,Clinical Administrator,Peripheral,Keyboard Fold,Telehealth Setup,AdminFlow SaaS,7/28/2025,1
CUST-0274,44,Female,Portland ME,Practice Manager,Peripheral,Charging Dock,Clinical Stations,PowerDesk SaaS,7/28/2025,1
CUST-0017,28,Female,Manchester NH,Clinical Administrator,Peripheral,Wireless Hub,Device Pairing,ClinicHub Pro,7/28/2025,1
CUST-0007,77,Female,Boston MA,Patient / Consumer,Smart Watch,Pulse Elite,Health Monitoring,HealthSync Pro,7/29/2025,1
CUST-0260,49,Prefer not to say,Burlington VT,Healthcare Professional,Tablet,Tab Studio,Data Visualisation,DataViz Suite,7/29/2025,1
CUST-0207,33,Male,Hartford CT,Field Technician,Peripheral,Keyboard Fold,Remote Input,AdminFlow SaaS,7/29/2025,3
CUST-0299,45,Female,Hartford CT,Clinical Administrator,Peripheral,Wireless Hub,Data Aggregation,MeshConnect SaaS,7/29/2025,1
CUST-0167,52,Male,Portland ME,Practice Manager,Peripheral,Keyboard Fold,Administrative Tasks,TeleSetup Pro,7/29/2025,3
CUST-0411,44,Female,Providence RI,Clinical Administrator,Tablet,Tab Compact,Inventory Management,InvTrack Pro,7/29/2025,1
CUST-0030,27,Male,Providence RI,Field Technician,Peripheral,Keyboard Fold,Administrative Tasks,AdminFlow SaaS,7/29/2025,3
CUST-0409,30,Male,Concord NH,Field Technician,Smart Watch,Pulse Elite,Fitness Tracking,HealthSync Pro,7/29/2025,1
CUST-0305,41,Female,Portland ME,Healthcare Professional,Smart Watch,Pulse Elite,Fitness Tracking,FitCore SaaS,7/30/2025,1
CUST-0004,57,Male,Portland ME,Healthcare Professional,Peripheral,Privacy Shield,Secure Display,SecureView SaaS,7/30/2025,1
CUST-0221,80,Male,Portland ME,Patient / Consumer,Tablet,Tab Compact,Field Data Entry,FieldOps SaaS,7/30/2025,1
CUST-0029,42,Female,Worcester MA,Patient / Consumer,Smart Watch,Pulse Elite,Health Monitoring,FitCore SaaS,7/30/2025,1
CUST-0329,61,Female,Providence RI,Patient / Consumer,Tablet,Tab Studio,Creative Workflow,DesignHub SaaS,7/30/2025,2
CUST-0401,18,Male,Burlington VT,Student / Academic,Peripheral,Keyboard Fold,Remote Input,AdminFlow SaaS,7/30/2025,2
CUST-0288,61,Female,Burlington VT,Patient / Consumer,Smart Watch,Pulse Elite,Fitness Tracking,FitCore SaaS,7/30/2025,2
CUST-0393,26,Male,Concord NH,Clinical Administrator,Tablet,Tab Pro 12,Telehealth Consult,ClinicalOS,7/30/2025,1
CUST-0152,45,Female,Manchester NH,Healthcare Professional,Peripheral,Wireless Hub,Device Pairing,ClinicHub Pro,7/31/2025,2
CUST-0194,26,Female,Portland ME,Clinical Administrator,Peripheral,Charging Dock,Multi-Device Charging,PowerDesk SaaS,7/31/2025,3
CUST-0146,64,Male,Portland ME,Patient / Consumer,Smart Watch,Pulse Elite,Remote Patient Check-in,HealthSync Pro,7/31/2025,1
CUST-0108,39,Non-binary,Providence RI,Clinical Administrator,Tablet,Tab Pro 12,Clinical Documentation,ClinicalOS,7/31/2025,2
CUST-0338,35,Female,Manchester NH,Clinical Administrator,Peripheral,Charging Dock,Clinical Stations,FleetCharge Pro,7/31/2025,1
CUST-0095,45,Male,Bridgeport CT,Patient / Consumer,Smart Watch,Pulse Elite,Fitness Tracking,FitCore SaaS,7/31/2025,4
CUST-0344,26,Female,Concord NH,Field Technician,Peripheral,Privacy Shield,HIPAA Compliance,ComplianceGuard,7/31/2025,2
CUST-0180,60,Female,Concord NH,Research Scientist,Peripheral,Privacy Shield,Screen Privacy,ComplianceGuard,7/31/2025,4
CUST-0160,62,Female,Bridgeport CT,Patient / Consumer,Tablet,Tab Pro 12,Patient Education,TeleDoc Platform,8/1/2025,2
CUST-0024,23,Female,Concord NH,Research Scientist,Smart Watch,Pulse Elite,Fitness Tracking,HealthSync Pro,8/1/2025,1
CUST-0090,49,Male,Manchester NH,Practice Manager,Smart Watch,Pulse Sport,Fitness Tracking,FitCore SaaS,8/1/2025,3
CUST-0108,39,Non-binary,Providence RI,Clinical Administrator,Peripheral,Keyboard Fold,Telehealth Setup,AdminFlow SaaS,8/1/2025,5
CUST-0267,46,Male,Hartford CT,IT & Technology Staff,Peripheral,Charging Dock,Fleet Management,PowerDesk SaaS,8/1/2025,2
CUST-0061,39,Male,Hartford CT,Practice Manager,Peripheral,Stylus Pro,Clinical Note-taking,SignFlow,8/1/2025,1
CUST-0384,21,Male,Springfield MA,Student / Academic,Smart Watch,Pulse Sport,Sleep Analysis,WellnessCloud,8/1/2025,1
CUST-0294,35,Male,Worcester MA,Field Technician,Peripheral,Wireless Hub,Clinic Network,MeshConnect SaaS,8/1/2025,1
CUST-0254,68,Female,Springfield MA,Patient / Consumer,Smart Watch,Pulse Sport,Activity Logging,WellnessCloud,8/3/2025,1
CUST-0076,65,Male,Bridgeport CT,Patient / Consumer,Smart Watch,Pulse Sport,Sleep Analysis,FitCore SaaS,8/3/2025,4
CUST-0378,54,Female,Boston MA,Patient / Consumer,Tablet,Tab Pro 12,Telehealth Consult,ClinicalOS,8/3/2025,1
CUST-0270,54,Male,Worcester MA,Patient / Consumer,Peripheral,BioSensor Band,Remote Monitoring,BioStream API,8/4/2025,3
CUST-0236,50,Male,Boston MA,Practice Manager,Peripheral,Keyboard Fold,Administrative Tasks,TeleSetup Pro,8/4/2025,2
CUST-0310,48,Male,Worcester MA,Patient / Consumer,Smart Watch,Pulse Sport,Fitness Tracking,FitCore SaaS,8/4/2025,3
CUST-0212,48,Male,Worcester MA,Clinical Administrator,Smart Watch,Pulse Sport,Sleep Analysis,FitCore SaaS,8/4/2025,2
CUST-0059,57,Female,Portland ME,Patient / Consumer,Peripheral,Charging Dock,Fleet Management,PowerDesk SaaS,8/4/2025,2
CUST-0326,31,Female,Burlington VT,Practice Manager,Peripheral,Charging Dock,Fleet Management,PowerDesk SaaS,8/5/2025,1
CUST-0063,22,Male,Worcester MA,Field Technician,Peripheral,BioSensor Band,Continuous Glucose Monitor,BioStream API,8/5/2025,7
CUST-0290,37,Female,Hartford CT,Practice Manager,Peripheral,Charging Dock,Fleet Management,PowerDesk SaaS,8/6/2025,5
CUST-0013,40,Prefer not to say,Worcester MA,Clinical Administrator,Peripheral,Privacy Shield,HIPAA Compliance,ComplianceGuard,8/6/2025,3
CUST-0230,62,Female,Providence RI,Patient / Consumer,Peripheral,Privacy Shield,Secure Display,SecureView SaaS,8/6/2025,1
CUST-0367,25,Female,Springfield MA,Student / Academic,Peripheral,Keyboard Fold,Remote Input,AdminFlow SaaS,8/6/2025,3
CUST-0003,43,Female,Boston MA,Clinical Administrator,Peripheral,Keyboard Fold,Telehealth Setup,AdminFlow SaaS,8/7/2025,3
CUST-0152,45,Female,Manchester NH,Healthcare Professional,Peripheral,BioSensor Band,Remote Monitoring,BioStream API,8/7/2025,1
CUST-0245,27,Male,Providence RI,Clinical Administrator,Smart Watch,Pulse Sport,Fitness Tracking,WellnessCloud,8/7/2025,1
CUST-0246,34,Male,Worcester MA,Clinical Administrator,Peripheral,Stylus Pro,E-Signature,NoteStream SaaS,8/7/2025,3
CUST-0106,36,Female,Bridgeport CT,IT & Technology Staff,Tablet,Tab Pro 12,Patient Education,EduHealth SaaS,8/7/2025,1
CUST-0083,51,Female,Portland ME,Clinical Administrator,Smart Watch,Pulse Elite,Fitness Tracking,FitCore SaaS,8/7/2025,2
CUST-0070,32,Male,Bridgeport CT,Clinical Administrator,Peripheral,BioSensor Band,Vitals Streaming,BioStream API,8/7/2025,4
CUST-0151,46,Male,Providence RI,Practice Manager,Tablet,Tab Pro 12,Clinical Documentation,TeleDoc Platform,8/8/2025,3
CUST-0008,39,Female,Concord NH,IT & Technology Staff,Peripheral,Keyboard Fold,Telehealth Setup,AdminFlow SaaS,8/8/2025,7
CUST-0191,29,Prefer not to say,Manchester NH,IT & Technology Staff,Peripheral,Wireless Hub,Data Aggregation,MeshConnect SaaS,8/8/2025,2
CUST-0246,34,Male,Worcester MA,Clinical Administrator,Peripheral,Wireless Hub,Clinic Network,ClinicHub Pro,8/8/2025,2
CUST-0359,25,Male,Concord NH,Student / Academic,Peripheral,Charging Dock,Fleet Management,PowerDesk SaaS,8/8/2025,1
CUST-0375,65,Female,Bridgeport CT,Practice Manager,Peripheral,Charging Dock,Clinical Stations,FleetCharge Pro,8/9/2025,1
CUST-0050,18,Prefer not to say,Bridgeport CT,Field Technician,Smart Watch,Pulse Sport,Activity Logging,WellnessCloud,8/9/2025,1
CUST-0201,47,Female,Worcester MA,Practice Manager,Tablet,Tab Compact,Field Data Entry,FieldOps SaaS,8/9/2025,1
CUST-0188,37,Female,Portland ME,Clinical Administrator,Peripheral,Keyboard Fold,Administrative Tasks,TeleSetup Pro,8/10/2025,5
CUST-0214,50,Female,Hartford CT,Practice Manager,Peripheral,Keyboard Fold,Administrative Tasks,AdminFlow SaaS,8/10/2025,2
CUST-0367,25,Female,Springfield MA,Student / Academic,Peripheral,Privacy Shield,Screen Privacy,ComplianceGuard,8/10/2025,1
CUST-0149,49,Male,Springfield MA,Practice Manager,Tablet,Tab Compact,Field Data Entry,IntakeFlow,8/10/2025,1
CUST-0251,24,Male,Bridgeport CT,Research Scientist,Tablet,Tab Studio,Data Visualisation,DiagnosticAI,8/11/2025,1
CUST-0305,41,Female,Portland ME,Healthcare Professional,Peripheral,Stylus Pro,E-Signature,SignFlow,8/11/2025,4
CUST-0202,37,Female,Burlington VT,IT & Technology Staff,Tablet,Tab Pro 12,Patient Education,TeleDoc Platform,8/11/2025,2
CUST-0049,35,Male,Springfield MA,IT & Technology Staff,Peripheral,Keyboard Fold,Remote Input,TeleSetup Pro,8/11/2025,3
CUST-0222,21,Female,Concord NH,Clinical Administrator,Peripheral,Charging Dock,Fleet Management,FleetCharge Pro,8/11/2025,1
CUST-0367,25,Female,Springfield MA,Student / Academic,Smart Watch,Pulse Elite,Remote Patient Check-in,HealthSync Pro,8/11/2025,1
CUST-0048,41,Male,Hartford CT,IT & Technology Staff,Peripheral,Charging Dock,Fleet Management,PowerDesk SaaS,8/11/2025,2
CUST-0175,35,Female,Providence RI,IT & Technology Staff,Peripheral,Charging Dock,Clinical Stations,PowerDesk SaaS,8/11/2025,3
CUST-0167,52,Male,Portland ME,Practice Manager,Smart Watch,Pulse Elite,Remote Patient Check-in,HealthSync Pro,8/12/2025,1
CUST-0356,22,Non-binary,Burlington VT,Field Technician,Peripheral,Stylus Pro,Digital Annotation,SignFlow,8/12/2025,4
CUST-0052,22,Male,Bridgeport CT,Student / Academic,Peripheral,Charging Dock,Clinical Stations,PowerDesk SaaS,8/12/2025,3
CUST-0414,56,Female,Worcester MA,Practice Manager,Peripheral,Charging Dock,Clinical Stations,FleetCharge Pro,8/12/2025,1
CUST-0034,22,Female,Hartford CT,Field Technician,Peripheral,Stylus Pro,E-Signature,NoteStream SaaS,8/12/2025,5
CUST-0418,45,Female,Burlington VT,Practice Manager,Peripheral,Wireless Hub,Data Aggregation,MeshConnect SaaS,8/12/2025,3
CUST-0255,27,Male,Hartford CT,Patient / Consumer,Tablet,Tab Compact,Field Data Entry,InvTrack Pro,8/12/2025,3
CUST-0345,33,Female,Hartford CT,Clinical Administrator,Smart Watch,Pulse Elite,Health Monitoring,FitCore SaaS,8/12/2025,1
CUST-0236,50,Male,Boston MA,Practice Manager,Tablet,Tab Pro 12,Clinical Documentation,ClinicalOS,8/13/2025,2
CUST-0420,42,Male,Burlington VT,Healthcare Professional,Peripheral,Privacy Shield,Secure Display,SecureView SaaS,8/13/2025,5
CUST-0219,26,Prefer not to say,Bridgeport CT,Field Technician,Smart Watch,Pulse Sport,Sleep Analysis,WellnessCloud,8/13/2025,3
CUST-0233,24,Male,Boston MA,Student / Academic,Tablet,Tab Studio,Data Visualisation,DataViz Suite,8/13/2025,1
CUST-0127,36,Male,Burlington VT,Patient / Consumer,Smart Watch,Pulse Elite,Health Monitoring,FitCore SaaS,8/13/2025,4
CUST-0398,73,Male,Springfield MA,Patient / Consumer,Peripheral,Wireless Hub,Clinic Network,MeshConnect SaaS,8/13/2025,3
CUST-0288,61,Female,Burlington VT,Patient / Consumer,Peripheral,BioSensor Band,Remote Monitoring,BioStream API,8/13/2025,3
CUST-0386,31,Male,Manchester NH,Field Technician,Tablet,Tab Studio,Creative Workflow,DesignHub SaaS,8/14/2025,3
CUST-0122,27,Male,Portland ME,Research Scientist,Peripheral,BioSensor Band,Remote Monitoring,VitalsNet SaaS,8/14/2025,1
CUST-0208,26,Male,Portland ME,Student / Academic,Peripheral,Keyboard Fold,Administrative Tasks,AdminFlow SaaS,8/14/2025,1
CUST-0013,40,Prefer not to say,Worcester MA,Clinical Administrator,Peripheral,Wireless Hub,Clinic Network,ClinicHub Pro,8/14/2025,3
CUST-0096,28,Female,Bridgeport CT,Patient / Consumer,Smart Watch,Pulse Sport,Fitness Tracking,FitCore SaaS,8/14/2025,1
CUST-0383,18,Male,Springfield MA,IT & Technology Staff,Tablet,Tab Studio,Remote Diagnosis,DiagnosticAI,8/14/2025,1
CUST-0097,44,Female,Bridgeport CT,Healthcare Professional,Tablet,Tab Studio,Remote Diagnosis,DesignHub SaaS,8/14/2025,1
CUST-0355,29,Female,Hartford CT,Field Technician,Tablet,Tab Compact,Patient Intake,FieldOps SaaS,8/14/2025,3
CUST-0173,29,Female,Worcester MA,Field Technician,Tablet,Tab Pro 12,Patient Education,ClinicalOS,8/14/2025,1
CUST-0019,25,Male,Portland ME,IT & Technology Staff,Peripheral,Keyboard Fold,Administrative Tasks,TeleSetup Pro,8/14/2025,1
CUST-0363,40,Male,Concord NH,Healthcare Professional,Smart Watch,Pulse Sport,Sleep Analysis,FitCore SaaS,8/15/2025,1
CUST-0005,39,Female,Bridgeport CT,Healthcare Professional,Peripheral,Stylus Pro,Clinical Note-taking,NoteStream SaaS,8/15/2025,1
CUST-0351,56,Prefer not to say,Manchester NH,Patient / Consumer,Peripheral,BioSensor Band,Vitals Streaming,BioStream API,8/15/2025,4
CUST-0414,56,Female,Worcester MA,Practice Manager,Smart Watch,Pulse Elite,Fitness Tracking,FitCore SaaS,8/15/2025,1
CUST-0344,26,Female,Concord NH,Field Technician,Peripheral,Wireless Hub,Clinic Network,ClinicHub Pro,8/15/2025,1
CUST-0170,24,Female,Concord NH,Field Technician,Tablet,Tab Pro 12,Patient Education,TeleDoc Platform,8/16/2025,1
CUST-0228,34,Male,Bridgeport CT,Patient / Consumer,Tablet,Tab Compact,Patient Intake,FieldOps SaaS,8/17/2025,2
CUST-0059,57,Female,Portland ME,Patient / Consumer,Tablet,Tab Compact,Field Data Entry,FieldOps SaaS,8/17/2025,3
CUST-0084,26,Male,Springfield MA,Field Technician,Tablet,Tab Compact,Field Data Entry,InvTrack Pro,8/18/2025,1
CUST-0059,57,Female,Portland ME,Patient / Consumer,Smart Watch,Pulse Sport,Fitness Tracking,WellnessCloud,8/18/2025,2
CUST-0196,41,Female,Springfield MA,Clinical Administrator,Tablet,Tab Pro 12,Patient Education,ClinicalOS,8/18/2025,2
CUST-0298,25,Female,Hartford CT,Student / Academic,Peripheral,Wireless Hub,Device Pairing,ClinicHub Pro,8/18/2025,4
CUST-0378,54,Female,Boston MA,Patient / Consumer,Peripheral,Keyboard Fold,Administrative Tasks,TeleSetup Pro,8/18/2025,2
CUST-0292,26,Female,Concord NH,Field Technician,Smart Watch,Pulse Sport,Fitness Tracking,WellnessCloud,8/18/2025,2
CUST-0185,39,Female,Portland ME,Healthcare Professional,Peripheral,Stylus Pro,E-Signature,SignFlow,8/18/2025,1
CUST-0083,51,Female,Portland ME,Clinical Administrator,Peripheral,Privacy Shield,Screen Privacy,SecureView SaaS,8/19/2025,1
CUST-0368,42,Male,Providence RI,Healthcare Professional,Tablet,Tab Pro 12,Telehealth Consult,TeleDoc Platform,8/19/2025,1
CUST-0357,41,Female,Portland ME,Healthcare Professional,Peripheral,BioSensor Band,Remote Monitoring,BioStream API,8/19/2025,3
CUST-0125,34,Female,Bridgeport CT,Field Technician,Peripheral,Privacy Shield,Screen Privacy,SecureView SaaS,8/19/2025,1
CUST-0128,36,Male,Worcester MA,Healthcare Professional,Peripheral,BioSensor Band,Continuous Glucose Monitor,VitalsNet SaaS,8/20/2025,1
CUST-0368,42,Male,Providence RI,Healthcare Professional,Smart Watch,Pulse Sport,Activity Logging,FitCore SaaS,8/20/2025,1
CUST-0172,28,Female,Burlington VT,Research Scientist,Tablet,Tab Studio,Remote Diagnosis,DataViz Suite,8/20/2025,1
CUST-0109,44,Female,Springfield MA,Healthcare Professional,Peripheral,Privacy Shield,HIPAA Compliance,SecureView SaaS,8/20/2025,1
CUST-0404,42,Male,Burlington VT,Healthcare Professional,Tablet,Tab Pro 12,Telehealth Consult,TeleDoc Platform,8/20/2025,4
CUST-0369,33,Female,Providence RI,IT & Technology Staff,Peripheral,Wireless Hub,Device Pairing,ClinicHub Pro,8/20/2025,2
CUST-0195,39,Female,Burlington VT,Clinical Administrator,Tablet,Tab Pro 12,Patient Education,TeleDoc Platform,8/21/2025,1
CUST-0336,31,Male,Hartford CT,IT & Technology Staff,Peripheral,Charging Dock,Multi-Device Charging,PowerDesk SaaS,8/21/2025,3
CUST-0193,31,Male,Portland ME,Field Technician,Tablet,Tab Studio,Remote Diagnosis,DiagnosticAI,8/21/2025,2
CUST-0049,35,Male,Springfield MA,IT & Technology Staff,Peripheral,Wireless Hub,Device Pairing,MeshConnect SaaS,8/22/2025,5
CUST-0348,25,Female,Hartford CT,Clinical Administrator,Peripheral,Privacy Shield,Screen Privacy,ComplianceGuard,8/22/2025,1
CUST-0394,47,Female,Springfield MA,IT & Technology Staff,Tablet,Tab Studio,Remote Diagnosis,DesignHub SaaS,8/22/2025,1
CUST-0077,44,Male,Burlington VT,Practice Manager,Tablet,Tab Pro 12,Clinical Documentation,EduHealth SaaS,8/22/2025,3
CUST-0079,42,Female,Boston MA,Healthcare Professional,Smart Watch,Pulse Sport,Fitness Tracking,FitCore SaaS,8/22/2025,1
CUST-0115,34,Female,Providence RI,Research Scientist,Tablet,Tab Studio,Remote Diagnosis,DataViz Suite,8/23/2025,2
CUST-0121,27,Male,Portland ME,Student / Academic,Peripheral,BioSensor Band,Remote Monitoring,BioStream API,8/24/2025,2
CUST-0298,25,Female,Hartford CT,Student / Academic,Tablet,Tab Pro 12,Patient Education,TeleDoc Platform,8/24/2025,3
CUST-0063,22,Male,Worcester MA,Field Technician,Tablet,Tab Compact,Patient Intake,InvTrack Pro,8/24/2025,1
CUST-0012,44,Female,Hartford CT,Patient / Consumer,Peripheral,Keyboard Fold,Remote Input,AdminFlow SaaS,8/25/2025,5
CUST-0203,54,Female,Springfield MA,Practice Manager,Peripheral,Keyboard Fold,Remote Input,AdminFlow SaaS,8/25/2025,1
CUST-0020,29,Female,Manchester NH,Patient / Consumer,Smart Watch,Pulse Sport,Sleep Analysis,WellnessCloud,8/25/2025,3
CUST-0338,35,Female,Manchester NH,Clinical Administrator,Peripheral,BioSensor Band,Vitals Streaming,BioStream API,8/26/2025,4
CUST-0208,26,Male,Portland ME,Student / Academic,Smart Watch,Pulse Sport,Sleep Analysis,WellnessCloud,8/26/2025,1
CUST-0055,45,Female,Boston MA,Research Scientist,Peripheral,BioSensor Band,Remote Monitoring,VitalsNet SaaS,8/26/2025,2
CUST-0393,26,Male,Concord NH,Clinical Administrator,Peripheral,Stylus Pro,Clinical Note-taking,SignFlow,8/26/2025,1
CUST-0208,26,Male,Portland ME,Student / Academic,Peripheral,BioSensor Band,Continuous Glucose Monitor,VitalsNet SaaS,8/26/2025,3
CUST-0267,46,Male,Hartford CT,IT & Technology Staff,Smart Watch,Pulse Sport,Activity Logging,FitCore SaaS,8/26/2025,1
CUST-0325,35,Male,Boston MA,Patient / Consumer,Peripheral,Privacy Shield,Screen Privacy,SecureView SaaS,8/27/2025,6
CUST-0173,29,Female,Worcester MA,Field Technician,Tablet,Tab Compact,Patient Intake,FieldOps SaaS,8/27/2025,1
CUST-0378,54,Female,Boston MA,Patient / Consumer,Smart Watch,Pulse Elite,Fitness Tracking,FitCore SaaS,8/28/2025,1
CUST-0170,24,Female,Concord NH,Field Technician,Tablet,Tab Compact,Patient Intake,IntakeFlow,8/28/2025,2
CUST-0278,30,Female,Burlington VT,Research Scientist,Smart Watch,Pulse Elite,Health Monitoring,HealthSync Pro,8/28/2025,1
CUST-0035,65,Prefer not to say,Boston MA,Patient / Consumer,Smart Watch,Pulse Elite,Remote Patient Check-in,FitCore SaaS,8/28/2025,1
CUST-0243,47,Female,Manchester NH,Healthcare Professional,Smart Watch,Pulse Sport,Sleep Analysis,FitCore SaaS,8/28/2025,1
CUST-0358,41,Female,Portland ME,Practice Manager,Tablet,Tab Studio,Creative Workflow,DataViz Suite,8/29/2025,1
CUST-0245,27,Male,Providence RI,Clinical Administrator,Peripheral,Privacy Shield,Screen Privacy,SecureView SaaS,8/29/2025,3
CUST-0009,44,Male,Concord NH,Patient / Consumer,Smart Watch,Pulse Sport,Activity Logging,WellnessCloud,8/29/2025,1
CUST-0339,36,Female,Portland ME,IT & Technology Staff,Tablet,Tab Compact,Patient Intake,IntakeFlow,8/29/2025,1
CUST-0007,77,Female,Boston MA,Patient / Consumer,Smart Watch,Pulse Sport,Fitness Tracking,WellnessCloud,8/29/2025,1
CUST-0414,56,Female,Worcester MA,Practice Manager,Peripheral,Wireless Hub,Device Pairing,MeshConnect SaaS,8/30/2025,1
CUST-0219,26,Prefer not to say,Bridgeport CT,Field Technician,Smart Watch,Pulse Sport,Fitness Tracking,WellnessCloud,8/30/2025,4
CUST-0324,62,Prefer not to say,Worcester MA,Healthcare Professional,Tablet,Tab Pro 12,Patient Education,TeleDoc Platform,8/31/2025,2
CUST-0067,43,Male,Providence RI,Practice Manager,Tablet,Tab Pro 12,Clinical Documentation,ClinicalOS,8/31/2025,1
CUST-0071,45,Prefer not to say,Portland ME,Healthcare Professional,Tablet,Tab Studio,Creative Workflow,DataViz Suite,9/1/2025,4
CUST-0238,54,Male,Portland ME,Patient / Consumer,Smart Watch,Pulse Elite,Health Monitoring,FitCore SaaS,9/1/2025,2
CUST-0034,22,Female,Hartford CT,Field Technician,Tablet,Tab Studio,Data Visualisation,DiagnosticAI,9/1/2025,2
CUST-0198,24,Male,Concord NH,Student / Academic,Smart Watch,Pulse Sport,Fitness Tracking,WellnessCloud,9/1/2025,1
CUST-0318,30,Male,Concord NH,IT & Technology Staff,Peripheral,Wireless Hub,Data Aggregation,ClinicHub Pro,9/2/2025,3
CUST-0115,34,Female,Providence RI,Research Scientist,Peripheral,Wireless Hub,Data Aggregation,ClinicHub Pro,9/2/2025,3
CUST-0376,31,Female,Portland ME,Clinical Administrator,Smart Watch,Pulse Sport,Fitness Tracking,FitCore SaaS,9/2/2025,1
CUST-0156,20,Non-binary,Hartford CT,Student / Academic,Smart Watch,Pulse Elite,Health Monitoring,HealthSync Pro,9/2/2025,1
CUST-0377,50,Female,Bridgeport CT,Healthcare Professional,Peripheral,Stylus Pro,Clinical Note-taking,SignFlow,9/2/2025,1
CUST-0129,24,Female,Concord NH,Student / Academic,Tablet,Tab Pro 12,Patient Education,TeleDoc Platform,9/2/2025,1
CUST-0395,29,Female,Worcester MA,Student / Academic,Tablet,Tab Studio,Creative Workflow,DesignHub SaaS,9/2/2025,1
CUST-0281,45,Non-binary,Providence RI,Practice Manager,Peripheral,Privacy Shield,HIPAA Compliance,ComplianceGuard,9/2/2025,6
CUST-0030,27,Male,Providence RI,Field Technician,Tablet,Tab Compact,Field Data Entry,InvTrack Pro,9/2/2025,2
CUST-0339,36,Female,Portland ME,IT & Technology Staff,Peripheral,Wireless Hub,Device Pairing,ClinicHub Pro,9/2/2025,2
CUST-0238,54,Male,Portland ME,Patient / Consumer,Tablet,Tab Pro 12,Telehealth Consult,TeleDoc Platform,9/2/2025,2
CUST-0123,39,Male,Manchester NH,Field Technician,Peripheral,Stylus Pro,E-Signature,SignFlow,9/2/2025,1
CUST-0289,56,Female,Springfield MA,Patient / Consumer,Smart Watch,Pulse Sport,Activity Logging,WellnessCloud,9/3/2025,1
CUST-0167,52,Male,Portland ME,Practice Manager,Tablet,Tab Compact,Inventory Management,InvTrack Pro,9/3/2025,1
CUST-0187,36,Male,Hartford CT,IT & Technology Staff,Peripheral,Privacy Shield,HIPAA Compliance,SecureView SaaS,9/3/2025,1
CUST-0186,42,Female,Springfield MA,Research Scientist,Peripheral,BioSensor Band,Remote Monitoring,BioStream API,9/3/2025,1
CUST-0004,57,Male,Portland ME,Healthcare Professional,Peripheral,Charging Dock,Multi-Device Charging,PowerDesk SaaS,9/3/2025,2
CUST-0097,44,Female,Bridgeport CT,Healthcare Professional,Peripheral,BioSensor Band,Remote Monitoring,VitalsNet SaaS,9/3/2025,3
CUST-0363,40,Male,Concord NH,Healthcare Professional,Peripheral,BioSensor Band,Remote Monitoring,BioStream API,9/3/2025,2
CUST-0016,36,Female,Burlington VT,Healthcare Professional,Tablet,Tab Studio,Data Visualisation,DesignHub SaaS,9/3/2025,2
CUST-0186,42,Female,Springfield MA,Research Scientist,Tablet,Tab Pro 12,Telehealth Consult,ClinicalOS,9/3/2025,1
CUST-0012,44,Female,Hartford CT,Patient / Consumer,Peripheral,Privacy Shield,Secure Display,SecureView SaaS,9/3/2025,2
CUST-0232,55,Female,Hartford CT,Patient / Consumer,Tablet,Tab Studio,Data Visualisation,DesignHub SaaS,9/3/2025,3
CUST-0071,45,Prefer not to say,Portland ME,Healthcare Professional,Peripheral,Privacy Shield,Secure Display,SecureView SaaS,9/3/2025,4
CUST-0226,69,Prefer not to say,Portland ME,Patient / Consumer,Smart Watch,Pulse Elite,Health Monitoring,FitCore SaaS,9/4/2025,1
CUST-0399,34,Male,Hartford CT,Research Scientist,Tablet,Tab Compact,Inventory Management,InvTrack Pro,9/4/2025,2
CUST-0113,38,Male,Bridgeport CT,Clinical Administrator,Tablet,Tab Compact,Inventory Management,InvTrack Pro,9/4/2025,2
CUST-0252,44,Female,Burlington VT,Research Scientist,Peripheral,Stylus Pro,Digital Annotation,NoteStream SaaS,9/4/2025,1
CUST-0052,22,Male,Bridgeport CT,Student / Academic,Tablet,Tab Compact,Patient Intake,InvTrack Pro,9/4/2025,1
CUST-0172,28,Female,Burlington VT,Research Scientist,Peripheral,BioSensor Band,Vitals Streaming,VitalsNet SaaS,9/4/2025,5
CUST-0316,44,Male,Boston MA,Practice Manager,Peripheral,Keyboard Fold,Telehealth Setup,TeleSetup Pro,9/4/2025,2
CUST-0180,60,Female,Concord NH,Research Scientist,Peripheral,Stylus Pro,Digital Annotation,NoteStream SaaS,9/5/2025,2
CUST-0347,18,Non-binary,Portland ME,Student / Academic,Tablet,Tab Pro 12,Clinical Documentation,ClinicalOS,9/5/2025,1
CUST-0318,30,Male,Concord NH,IT & Technology Staff,Peripheral,Stylus Pro,Digital Annotation,NoteStream SaaS,9/5/2025,5
CUST-0259,59,Male,Portland ME,Patient / Consumer,Smart Watch,Pulse Sport,Sleep Analysis,FitCore SaaS,9/5/2025,1
CUST-0203,54,Female,Springfield MA,Practice Manager,Peripheral,Wireless Hub,Device Pairing,ClinicHub Pro,9/5/2025,2
CUST-0390,21,Male,Burlington VT,Student / Academic,Peripheral,Charging Dock,Clinical Stations,FleetCharge Pro,9/5/2025,3
CUST-0001,42,Male,Burlington VT,Clinical Administrator,Peripheral,Keyboard Fold,Administrative Tasks,AdminFlow SaaS,9/6/2025,1
CUST-0371,33,Male,Portland ME,IT & Technology Staff,Tablet,Tab Compact,Field Data Entry,IntakeFlow,9/6/2025,1
CUST-0386,31,Male,Manchester NH,Field Technician,Peripheral,Keyboard Fold,Remote Input,TeleSetup Pro,9/7/2025,6
CUST-0160,62,Female,Bridgeport CT,Patient / Consumer,Tablet,Tab Pro 12,Clinical Documentation,TeleDoc Platform,9/7/2025,1
CUST-0223,44,Female,Providence RI,Clinical Administrator,Tablet,Tab Pro 12,Clinical Documentation,EduHealth SaaS,9/8/2025,1
CUST-0171,37,Female,Worcester MA,Patient / Consumer,Peripheral,BioSensor Band,Remote Monitoring,VitalsNet SaaS,9/8/2025,3
CUST-0004,57,Male,Portland ME,Healthcare Professional,Peripheral,BioSensor Band,Vitals Streaming,BioStream API,9/8/2025,4
CUST-0126,34,Non-binary,Manchester NH,Student / Academic,Tablet,Tab Studio,Remote Diagnosis,DesignHub SaaS,9/8/2025,1
CUST-0087,28,Non-binary,Portland ME,Student / Academic,Peripheral,Stylus Pro,Clinical Note-taking,NoteStream SaaS,9/8/2025,1
CUST-0237,18,Male,Springfield MA,IT & Technology Staff,Peripheral,Charging Dock,Clinical Stations,FleetCharge Pro,9/8/2025,3
CUST-0115,34,Female,Providence RI,Research Scientist,Peripheral,BioSensor Band,Continuous Glucose Monitor,VitalsNet SaaS,9/8/2025,2
CUST-0189,35,Female,Concord NH,Practice Manager,Peripheral,Keyboard Fold,Telehealth Setup,TeleSetup Pro,9/8/2025,1
CUST-0265,35,Female,Worcester MA,Clinical Administrator,Tablet,Tab Pro 12,Telehealth Consult,ClinicalOS,9/8/2025,1
CUST-0329,61,Female,Providence RI,Patient / Consumer,Smart Watch,Pulse Sport,Fitness Tracking,FitCore SaaS,9/8/2025,1
CUST-0375,65,Female,Bridgeport CT,Practice Manager,Peripheral,Charging Dock,Multi-Device Charging,PowerDesk SaaS,9/9/2025,4
CUST-0186,42,Female,Springfield MA,Research Scientist,Tablet,Tab Studio,Data Visualisation,DataViz Suite,9/9/2025,1
CUST-0354,28,Female,Providence RI,Field Technician,Smart Watch,Pulse Elite,Fitness Tracking,FitCore SaaS,9/9/2025,1
CUST-0136,76,Female,Worcester MA,Patient / Consumer,Peripheral,Wireless Hub,Clinic Network,MeshConnect SaaS,9/9/2025,1
CUST-0286,18,Female,Burlington VT,IT & Technology Staff,Peripheral,Wireless Hub,Clinic Network,ClinicHub Pro,9/10/2025,4
CUST-0364,39,Prefer not to say,Springfield MA,Research Scientist,Peripheral,BioSensor Band,Vitals Streaming,VitalsNet SaaS,9/10/2025,2
CUST-0106,36,Female,Bridgeport CT,IT & Technology Staff,Peripheral,Wireless Hub,Device Pairing,ClinicHub Pro,9/10/2025,1
CUST-0074,45,Male,Worcester MA,IT & Technology Staff,Peripheral,Wireless Hub,Clinic Network,MeshConnect SaaS,9/10/2025,3
CUST-0387,39,Male,Portland ME,Research Scientist,Tablet,Tab Studio,Data Visualisation,DataViz Suite,9/10/2025,1
CUST-0135,19,Female,Manchester NH,Student / Academic,Tablet,Tab Compact,Field Data Entry,IntakeFlow,9/10/2025,2
CUST-0179,39,Male,Concord NH,Healthcare Professional,Smart Watch,Pulse Sport,Activity Logging,FitCore SaaS,9/10/2025,1
CUST-0392,42,Male,Manchester NH,Clinical Administrator,Peripheral,Stylus Pro,E-Signature,NoteStream SaaS,9/11/2025,4
CUST-0197,33,Male,Worcester MA,Healthcare Professional,Smart Watch,Pulse Elite,Remote Patient Check-in,HealthSync Pro,9/11/2025,3
CUST-0302,21,Female,Worcester MA,Student / Academic,Tablet,Tab Studio,Creative Workflow,DesignHub SaaS,9/11/2025,2
CUST-0388,43,Male,Hartford CT,Field Technician,Tablet,Tab Compact,Inventory Management,FieldOps SaaS,9/11/2025,1
CUST-0054,43,Male,Springfield MA,Clinical Administrator,Peripheral,Charging Dock,Clinical Stations,FleetCharge Pro,9/11/2025,2
CUST-0139,39,Female,Burlington VT,IT & Technology Staff,Peripheral,Charging Dock,Clinical Stations,FleetCharge Pro,9/11/2025,1
CUST-0347,18,Non-binary,Portland ME,Student / Academic,Peripheral,Wireless Hub,Data Aggregation,ClinicHub Pro,9/11/2025,3
CUST-0255,27,Male,Hartford CT,Patient / Consumer,Smart Watch,Pulse Sport,Sleep Analysis,FitCore SaaS,9/11/2025,2
CUST-0075,18,Non-binary,Hartford CT,Patient / Consumer,Peripheral,Wireless Hub,Clinic Network,ClinicHub Pro,9/12/2025,3
CUST-0254,68,Female,Springfield MA,Patient / Consumer,Smart Watch,Pulse Sport,Activity Logging,FitCore SaaS,9/12/2025,1
CUST-0054,43,Male,Springfield MA,Clinical Administrator,Tablet,Tab Pro 12,Patient Education,TeleDoc Platform,9/12/2025,2
CUST-0323,19,Female,Burlington VT,Student / Academic,Smart Watch,Pulse Elite,Health Monitoring,FitCore SaaS,9/12/2025,1
CUST-0205,25,Male,Hartford CT,Clinical Administrator,Tablet,Tab Pro 12,Telehealth Consult,EduHealth SaaS,9/12/2025,1
CUST-0020,29,Female,Manchester NH,Patient / Consumer,Smart Watch,Pulse Sport,Sleep Analysis,FitCore SaaS,9/13/2025,1
CUST-0159,32,Male,Portland ME,Practice Manager,Smart Watch,Pulse Elite,Fitness Tracking,HealthSync Pro,9/13/2025,2
CUST-0406,37,Female,Worcester MA,IT & Technology Staff,Smart Watch,Pulse Sport,Activity Logging,WellnessCloud,9/13/2025,1
CUST-0369,33,Female,Providence RI,IT & Technology Staff,Peripheral,Wireless Hub,Data Aggregation,MeshConnect SaaS,9/13/2025,1
CUST-0002,34,Male,Manchester NH,Research Scientist,Tablet,Tab Studio,Remote Diagnosis,DataViz Suite,9/14/2025,2
CUST-0036,27,Female,Bridgeport CT,Clinical Administrator,Peripheral,BioSensor Band,Vitals Streaming,VitalsNet SaaS,9/14/2025,1
CUST-0044,38,Male,Concord NH,Healthcare Professional,Smart Watch,Pulse Elite,Remote Patient Check-in,HealthSync Pro,9/14/2025,1
CUST-0011,21,Female,Springfield MA,Student / Academic,Smart Watch,Pulse Elite,Remote Patient Check-in,HealthSync Pro,9/14/2025,2
CUST-0206,27,Female,Springfield MA,Research Scientist,Tablet,Tab Studio,Creative Workflow,DesignHub SaaS,9/14/2025,2
CUST-0080,22,Female,Bridgeport CT,Healthcare Professional,Peripheral,BioSensor Band,Remote Monitoring,BioStream API,9/15/2025,3
CUST-0050,18,Prefer not to say,Bridgeport CT,Field Technician,Peripheral,Keyboard Fold,Remote Input,AdminFlow SaaS,9/15/2025,1
CUST-0245,27,Male,Providence RI,Clinical Administrator,Peripheral,BioSensor Band,Remote Monitoring,BioStream API,9/15/2025,5
CUST-0401,18,Male,Burlington VT,Student / Academic,Peripheral,Keyboard Fold,Remote Input,TeleSetup Pro,9/15/2025,3
CUST-0362,51,Female,Springfield MA,Clinical Administrator,Tablet,Tab Pro 12,Telehealth Consult,EduHealth SaaS,9/15/2025,1
CUST-0184,26,Male,Manchester NH,Student / Academic,Peripheral,Stylus Pro,Clinical Note-taking,NoteStream SaaS,9/16/2025,5
CUST-0276,48,Female,Hartford CT,Practice Manager,Smart Watch,Pulse Elite,Remote Patient Check-in,FitCore SaaS,9/16/2025,1
CUST-0054,43,Male,Springfield MA,Clinical Administrator,Peripheral,BioSensor Band,Vitals Streaming,VitalsNet SaaS,9/16/2025,1
CUST-0105,31,Female,Burlington VT,IT & Technology Staff,Peripheral,Keyboard Fold,Administrative Tasks,TeleSetup Pro,9/16/2025,2
CUST-0388,43,Male,Hartford CT,Field Technician,Tablet,Tab Compact,Inventory Management,IntakeFlow,9/16/2025,1
CUST-0010,42,Male,Manchester NH,Clinical Administrator,Tablet,Tab Pro 12,Patient Education,EduHealth SaaS,9/17/2025,1
CUST-0256,44,Female,Burlington VT,Patient / Consumer,Peripheral,BioSensor Band,Vitals Streaming,BioStream API,9/17/2025,4
CUST-0151,46,Male,Providence RI,Practice Manager,Peripheral,Wireless Hub,Device Pairing,ClinicHub Pro,9/17/2025,3
CUST-0375,65,Female,Bridgeport CT,Practice Manager,Tablet,Tab Compact,Inventory Management,IntakeFlow,9/17/2025,1
CUST-0124,29,Male,Bridgeport CT,Patient / Consumer,Peripheral,Keyboard Fold,Telehealth Setup,TeleSetup Pro,9/17/2025,1
CUST-0079,42,Female,Boston MA,Healthcare Professional,Peripheral,Stylus Pro,Digital Annotation,SignFlow,9/17/2025,2
CUST-0278,30,Female,Burlington VT,Research Scientist,Peripheral,Wireless Hub,Clinic Network,MeshConnect SaaS,9/17/2025,5
CUST-0145,25,Male,Portland ME,Student / Academic,Smart Watch,Pulse Elite,Health Monitoring,FitCore SaaS,9/17/2025,1
CUST-0069,47,Female,Bridgeport CT,Practice Manager,Peripheral,BioSensor Band,Continuous Glucose Monitor,VitalsNet SaaS,9/17/2025,1
CUST-0040,34,Female,Manchester NH,IT & Technology Staff,Smart Watch,Pulse Sport,Sleep Analysis,WellnessCloud,9/17/2025,1
CUST-0260,49,Prefer not to say,Burlington VT,Healthcare Professional,Peripheral,Stylus Pro,Clinical Note-taking,NoteStream SaaS,9/18/2025,1
CUST-0305,41,Female,Portland ME,Healthcare Professional,Peripheral,Wireless Hub,Clinic Network,MeshConnect SaaS,9/18/2025,1
CUST-0234,41,Non-binary,Hartford CT,Patient / Consumer,Peripheral,BioSensor Band,Continuous Glucose Monitor,BioStream API,9/18/2025,2
CUST-0059,57,Female,Portland ME,Patient / Consumer,Smart Watch,Pulse Elite,Fitness Tracking,FitCore SaaS,9/18/2025,1
CUST-0074,45,Male,Worcester MA,IT & Technology Staff,Peripheral,Stylus Pro,Digital Annotation,NoteStream SaaS,9/18/2025,2
CUST-0084,26,Male,Springfield MA,Field Technician,Tablet,Tab Compact,Inventory Management,IntakeFlow,9/18/2025,4
CUST-0023,36,Female,Boston MA,Research Scientist,Peripheral,Keyboard Fold,Administrative Tasks,TeleSetup Pro,9/18/2025,2
CUST-0060,40,Female,Springfield MA,IT & Technology Staff,Tablet,Tab Compact,Inventory Management,IntakeFlow,9/18/2025,1
CUST-0201,47,Female,Worcester MA,Practice Manager,Peripheral,BioSensor Band,Continuous Glucose Monitor,BioStream API,9/18/2025,3
CUST-0236,50,Male,Boston MA,Practice Manager,Smart Watch,Pulse Sport,Fitness Tracking,FitCore SaaS,9/18/2025,1
CUST-0360,19,Male,Burlington VT,Student / Academic,Peripheral,Stylus Pro,E-Signature,SignFlow,9/18/2025,2
CUST-0393,26,Male,Concord NH,Clinical Administrator,Tablet,Tab Pro 12,Clinical Documentation,EduHealth SaaS,9/18/2025,1
CUST-0384,21,Male,Springfield MA,Student / Academic,Smart Watch,Pulse Elite,Fitness Tracking,HealthSync Pro,9/18/2025,2
CUST-0011,21,Female,Springfield MA,Student / Academic,Peripheral,Charging Dock,Clinical Stations,PowerDesk SaaS,9/18/2025,2
CUST-0263,18,Male,Springfield MA,Patient / Consumer,Peripheral,Stylus Pro,E-Signature,NoteStream SaaS,9/18/2025,1
CUST-0053,37,Male,Portland ME,Practice Manager,Peripheral,Privacy Shield,Secure Display,ComplianceGuard,9/19/2025,2
CUST-0235,57,Female,Worcester MA,Clinical Administrator,Smart Watch,Pulse Sport,Activity Logging,FitCore SaaS,9/19/2025,1
CUST-0017,28,Female,Manchester NH,Clinical Administrator,Peripheral,Keyboard Fold,Administrative Tasks,TeleSetup Pro,9/19/2025,3
CUST-0297,52,Prefer not to say,Providence RI,Practice Manager,Peripheral,Keyboard Fold,Remote Input,TeleSetup Pro,9/19/2025,1
CUST-0059,57,Female,Portland ME,Patient / Consumer,Smart Watch,Pulse Sport,Activity Logging,FitCore SaaS,9/19/2025,2
CUST-0051,38,Female,Worcester MA,Research Scientist,Tablet,Tab Compact,Inventory Management,IntakeFlow,9/20/2025,1
CUST-0065,45,Male,Concord NH,Clinical Administrator,Tablet,Tab Pro 12,Clinical Documentation,ClinicalOS,9/20/2025,2
CUST-0309,47,Male,Boston MA,Healthcare Professional,Smart Watch,Pulse Elite,Remote Patient Check-in,HealthSync Pro,9/20/2025,2
CUST-0068,68,Female,Manchester NH,Patient / Consumer,Tablet,Tab Pro 12,Telehealth Consult,TeleDoc Platform,9/21/2025,2
CUST-0184,26,Male,Manchester NH,Student / Academic,Tablet,Tab Compact,Patient Intake,FieldOps SaaS,9/21/2025,1
CUST-0098,56,Non-binary,Manchester NH,Patient / Consumer,Smart Watch,Pulse Elite,Health Monitoring,FitCore SaaS,9/21/2025,1
CUST-0294,35,Male,Worcester MA,Field Technician,Tablet,Tab Studio,Data Visualisation,DiagnosticAI,9/21/2025,1
CUST-0094,35,Female,Concord NH,Clinical Administrator,Peripheral,Charging Dock,Fleet Management,PowerDesk SaaS,9/22/2025,3
CUST-0090,49,Male,Manchester NH,Practice Manager,Smart Watch,Pulse Sport,Sleep Analysis,WellnessCloud,9/22/2025,1
CUST-0079,42,Female,Boston MA,Healthcare Professional,Peripheral,Keyboard Fold,Telehealth Setup,TeleSetup Pro,9/22/2025,1
CUST-0202,37,Female,Burlington VT,IT & Technology Staff,Smart Watch,Pulse Sport,Activity Logging,WellnessCloud,9/22/2025,2
CUST-0292,26,Female,Concord NH,Field Technician,Tablet,Tab Pro 12,Telehealth Consult,TeleDoc Platform,9/22/2025,1
CUST-0198,24,Male,Concord NH,Student / Academic,Peripheral,Stylus Pro,Clinical Note-taking,NoteStream SaaS,9/22/2025,1
CUST-0393,26,Male,Concord NH,Clinical Administrator,Peripheral,Privacy Shield,Screen Privacy,ComplianceGuard,9/22/2025,3
CUST-0160,62,Female,Bridgeport CT,Patient / Consumer,Peripheral,Wireless Hub,Device Pairing,ClinicHub Pro,9/23/2025,1
CUST-0378,54,Female,Boston MA,Patient / Consumer,Tablet,Tab Studio,Data Visualisation,DiagnosticAI,9/23/2025,2
CUST-0242,29,Male,Springfield MA,Field Technician,Peripheral,Keyboard Fold,Remote Input,AdminFlow SaaS,9/23/2025,4
CUST-0237,18,Male,Springfield MA,IT & Technology Staff,Tablet,Tab Studio,Remote Diagnosis,DesignHub SaaS,9/23/2025,1
CUST-0089,28,Female,Burlington VT,IT & Technology Staff,Peripheral,Stylus Pro,Digital Annotation,SignFlow,9/23/2025,3
CUST-0026,24,Male,Hartford CT,Student / Academic,Tablet,Tab Pro 12,Patient Education,EduHealth SaaS,9/23/2025,1
CUST-0253,49,Male,Providence RI,IT & Technology Staff,Peripheral,Keyboard Fold,Administrative Tasks,TeleSetup Pro,9/23/2025,4
CUST-0267,46,Male,Hartford CT,IT & Technology Staff,Tablet,Tab Studio,Creative Workflow,DiagnosticAI,9/23/2025,1
CUST-0101,23,Female,Portland ME,Research Scientist,Smart Watch,Pulse Elite,Health Monitoring,HealthSync Pro,9/24/2025,1
CUST-0291,41,Male,Bridgeport CT,Practice Manager,Peripheral,Charging Dock,Multi-Device Charging,PowerDesk SaaS,9/24/2025,3
CUST-0238,54,Male,Portland ME,Patient / Consumer,Smart Watch,Pulse Elite,Remote Patient Check-in,HealthSync Pro,9/24/2025,2
CUST-0385,39,Female,Springfield MA,Patient / Consumer,Smart Watch,Pulse Elite,Fitness Tracking,FitCore SaaS,9/24/2025,2
CUST-0264,22,Female,Hartford CT,Field Technician,Peripheral,Privacy Shield,HIPAA Compliance,ComplianceGuard,9/24/2025,1
CUST-0093,40,Male,Concord NH,Patient / Consumer,Tablet,Tab Pro 12,Patient Education,TeleDoc Platform,9/24/2025,2
CUST-0266,18,Male,Manchester NH,Student / Academic,Peripheral,Stylus Pro,Digital Annotation,NoteStream SaaS,9/24/2025,2
CUST-0154,46,Male,Portland ME,Practice Manager,Peripheral,Wireless Hub,Device Pairing,ClinicHub Pro,9/24/2025,2
CUST-0205,25,Male,Hartford CT,Clinical Administrator,Smart Watch,Pulse Elite,Remote Patient Check-in,FitCore SaaS,9/24/2025,1
CUST-0078,33,Prefer not to say,Springfield MA,Research Scientist,Peripheral,Privacy Shield,HIPAA Compliance,ComplianceGuard,9/24/2025,1
CUST-0224,21,Male,Hartford CT,Research Scientist,Tablet,Tab Studio,Data Visualisation,DataViz Suite,9/25/2025,1
CUST-0048,41,Male,Hartford CT,IT & Technology Staff,Smart Watch,Pulse Sport,Fitness Tracking,WellnessCloud,9/25/2025,2
CUST-0184,26,Male,Manchester NH,Student / Academic,Peripheral,BioSensor Band,Continuous Glucose Monitor,VitalsNet SaaS,9/25/2025,4
CUST-0052,22,Male,Bridgeport CT,Student / Academic,Tablet,Tab Studio,Data Visualisation,DesignHub SaaS,9/25/2025,3
CUST-0058,22,Male,Portland ME,Student / Academic,Peripheral,Keyboard Fold,Remote Input,TeleSetup Pro,9/25/2025,1
CUST-0375,65,Female,Bridgeport CT,Practice Manager,Tablet,Tab Compact,Inventory Management,FieldOps SaaS,9/25/2025,2
CUST-0269,37,Female,Concord NH,Healthcare Professional,Smart Watch,Pulse Elite,Remote Patient Check-in,HealthSync Pro,9/26/2025,1
CUST-0235,57,Female,Worcester MA,Clinical Administrator,Peripheral,BioSensor Band,Continuous Glucose Monitor,BioStream API,9/26/2025,3
CUST-0089,28,Female,Burlington VT,IT & Technology Staff,Tablet,Tab Studio,Data Visualisation,DiagnosticAI,9/26/2025,1
CUST-0303,44,Female,Bridgeport CT,Clinical Administrator,Tablet,Tab Pro 12,Telehealth Consult,EduHealth SaaS,9/26/2025,2
CUST-0147,23,Male,Portland ME,IT & Technology Staff,Peripheral,Wireless Hub,Data Aggregation,MeshConnect SaaS,9/27/2025,2
CUST-0369,33,Female,Providence RI,IT & Technology Staff,Tablet,Tab Studio,Creative Workflow,DesignHub SaaS,9/27/2025,3
CUST-0056,46,Female,Boston MA,Clinical Administrator,Peripheral,BioSensor Band,Vitals Streaming,BioStream API,9/27/2025,2
CUST-0103,38,Male,Worcester MA,Healthcare Professional,Tablet,Tab Pro 12,Patient Education,ClinicalOS,9/27/2025,1
CUST-0382,21,Female,Manchester NH,Student / Academic,Peripheral,Stylus Pro,Clinical Note-taking,NoteStream SaaS,9/27/2025,2
CUST-0005,39,Female,Bridgeport CT,Healthcare Professional,Smart Watch,Pulse Elite,Fitness Tracking,FitCore SaaS,9/28/2025,1
CUST-0420,42,Male,Burlington VT,Healthcare Professional,Tablet,Tab Pro 12,Telehealth Consult,EduHealth SaaS,9/28/2025,4
CUST-0276,48,Female,Hartford CT,Practice Manager,Peripheral,Keyboard Fold,Telehealth Setup,AdminFlow SaaS,9/28/2025,3
CUST-0389,36,Male,Manchester NH,Field Technician,Peripheral,Wireless Hub,Clinic Network,ClinicHub Pro,9/29/2025,3
CUST-0012,44,Female,Hartford CT,Patient / Consumer,Smart Watch,Pulse Elite,Remote Patient Check-in,HealthSync Pro,9/29/2025,1
CUST-0420,42,Male,Burlington VT,Healthcare Professional,Smart Watch,Pulse Elite,Fitness Tracking,FitCore SaaS,9/29/2025,1
CUST-0075,18,Non-binary,Hartford CT,Patient / Consumer,Peripheral,Stylus Pro,Clinical Note-taking,NoteStream SaaS,9/29/2025,3
CUST-0238,54,Male,Portland ME,Patient / Consumer,Peripheral,Privacy Shield,Screen Privacy,SecureView SaaS,9/29/2025,1
CUST-0179,39,Male,Concord NH,Healthcare Professional,Tablet,Tab Pro 12,Clinical Documentation,TeleDoc Platform,9/29/2025,1
CUST-0171,37,Female,Worcester MA,Patient / Consumer,Peripheral,Keyboard Fold,Administrative Tasks,AdminFlow SaaS,9/29/2025,2
CUST-0194,26,Female,Portland ME,Clinical Administrator,Peripheral,Wireless Hub,Device Pairing,ClinicHub Pro,9/29/2025,3
CUST-0379,63,Prefer not to say,Worcester MA,Healthcare Professional,Peripheral,BioSensor Band,Remote Monitoring,VitalsNet SaaS,9/29/2025,1
CUST-0406,37,Female,Worcester MA,IT & Technology Staff,Tablet,Tab Studio,Creative Workflow,DiagnosticAI,9/29/2025,1
CUST-0297,52,Prefer not to say,Providence RI,Practice Manager,Peripheral,Charging Dock,Clinical Stations,PowerDesk SaaS,9/29/2025,2
CUST-0365,42,Male,Bridgeport CT,Research Scientist,Peripheral,Keyboard Fold,Administrative Tasks,AdminFlow SaaS,9/30/2025,1
CUST-0274,44,Female,Portland ME,Practice Manager,Peripheral,Keyboard Fold,Remote Input,AdminFlow SaaS,9/30/2025,3
CUST-0225,44,Female,Bridgeport CT,Patient / Consumer,Smart Watch,Pulse Elite,Remote Patient Check-in,FitCore SaaS,9/30/2025,3
CUST-0287,28,Male,Bridgeport CT,Field Technician,Smart Watch,Pulse Elite,Fitness Tracking,HealthSync Pro,9/30/2025,1
CUST-0314,52,Non-binary,Providence RI,Practice Manager,Peripheral,Privacy Shield,HIPAA Compliance,ComplianceGuard,9/30/2025,2
CUST-0297,52,Prefer not to say,Providence RI,Practice Manager,Peripheral,Keyboard Fold,Telehealth Setup,TeleSetup Pro,9/30/2025,4
CUST-0074,45,Male,Worcester MA,IT & Technology Staff,Peripheral,Wireless Hub,Device Pairing,ClinicHub Pro,9/30/2025,7
CUST-0297,52,Prefer not to say,Providence RI,Practice Manager,Peripheral,Charging Dock,Clinical Stations,PowerDesk SaaS,9/30/2025,3
CUST-0331,51,Female,Boston MA,Patient / Consumer,Smart Watch,Pulse Elite,Health Monitoring,HealthSync Pro,9/30/2025,1
CUST-0332,19,Female,Manchester NH,Student / Academic,Peripheral,Keyboard Fold,Remote Input,TeleSetup Pro,9/30/2025,2
CUST-0080,22,Female,Bridgeport CT,Healthcare Professional,Peripheral,Stylus Pro,Digital Annotation,NoteStream SaaS,10/1/2025,2
CUST-0308,38,Male,Burlington VT,Practice Manager,Peripheral,Keyboard Fold,Telehealth Setup,TeleSetup Pro,10/1/2025,1
CUST-0088,25,Male,Worcester MA,Student / Academic,Peripheral,Stylus Pro,Clinical Note-taking,SignFlow,10/1/2025,2
CUST-0207,33,Male,Hartford CT,Field Technician,Smart Watch,Pulse Elite,Health Monitoring,FitCore SaaS,10/1/2025,1
CUST-0001,42,Male,Burlington VT,Clinical Administrator,Tablet,Tab Studio,Data Visualisation,DataViz Suite,10/1/2025,4
CUST-0140,21,Female,Boston MA,Field Technician,Peripheral,BioSensor Band,Continuous Glucose Monitor,BioStream API,10/1/2025,1
CUST-0386,31,Male,Manchester NH,Field Technician,Tablet,Tab Compact,Inventory Management,InvTrack Pro,10/2/2025,2
CUST-0212,48,Male,Worcester MA,Clinical Administrator,Tablet,Tab Pro 12,Clinical Documentation,EduHealth SaaS,10/2/2025,1
CUST-0391,19,Non-binary,Hartford CT,Student / Academic,Tablet,Tab Studio,Remote Diagnosis,DataViz Suite,10/2/2025,1
CUST-0294,35,Male,Worcester MA,Field Technician,Tablet,Tab Compact,Inventory Management,IntakeFlow,10/2/2025,3
CUST-0236,50,Male,Boston MA,Practice Manager,Tablet,Tab Pro 12,Telehealth Consult,ClinicalOS,10/2/2025,3
CUST-0283,77,Male,Hartford CT,Patient / Consumer,Peripheral,Stylus Pro,Digital Annotation,SignFlow,10/2/2025,3
CUST-0081,31,Male,Bridgeport CT,IT & Technology Staff,Tablet,Tab Studio,Data Visualisation,DataViz Suite,10/2/2025,5
CUST-0321,36,Prefer not to say,Hartford CT,Research Scientist,Peripheral,Privacy Shield,Screen Privacy,SecureView SaaS,10/2/2025,3
CUST-0262,43,Female,Hartford CT,Practice Manager,Peripheral,Privacy Shield,Secure Display,SecureView SaaS,10/2/2025,2
CUST-0410,37,Male,Concord NH,IT & Technology Staff,Tablet,Tab Compact,Field Data Entry,IntakeFlow,10/2/2025,2
CUST-0296,25,Male,Providence RI,Field Technician,Peripheral,Charging Dock,Multi-Device Charging,FleetCharge Pro,10/3/2025,1
CUST-0179,39,Male,Concord NH,Healthcare Professional,Tablet,Tab Pro 12,Patient Education,EduHealth SaaS,10/3/2025,2
CUST-0076,65,Male,Bridgeport CT,Patient / Consumer,Peripheral,Charging Dock,Fleet Management,PowerDesk SaaS,10/3/2025,1
CUST-0264,22,Female,Hartford CT,Field Technician,Tablet,Tab Compact,Inventory Management,InvTrack Pro,10/3/2025,2
CUST-0409,30,Male,Concord NH,Field Technician,Tablet,Tab Pro 12,Clinical Documentation,EduHealth SaaS,10/3/2025,3
CUST-0274,44,Female,Portland ME,Practice Manager,Peripheral,Privacy Shield,Secure Display,ComplianceGuard,10/3/2025,3
CUST-0005,39,Female,Bridgeport CT,Healthcare Professional,Smart Watch,Pulse Sport,Fitness Tracking,FitCore SaaS,10/3/2025,1
CUST-0278,30,Female,Burlington VT,Research Scientist,Tablet,Tab Studio,Data Visualisation,DesignHub SaaS,10/3/2025,3
CUST-0315,47,Female,Burlington VT,Research Scientist,Smart Watch,Pulse Elite,Health Monitoring,FitCore SaaS,10/4/2025,1
CUST-0218,41,Female,Concord NH,Practice Manager,Tablet,Tab Pro 12,Telehealth Consult,TeleDoc Platform,10/4/2025,2
CUST-0084,26,Male,Springfield MA,Field Technician,Smart Watch,Pulse Elite,Health Monitoring,HealthSync Pro,10/4/2025,4
CUST-0217,39,Female,Concord NH,Patient / Consumer,Smart Watch,Pulse Sport,Fitness Tracking,WellnessCloud,10/4/2025,2
CUST-0238,54,Male,Portland ME,Patient / Consumer,Smart Watch,Pulse Sport,Activity Logging,FitCore SaaS,10/4/2025,1
CUST-0274,44,Female,Portland ME,Practice Manager,Peripheral,Charging Dock,Clinical Stations,PowerDesk SaaS,10/5/2025,2
CUST-0125,34,Female,Bridgeport CT,Field Technician,Peripheral,Charging Dock,Clinical Stations,FleetCharge Pro,10/5/2025,3
CUST-0075,18,Non-binary,Hartford CT,Patient / Consumer,Peripheral,Wireless Hub,Device Pairing,MeshConnect SaaS,10/5/2025,2
CUST-0228,34,Male,Bridgeport CT,Patient / Consumer,Peripheral,BioSensor Band,Continuous Glucose Monitor,BioStream API,10/5/2025,3
CUST-0221,80,Male,Portland ME,Patient / Consumer,Peripheral,Keyboard Fold,Telehealth Setup,AdminFlow SaaS,10/6/2025,1
CUST-0401,18,Male,Burlington VT,Student / Academic,Smart Watch,Pulse Elite,Health Monitoring,FitCore SaaS,10/6/2025,1
CUST-0094,35,Female,Concord NH,Clinical Administrator,Tablet,Tab Compact,Patient Intake,InvTrack Pro,10/6/2025,3
CUST-0181,34,Male,Worcester MA,Field Technician,Peripheral,Keyboard Fold,Telehealth Setup,AdminFlow SaaS,10/6/2025,1
CUST-0355,29,Female,Hartford CT,Field Technician,Peripheral,Stylus Pro,Digital Annotation,NoteStream SaaS,10/6/2025,1
CUST-0223,44,Female,Providence RI,Clinical Administrator,Tablet,Tab Compact,Field Data Entry,IntakeFlow,10/7/2025,2
CUST-0098,56,Non-binary,Manchester NH,Patient / Consumer,Smart Watch,Pulse Elite,Remote Patient Check-in,FitCore SaaS,10/7/2025,3
CUST-0054,43,Male,Springfield MA,Clinical Administrator,Peripheral,Charging Dock,Fleet Management,FleetCharge Pro,10/7/2025,4
CUST-0062,28,Male,Manchester NH,Field Technician,Smart Watch,Pulse Sport,Sleep Analysis,WellnessCloud,10/7/2025,1
CUST-0359,25,Male,Concord NH,Student / Academic,Smart Watch,Pulse Elite,Fitness Tracking,HealthSync Pro,10/7/2025,1
CUST-0166,41,Male,Concord NH,Clinical Administrator,Peripheral,Privacy Shield,Screen Privacy,ComplianceGuard,10/7/2025,1
CUST-0412,24,Female,Boston MA,IT & Technology Staff,Tablet,Tab Studio,Data Visualisation,DataViz Suite,10/7/2025,2
CUST-0134,40,Male,Manchester NH,Research Scientist,Peripheral,Wireless Hub,Clinic Network,MeshConnect SaaS,10/7/2025,1
CUST-0108,39,Non-binary,Providence RI,Clinical Administrator,Peripheral,Wireless Hub,Data Aggregation,ClinicHub Pro,10/7/2025,5
CUST-0236,50,Male,Boston MA,Practice Manager,Peripheral,Charging Dock,Fleet Management,FleetCharge Pro,10/8/2025,1
CUST-0289,56,Female,Springfield MA,Patient / Consumer,Smart Watch,Pulse Elite,Health Monitoring,HealthSync Pro,10/8/2025,1
CUST-0318,30,Male,Concord NH,IT & Technology Staff,Peripheral,BioSensor Band,Vitals Streaming,VitalsNet SaaS,10/8/2025,1
CUST-0231,36,Male,Boston MA,Practice Manager,Tablet,Tab Studio,Creative Workflow,DiagnosticAI,10/8/2025,1
CUST-0020,29,Female,Manchester NH,Patient / Consumer,Tablet,Tab Studio,Data Visualisation,DataViz Suite,10/8/2025,1
CUST-0226,69,Prefer not to say,Portland ME,Patient / Consumer,Tablet,Tab Studio,Creative Workflow,DiagnosticAI,10/8/2025,1
CUST-0108,39,Non-binary,Providence RI,Clinical Administrator,Peripheral,Wireless Hub,Clinic Network,ClinicHub Pro,10/8/2025,2
CUST-0354,28,Female,Providence RI,Field Technician,Smart Watch,Pulse Sport,Sleep Analysis,WellnessCloud,10/8/2025,1
CUST-0153,25,Male,Bridgeport CT,Field Technician,Tablet,Tab Pro 12,Patient Education,EduHealth SaaS,10/8/2025,3
CUST-0372,26,Male,Burlington VT,Student / Academic,Tablet,Tab Compact,Patient Intake,FieldOps SaaS,10/8/2025,1
CUST-0266,18,Male,Manchester NH,Student / Academic,Peripheral,BioSensor Band,Vitals Streaming,VitalsNet SaaS,10/8/2025,1
CUST-0052,22,Male,Bridgeport CT,Student / Academic,Peripheral,BioSensor Band,Vitals Streaming,VitalsNet SaaS,10/8/2025,1
CUST-0336,31,Male,Hartford CT,IT & Technology Staff,Peripheral,Privacy Shield,Screen Privacy,ComplianceGuard,10/8/2025,6
CUST-0040,34,Female,Manchester NH,IT & Technology Staff,Peripheral,Wireless Hub,Device Pairing,ClinicHub Pro,10/8/2025,4
CUST-0157,43,Female,Bridgeport CT,Field Technician,Peripheral,Privacy Shield,Secure Display,SecureView SaaS,10/8/2025,5
CUST-0262,43,Female,Hartford CT,Practice Manager,Peripheral,Stylus Pro,Clinical Note-taking,NoteStream SaaS,10/8/2025,3
CUST-0212,48,Male,Worcester MA,Clinical Administrator,Smart Watch,Pulse Elite,Remote Patient Check-in,HealthSync Pro,10/9/2025,1
CUST-0377,50,Female,Bridgeport CT,Healthcare Professional,Smart Watch,Pulse Elite,Health Monitoring,HealthSync Pro,10/9/2025,2
CUST-0322,43,Male,Springfield MA,Clinical Administrator,Peripheral,BioSensor Band,Vitals Streaming,VitalsNet SaaS,10/9/2025,1
CUST-0144,39,Male,Springfield MA,Clinical Administrator,Peripheral,Keyboard Fold,Telehealth Setup,AdminFlow SaaS,10/9/2025,2
CUST-0372,26,Male,Burlington VT,Student / Academic,Peripheral,Charging Dock,Clinical Stations,PowerDesk SaaS,10/9/2025,5
CUST-0293,30,Prefer not to say,Portland ME,Research Scientist,Tablet,Tab Studio,Data Visualisation,DiagnosticAI,10/9/2025,2
CUST-0171,37,Female,Worcester MA,Patient / Consumer,Peripheral,Keyboard Fold,Telehealth Setup,TeleSetup Pro,10/9/2025,1
CUST-0382,21,Female,Manchester NH,Student / Academic,Peripheral,Stylus Pro,Digital Annotation,NoteStream SaaS,10/9/2025,3
CUST-0036,27,Female,Bridgeport CT,Clinical Administrator,Peripheral,Privacy Shield,HIPAA Compliance,SecureView SaaS,10/10/2025,4
CUST-0056,46,Female,Boston MA,Clinical Administrator,Smart Watch,Pulse Elite,Remote Patient Check-in,FitCore SaaS,10/10/2025,1
CUST-0405,21,Male,Providence RI,Student / Academic,Smart Watch,Pulse Elite,Fitness Tracking,FitCore SaaS,10/10/2025,2
CUST-0327,46,Female,Concord NH,Research Scientist,Peripheral,Charging Dock,Multi-Device Charging,FleetCharge Pro,10/10/2025,3
CUST-0350,31,Male,Boston MA,IT & Technology Staff,Peripheral,Keyboard Fold,Administrative Tasks,TeleSetup Pro,10/10/2025,1
CUST-0405,21,Male,Providence RI,Student / Academic,Tablet,Tab Compact,Field Data Entry,IntakeFlow,10/10/2025,2
CUST-0107,43,Female,Manchester NH,Field Technician,Smart Watch,Pulse Sport,Sleep Analysis,WellnessCloud,10/10/2025,1
CUST-0114,47,Prefer not to say,Providence RI,Field Technician,Peripheral,Wireless Hub,Device Pairing,MeshConnect SaaS,10/10/2025,2
CUST-0158,48,Female,Hartford CT,Practice Manager,Tablet,Tab Pro 12,Telehealth Consult,ClinicalOS,10/10/2025,1
CUST-0115,34,Female,Providence RI,Research Scientist,Peripheral,Stylus Pro,Clinical Note-taking,NoteStream SaaS,10/10/2025,2
CUST-0179,39,Male,Concord NH,Healthcare Professional,Smart Watch,Pulse Elite,Health Monitoring,HealthSync Pro,10/11/2025,2
CUST-0110,32,Male,Boston MA,IT & Technology Staff,Smart Watch,Pulse Sport,Sleep Analysis,WellnessCloud,10/11/2025,2
CUST-0060,40,Female,Springfield MA,IT & Technology Staff,Peripheral,Privacy Shield,Screen Privacy,ComplianceGuard,10/12/2025,2
CUST-0021,44,Female,Portland ME,IT & Technology Staff,Peripheral,Charging Dock,Clinical Stations,PowerDesk SaaS,10/12/2025,3
CUST-0023,36,Female,Boston MA,Research Scientist,Tablet,Tab Studio,Remote Diagnosis,DataViz Suite,10/13/2025,1
CUST-0323,19,Female,Burlington VT,Student / Academic,Smart Watch,Pulse Elite,Health Monitoring,HealthSync Pro,10/13/2025,1
CUST-0245,27,Male,Providence RI,Clinical Administrator,Peripheral,Privacy Shield,Screen Privacy,ComplianceGuard,10/13/2025,4
CUST-0381,35,Male,Manchester NH,Practice Manager,Smart Watch,Pulse Sport,Activity Logging,FitCore SaaS,10/13/2025,1
CUST-0396,21,Female,Worcester MA,Student / Academic,Peripheral,Keyboard Fold,Telehealth Setup,TeleSetup Pro,10/13/2025,4
CUST-0378,54,Female,Boston MA,Patient / Consumer,Peripheral,Keyboard Fold,Telehealth Setup,AdminFlow SaaS,10/13/2025,1
CUST-0095,45,Male,Bridgeport CT,Patient / Consumer,Peripheral,Wireless Hub,Clinic Network,MeshConnect SaaS,10/13/2025,3
CUST-0200,27,Male,Concord NH,Clinical Administrator,Tablet,Tab Compact,Patient Intake,FieldOps SaaS,10/13/2025,1
CUST-0201,47,Female,Worcester MA,Practice Manager,Smart Watch,Pulse Elite,Remote Patient Check-in,FitCore SaaS,10/13/2025,4
CUST-0073,35,Female,Boston MA,Research Scientist,Smart Watch,Pulse Sport,Activity Logging,FitCore SaaS,10/13/2025,2
CUST-0392,42,Male,Manchester NH,Clinical Administrator,Tablet,Tab Pro 12,Patient Education,ClinicalOS,10/13/2025,2
CUST-0282,50,Non-binary,Burlington VT,Practice Manager,Tablet,Tab Pro 12,Telehealth Consult,TeleDoc Platform,10/13/2025,1
CUST-0296,25,Male,Providence RI,Field Technician,Smart Watch,Pulse Sport,Fitness Tracking,WellnessCloud,10/14/2025,1
CUST-0175,35,Female,Providence RI,IT & Technology Staff,Peripheral,Charging Dock,Multi-Device Charging,PowerDesk SaaS,10/14/2025,1
CUST-0361,40,Prefer not to say,Hartford CT,Research Scientist,Tablet,Tab Studio,Creative Workflow,DiagnosticAI,10/14/2025,1
CUST-0362,51,Female,Springfield MA,Clinical Administrator,Peripheral,Keyboard Fold,Remote Input,AdminFlow SaaS,10/14/2025,5
CUST-0249,80,Female,Hartford CT,Patient / Consumer,Peripheral,BioSensor Band,Vitals Streaming,BioStream API,10/14/2025,5
CUST-0313,35,Female,Portland ME,Field Technician,Peripheral,BioSensor Band,Continuous Glucose Monitor,VitalsNet SaaS,10/14/2025,1
CUST-0386,31,Male,Manchester NH,Field Technician,Tablet,Tab Compact,Field Data Entry,FieldOps SaaS,10/14/2025,2
CUST-0139,39,Female,Burlington VT,IT & Technology Staff,Tablet,Tab Pro 12,Clinical Documentation,ClinicalOS,10/14/2025,1
CUST-0027,21,Female,Hartford CT,Field Technician,Peripheral,BioSensor Band,Remote Monitoring,BioStream API,10/15/2025,1
CUST-0349,40,Female,Manchester NH,Patient / Consumer,Peripheral,Stylus Pro,Digital Annotation,SignFlow,10/15/2025,5
CUST-0078,33,Prefer not to say,Springfield MA,Research Scientist,Peripheral,Keyboard Fold,Telehealth Setup,AdminFlow SaaS,10/15/2025,2
CUST-0038,20,Male,Providence RI,Clinical Administrator,Tablet,Tab Pro 12,Patient Education,ClinicalOS,10/15/2025,1
CUST-0420,42,Male,Burlington VT,Healthcare Professional,Peripheral,Wireless Hub,Clinic Network,ClinicHub Pro,10/15/2025,3
CUST-0040,34,Female,Manchester NH,IT & Technology Staff,Peripheral,Charging Dock,Multi-Device Charging,PowerDesk SaaS,10/15/2025,2
CUST-0182,38,Female,Hartford CT,Patient / Consumer,Smart Watch,Pulse Elite,Health Monitoring,HealthSync Pro,10/15/2025,2
CUST-0076,65,Male,Bridgeport CT,Patient / Consumer,Smart Watch,Pulse Elite,Remote Patient Check-in,FitCore SaaS,10/15/2025,3
CUST-0142,30,Female,Hartford CT,Student / Academic,Smart Watch,Pulse Sport,Fitness Tracking,FitCore SaaS,10/16/2025,1
CUST-0015,18,Female,Manchester NH,Student / Academic,Smart Watch,Pulse Sport,Fitness Tracking,FitCore SaaS,10/16/2025,2
CUST-0217,39,Female,Concord NH,Patient / Consumer,Peripheral,Wireless Hub,Clinic Network,ClinicHub Pro,10/16/2025,6
CUST-0094,35,Female,Concord NH,Clinical Administrator,Tablet,Tab Compact,Inventory Management,FieldOps SaaS,10/16/2025,2
CUST-0237,18,Male,Springfield MA,IT & Technology Staff,Peripheral,Privacy Shield,HIPAA Compliance,ComplianceGuard,10/16/2025,2
CUST-0037,55,Female,Concord NH,Patient / Consumer,Peripheral,BioSensor Band,Continuous Glucose Monitor,BioStream API,10/16/2025,3
CUST-0210,80,Female,Burlington VT,Patient / Consumer,Smart Watch,Pulse Sport,Sleep Analysis,FitCore SaaS,10/16/2025,1
CUST-0330,43,Non-binary,Boston MA,Clinical Administrator,Peripheral,Privacy Shield,Screen Privacy,SecureView SaaS,10/16/2025,3
CUST-0061,39,Male,Hartford CT,Practice Manager,Peripheral,Keyboard Fold,Telehealth Setup,AdminFlow SaaS,10/16/2025,3
CUST-0041,63,Female,Bridgeport CT,Patient / Consumer,Smart Watch,Pulse Elite,Health Monitoring,HealthSync Pro,10/16/2025,1
CUST-0287,28,Male,Bridgeport CT,Field Technician,Smart Watch,Pulse Sport,Fitness Tracking,WellnessCloud,10/16/2025,1
CUST-0082,41,Female,Manchester NH,Clinical Administrator,Peripheral,Privacy Shield,Screen Privacy,SecureView SaaS,10/17/2025,2
CUST-0326,31,Female,Burlington VT,Practice Manager,Peripheral,Charging Dock,Clinical Stations,PowerDesk SaaS,10/17/2025,1
CUST-0024,23,Female,Concord NH,Research Scientist,Smart Watch,Pulse Elite,Fitness Tracking,FitCore SaaS,10/17/2025,2
CUST-0376,31,Female,Portland ME,Clinical Administrator,Tablet,Tab Compact,Patient Intake,FieldOps SaaS,10/17/2025,1
CUST-0286,18,Female,Burlington VT,IT & Technology Staff,Peripheral,Keyboard Fold,Remote Input,AdminFlow SaaS,10/17/2025,1
CUST-0068,68,Female,Manchester NH,Patient / Consumer,Peripheral,Keyboard Fold,Remote Input,AdminFlow SaaS,10/17/2025,3
CUST-0021,44,Female,Portland ME,IT & Technology Staff,Peripheral,Charging Dock,Fleet Management,PowerDesk SaaS,10/17/2025,1
CUST-0365,42,Male,Bridgeport CT,Research Scientist,Peripheral,BioSensor Band,Vitals Streaming,VitalsNet SaaS,10/17/2025,3
CUST-0033,29,Female,Worcester MA,Field Technician,Peripheral,Charging Dock,Fleet Management,FleetCharge Pro,10/17/2025,2
CUST-0083,51,Female,Portland ME,Clinical Administrator,Peripheral,Stylus Pro,Clinical Note-taking,NoteStream SaaS,10/17/2025,3
CUST-0360,19,Male,Burlington VT,Student / Academic,Tablet,Tab Pro 12,Patient Education,EduHealth SaaS,10/17/2025,1
CUST-0296,25,Male,Providence RI,Field Technician,Tablet,Tab Pro 12,Telehealth Consult,TeleDoc Platform,10/17/2025,2
CUST-0289,56,Female,Springfield MA,Patient / Consumer,Peripheral,BioSensor Band,Remote Monitoring,VitalsNet SaaS,10/18/2025,3
CUST-0040,34,Female,Manchester NH,IT & Technology Staff,Peripheral,Charging Dock,Fleet Management,PowerDesk SaaS,10/18/2025,2
CUST-0299,45,Female,Hartford CT,Clinical Administrator,Peripheral,Stylus Pro,E-Signature,SignFlow,10/18/2025,1
CUST-0020,29,Female,Manchester NH,Patient / Consumer,Tablet,Tab Pro 12,Patient Education,ClinicalOS,10/19/2025,1
CUST-0147,23,Male,Portland ME,IT & Technology Staff,Tablet,Tab Studio,Remote Diagnosis,DataViz Suite,10/19/2025,1
CUST-0158,48,Female,Hartford CT,Practice Manager,Tablet,Tab Studio,Remote Diagnosis,DiagnosticAI,10/19/2025,1
CUST-0416,31,Male,Manchester NH,Clinical Administrator,Tablet,Tab Pro 12,Telehealth Consult,ClinicalOS,10/19/2025,1
CUST-0209,26,Female,Concord NH,Student / Academic,Peripheral,Stylus Pro,E-Signature,SignFlow,10/20/2025,2
CUST-0395,29,Female,Worcester MA,Student / Academic,Tablet,Tab Studio,Remote Diagnosis,DiagnosticAI,10/20/2025,1
CUST-0292,26,Female,Concord NH,Field Technician,Peripheral,Keyboard Fold,Telehealth Setup,TeleSetup Pro,10/20/2025,1
CUST-0267,46,Male,Hartford CT,IT & Technology Staff,Peripheral,Charging Dock,Multi-Device Charging,FleetCharge Pro,10/20/2025,3
CUST-0042,37,Male,Providence RI,Research Scientist,Peripheral,Stylus Pro,Clinical Note-taking,NoteStream SaaS,10/20/2025,3
CUST-0353,39,Male,Concord NH,IT & Technology Staff,Peripheral,Wireless Hub,Clinic Network,ClinicHub Pro,10/20/2025,2
CUST-0188,37,Female,Portland ME,Clinical Administrator,Peripheral,Stylus Pro,E-Signature,SignFlow,10/20/2025,6
CUST-0170,24,Female,Concord NH,Field Technician,Peripheral,Keyboard Fold,Remote Input,AdminFlow SaaS,10/20/2025,1
CUST-0045,28,Male,Portland ME,Patient / Consumer,Smart Watch,Pulse Elite,Fitness Tracking,FitCore SaaS,10/20/2025,1
CUST-0295,45,Male,Hartford CT,Healthcare Professional,Peripheral,BioSensor Band,Continuous Glucose Monitor,BioStream API,10/21/2025,1
CUST-0361,40,Prefer not to say,Hartford CT,Research Scientist,Smart Watch,Pulse Sport,Activity Logging,WellnessCloud,10/21/2025,1
CUST-0332,19,Female,Manchester NH,Student / Academic,Smart Watch,Pulse Sport,Activity Logging,FitCore SaaS,10/21/2025,2
CUST-0027,21,Female,Hartford CT,Field Technician,Peripheral,Wireless Hub,Clinic Network,ClinicHub Pro,10/21/2025,2
CUST-0110,32,Male,Boston MA,IT & Technology Staff,Peripheral,Keyboard Fold,Remote Input,TeleSetup Pro,10/21/2025,6
CUST-0189,35,Female,Concord NH,Practice Manager,Peripheral,Keyboard Fold,Remote Input,TeleSetup Pro,10/21/2025,1
CUST-0348,25,Female,Hartford CT,Clinical Administrator,Tablet,Tab Pro 12,Patient Education,EduHealth SaaS,10/21/2025,1
CUST-0334,27,Male,Bridgeport CT,IT & Technology Staff,Peripheral,Charging Dock,Fleet Management,PowerDesk SaaS,10/21/2025,1
CUST-0100,31,Male,Springfield MA,IT & Technology Staff,Peripheral,Keyboard Fold,Administrative Tasks,TeleSetup Pro,10/21/2025,6
CUST-0276,48,Female,Hartford CT,Practice Manager,Smart Watch,Pulse Elite,Health Monitoring,FitCore SaaS,10/21/2025,1
CUST-0253,49,Male,Providence RI,IT & Technology Staff,Peripheral,Privacy Shield,Screen Privacy,SecureView SaaS,10/22/2025,1
CUST-0090,49,Male,Manchester NH,Practice Manager,Peripheral,Stylus Pro,E-Signature,SignFlow,10/22/2025,1
CUST-0040,34,Female,Manchester NH,IT & Technology Staff,Peripheral,Stylus Pro,Digital Annotation,NoteStream SaaS,10/22/2025,3
CUST-0263,18,Male,Springfield MA,Patient / Consumer,Peripheral,BioSensor Band,Remote Monitoring,VitalsNet SaaS,10/22/2025,2
CUST-0381,35,Male,Manchester NH,Practice Manager,Peripheral,Wireless Hub,Clinic Network,ClinicHub Pro,10/22/2025,4
CUST-0323,19,Female,Burlington VT,Student / Academic,Peripheral,Stylus Pro,Digital Annotation,SignFlow,10/22/2025,3
CUST-0037,55,Female,Concord NH,Patient / Consumer,Tablet,Tab Studio,Creative Workflow,DesignHub SaaS,10/22/2025,2
CUST-0034,22,Female,Hartford CT,Field Technician,Peripheral,Privacy Shield,Secure Display,SecureView SaaS,10/22/2025,1
CUST-0011,21,Female,Springfield MA,Student / Academic,Tablet,Tab Studio,Remote Diagnosis,DataViz Suite,10/23/2025,1
CUST-0350,31,Male,Boston MA,IT & Technology Staff,Peripheral,Wireless Hub,Device Pairing,MeshConnect SaaS,10/23/2025,2
CUST-0250,41,Female,Burlington VT,Clinical Administrator,Tablet,Tab Compact,Inventory Management,InvTrack Pro,10/23/2025,1
CUST-0344,26,Female,Concord NH,Field Technician,Tablet,Tab Compact,Field Data Entry,InvTrack Pro,10/23/2025,1
CUST-0308,38,Male,Burlington VT,Practice Manager,Tablet,Tab Compact,Field Data Entry,FieldOps SaaS,10/23/2025,1
CUST-0194,26,Female,Portland ME,Clinical Administrator,Peripheral,Keyboard Fold,Telehealth Setup,AdminFlow SaaS,10/23/2025,5
CUST-0092,46,Male,Portland ME,Clinical Administrator,Peripheral,Privacy Shield,Screen Privacy,ComplianceGuard,10/23/2025,4
CUST-0227,53,Male,Providence RI,Patient / Consumer,Peripheral,Wireless Hub,Clinic Network,ClinicHub Pro,10/24/2025,3
CUST-0048,41,Male,Hartford CT,IT & Technology Staff,Smart Watch,Pulse Sport,Activity Logging,FitCore SaaS,10/24/2025,3
CUST-0112,23,Male,Portland ME,Student / Academic,Tablet,Tab Pro 12,Patient Education,ClinicalOS,10/24/2025,4
CUST-0300,48,Female,Worcester MA,Healthcare Professional,Tablet,Tab Studio,Creative Workflow,DataViz Suite,10/24/2025,3
CUST-0234,41,Non-binary,Hartford CT,Patient / Consumer,Peripheral,Privacy Shield,Screen Privacy,ComplianceGuard,10/24/2025,3
CUST-0227,53,Male,Providence RI,Patient / Consumer,Smart Watch,Pulse Sport,Sleep Analysis,WellnessCloud,10/24/2025,3
CUST-0177,42,Male,Worcester MA,Healthcare Professional,Peripheral,Charging Dock,Multi-Device Charging,PowerDesk SaaS,10/24/2025,4
CUST-0133,31,Female,Bridgeport CT,Healthcare Professional,Peripheral,Privacy Shield,Screen Privacy,ComplianceGuard,10/24/2025,3
CUST-0287,28,Male,Bridgeport CT,Field Technician,Peripheral,BioSensor Band,Vitals Streaming,BioStream API,10/24/2025,1
CUST-0088,25,Male,Worcester MA,Student / Academic,Smart Watch,Pulse Sport,Fitness Tracking,FitCore SaaS,10/24/2025,2
CUST-0410,37,Male,Concord NH,IT & Technology Staff,Peripheral,BioSensor Band,Remote Monitoring,VitalsNet SaaS,10/25/2025,5
CUST-0268,29,Female,Worcester MA,Patient / Consumer,Smart Watch,Pulse Sport,Sleep Analysis,FitCore SaaS,10/25/2025,1
CUST-0417,76,Female,Springfield MA,Patient / Consumer,Peripheral,Wireless Hub,Clinic Network,ClinicHub Pro,10/25/2025,2
CUST-0357,41,Female,Portland ME,Healthcare Professional,Peripheral,Privacy Shield,Screen Privacy,SecureView SaaS,10/25/2025,5
CUST-0095,45,Male,Bridgeport CT,Patient / Consumer,Smart Watch,Pulse Sport,Fitness Tracking,FitCore SaaS,10/25/2025,1
CUST-0397,24,Prefer not to say,Springfield MA,Healthcare Professional,Peripheral,Stylus Pro,E-Signature,SignFlow,10/26/2025,4
CUST-0265,35,Female,Worcester MA,Clinical Administrator,Smart Watch,Pulse Sport,Fitness Tracking,FitCore SaaS,10/26/2025,1
CUST-0237,18,Male,Springfield MA,IT & Technology Staff,Peripheral,Charging Dock,Fleet Management,PowerDesk SaaS,10/26/2025,1
CUST-0049,35,Male,Springfield MA,IT & Technology Staff,Peripheral,Charging Dock,Multi-Device Charging,PowerDesk SaaS,10/27/2025,1
CUST-0323,19,Female,Burlington VT,Student / Academic,Peripheral,BioSensor Band,Continuous Glucose Monitor,BioStream API,10/27/2025,4
CUST-0180,60,Female,Concord NH,Research Scientist,Peripheral,BioSensor Band,Vitals Streaming,BioStream API,10/27/2025,1
CUST-0374,46,Female,Hartford CT,Clinical Administrator,Peripheral,BioSensor Band,Vitals Streaming,VitalsNet SaaS,10/27/2025,2
CUST-0237,18,Male,Springfield MA,IT & Technology Staff,Peripheral,Stylus Pro,Clinical Note-taking,SignFlow,10/27/2025,3
CUST-0231,36,Male,Boston MA,Practice Manager,Tablet,Tab Studio,Creative Workflow,DesignHub SaaS,10/27/2025,2
CUST-0368,42,Male,Providence RI,Healthcare Professional,Peripheral,Charging Dock,Fleet Management,PowerDesk SaaS,10/27/2025,7
CUST-0049,35,Male,Springfield MA,IT & Technology Staff,Peripheral,Charging Dock,Multi-Device Charging,FleetCharge Pro,10/27/2025,6
CUST-0069,47,Female,Bridgeport CT,Practice Manager,Peripheral,Charging Dock,Clinical Stations,PowerDesk SaaS,10/27/2025,1
CUST-0214,50,Female,Hartford CT,Practice Manager,Peripheral,Keyboard Fold,Telehealth Setup,TeleSetup Pro,10/28/2025,2
CUST-0284,31,Male,Bridgeport CT,Practice Manager,Smart Watch,Pulse Sport,Activity Logging,WellnessCloud,10/28/2025,1
CUST-0164,30,Male,Portland ME,Clinical Administrator,Tablet,Tab Pro 12,Telehealth Consult,TeleDoc Platform,10/28/2025,1
CUST-0348,25,Female,Hartford CT,Clinical Administrator,Tablet,Tab Compact,Patient Intake,InvTrack Pro,10/28/2025,2
CUST-0018,32,Male,Concord NH,Field Technician,Peripheral,Wireless Hub,Clinic Network,ClinicHub Pro,10/28/2025,3
CUST-0335,28,Female,Burlington VT,Student / Academic,Tablet,Tab Pro 12,Telehealth Consult,EduHealth SaaS,10/28/2025,2
CUST-0362,51,Female,Springfield MA,Clinical Administrator,Peripheral,Keyboard Fold,Remote Input,TeleSetup Pro,10/28/2025,3
CUST-0062,28,Male,Manchester NH,Field Technician,Peripheral,Privacy Shield,Secure Display,ComplianceGuard,10/28/2025,8
CUST-0147,23,Male,Portland ME,IT & Technology Staff,Peripheral,Keyboard Fold,Remote Input,AdminFlow SaaS,10/28/2025,1
CUST-0006,28,Male,Springfield MA,Field Technician,Peripheral,BioSensor Band,Continuous Glucose Monitor,VitalsNet SaaS,10/28/2025,5
CUST-0177,42,Male,Worcester MA,Healthcare Professional,Smart Watch,Pulse Sport,Sleep Analysis,FitCore SaaS,10/29/2025,1
CUST-0303,44,Female,Bridgeport CT,Clinical Administrator,Peripheral,Charging Dock,Clinical Stations,PowerDesk SaaS,10/29/2025,3
CUST-0023,36,Female,Boston MA,Research Scientist,Peripheral,Stylus Pro,E-Signature,SignFlow,10/29/2025,5
CUST-0369,33,Female,Providence RI,IT & Technology Staff,Peripheral,Wireless Hub,Device Pairing,MeshConnect SaaS,10/29/2025,2
CUST-0414,56,Female,Worcester MA,Practice Manager,Smart Watch,Pulse Sport,Activity Logging,WellnessCloud,10/29/2025,1
CUST-0023,36,Female,Boston MA,Research Scientist,Peripheral,Privacy Shield,Secure Display,SecureView SaaS,10/30/2025,6
CUST-0398,73,Male,Springfield MA,Patient / Consumer,Tablet,Tab Studio,Creative Workflow,DataViz Suite,10/30/2025,1
CUST-0385,39,Female,Springfield MA,Patient / Consumer,Tablet,Tab Compact,Field Data Entry,IntakeFlow,10/30/2025,1
CUST-0139,39,Female,Burlington VT,IT & Technology Staff,Peripheral,Stylus Pro,Digital Annotation,SignFlow,10/30/2025,1
CUST-0377,50,Female,Bridgeport CT,Healthcare Professional,Peripheral,Keyboard Fold,Remote Input,TeleSetup Pro,10/30/2025,2
CUST-0058,22,Male,Portland ME,Student / Academic,Peripheral,Charging Dock,Clinical Stations,FleetCharge Pro,10/30/2025,1
CUST-0011,21,Female,Springfield MA,Student / Academic,Peripheral,Stylus Pro,E-Signature,NoteStream SaaS,10/30/2025,3
CUST-0413,24,Male,Worcester MA,Clinical Administrator,Peripheral,Wireless Hub,Device Pairing,MeshConnect SaaS,10/30/2025,4
CUST-0099,33,Male,Manchester NH,IT & Technology Staff,Peripheral,Privacy Shield,HIPAA Compliance,ComplianceGuard,10/30/2025,4
CUST-0394,47,Female,Springfield MA,IT & Technology Staff,Tablet,Tab Studio,Remote Diagnosis,DesignHub SaaS,10/30/2025,1
CUST-0387,39,Male,Portland ME,Research Scientist,Peripheral,Stylus Pro,Clinical Note-taking,NoteStream SaaS,10/30/2025,3
CUST-0228,34,Male,Bridgeport CT,Patient / Consumer,Peripheral,Privacy Shield,HIPAA Compliance,SecureView SaaS,10/30/2025,1
CUST-0224,21,Male,Hartford CT,Research Scientist,Tablet,Tab Compact,Inventory Management,InvTrack Pro,10/30/2025,1
CUST-0286,18,Female,Burlington VT,IT & Technology Staff,Peripheral,Wireless Hub,Clinic Network,MeshConnect SaaS,10/30/2025,4
CUST-0006,28,Male,Springfield MA,Field Technician,Smart Watch,Pulse Elite,Fitness Tracking,FitCore SaaS,10/30/2025,3
CUST-0102,45,Female,Burlington VT,Patient / Consumer,Peripheral,Stylus Pro,Digital Annotation,NoteStream SaaS,10/31/2025,5
CUST-0370,31,Female,Boston MA,Clinical Administrator,Tablet,Tab Pro 12,Telehealth Consult,TeleDoc Platform,10/31/2025,1
CUST-0096,28,Female,Bridgeport CT,Patient / Consumer,Smart Watch,Pulse Sport,Activity Logging,FitCore SaaS,10/31/2025,1
CUST-0160,62,Female,Bridgeport CT,Patient / Consumer,Tablet,Tab Compact,Inventory Management,FieldOps SaaS,10/31/2025,1
CUST-0126,34,Non-binary,Manchester NH,Student / Academic,Peripheral,Privacy Shield,Secure Display,ComplianceGuard,10/31/2025,1
CUST-0193,31,Male,Portland ME,Field Technician,Peripheral,Wireless Hub,Clinic Network,MeshConnect SaaS,11/1/2025,1
CUST-0066,50,Male,Portland ME,Clinical Administrator,Peripheral,Stylus Pro,E-Signature,NoteStream SaaS,11/1/2025,1
CUST-0221,80,Male,Portland ME,Patient / Consumer,Tablet,Tab Pro 12,Clinical Documentation,TeleDoc Platform,11/1/2025,2
CUST-0161,34,Female,Burlington VT,Practice Manager,Peripheral,Privacy Shield,HIPAA Compliance,ComplianceGuard,11/1/2025,1
CUST-0191,29,Prefer not to say,Manchester NH,IT & Technology Staff,Peripheral,Keyboard Fold,Remote Input,TeleSetup Pro,11/1/2025,1
CUST-0324,62,Prefer not to say,Worcester MA,Healthcare Professional,Peripheral,Stylus Pro,Clinical Note-taking,SignFlow,11/1/2025,1
CUST-0287,28,Male,Bridgeport CT,Field Technician,Peripheral,Privacy Shield,Screen Privacy,ComplianceGuard,11/1/2025,4
CUST-0128,36,Male,Worcester MA,Healthcare Professional,Peripheral,Charging Dock,Clinical Stations,FleetCharge Pro,11/3/2025,2
CUST-0362,51,Female,Springfield MA,Clinical Administrator,Peripheral,Wireless Hub,Clinic Network,MeshConnect SaaS,11/3/2025,2
CUST-0028,36,Male,Portland ME,IT & Technology Staff,Smart Watch,Pulse Sport,Activity Logging,WellnessCloud,11/3/2025,1
CUST-0349,40,Female,Manchester NH,Patient / Consumer,Peripheral,BioSensor Band,Continuous Glucose Monitor,BioStream API,11/3/2025,4
CUST-0323,19,Female,Burlington VT,Student / Academic,Tablet,Tab Studio,Creative Workflow,DiagnosticAI,11/3/2025,2
CUST-0370,31,Female,Boston MA,Clinical Administrator,Peripheral,Keyboard Fold,Telehealth Setup,TeleSetup Pro,11/3/2025,1
CUST-0149,49,Male,Springfield MA,Practice Manager,Peripheral,Wireless Hub,Device Pairing,MeshConnect SaaS,11/3/2025,3
CUST-0339,36,Female,Portland ME,IT & Technology Staff,Tablet,Tab Compact,Field Data Entry,FieldOps SaaS,11/3/2025,3
CUST-0032,54,Male,Providence RI,Clinical Administrator,Peripheral,Privacy Shield,Screen Privacy,ComplianceGuard,11/4/2025,1
CUST-0078,33,Prefer not to say,Springfield MA,Research Scientist,Peripheral,Wireless Hub,Clinic Network,MeshConnect SaaS,11/4/2025,2
CUST-0373,56,Male,Worcester MA,Healthcare Professional,Smart Watch,Pulse Sport,Sleep Analysis,FitCore SaaS,11/4/2025,1
CUST-0298,25,Female,Hartford CT,Student / Academic,Peripheral,Stylus Pro,E-Signature,SignFlow,11/4/2025,2
CUST-0153,25,Male,Bridgeport CT,Field Technician,Smart Watch,Pulse Sport,Activity Logging,WellnessCloud,11/4/2025,1
CUST-0236,50,Male,Boston MA,Practice Manager,Tablet,Tab Compact,Field Data Entry,IntakeFlow,11/4/2025,1
CUST-0385,39,Female,Springfield MA,Patient / Consumer,Peripheral,Wireless Hub,Clinic Network,ClinicHub Pro,11/5/2025,3
CUST-0143,21,Female,Providence RI,Research Scientist,Smart Watch,Pulse Sport,Activity Logging,FitCore SaaS,11/5/2025,3
CUST-0197,33,Male,Worcester MA,Healthcare Professional,Smart Watch,Pulse Elite,Remote Patient Check-in,HealthSync Pro,11/5/2025,1
CUST-0007,77,Female,Boston MA,Patient / Consumer,Peripheral,Wireless Hub,Clinic Network,ClinicHub Pro,11/6/2025,5
CUST-0129,24,Female,Concord NH,Student / Academic,Tablet,Tab Studio,Data Visualisation,DiagnosticAI,11/6/2025,1
CUST-0360,19,Male,Burlington VT,Student / Academic,Peripheral,Wireless Hub,Clinic Network,ClinicHub Pro,11/6/2025,8
CUST-0410,37,Male,Concord NH,IT & Technology Staff,Peripheral,Wireless Hub,Data Aggregation,ClinicHub Pro,11/6/2025,4
CUST-0214,50,Female,Hartford CT,Practice Manager,Tablet,Tab Pro 12,Patient Education,ClinicalOS,11/6/2025,3
CUST-0375,65,Female,Bridgeport CT,Practice Manager,Peripheral,Charging Dock,Fleet Management,PowerDesk SaaS,11/6/2025,1
CUST-0240,43,Female,Worcester MA,Research Scientist,Tablet,Tab Compact,Inventory Management,InvTrack Pro,11/6/2025,1
CUST-0389,36,Male,Manchester NH,Field Technician,Peripheral,Keyboard Fold,Administrative Tasks,TeleSetup Pro,11/6/2025,1
CUST-0387,39,Male,Portland ME,Research Scientist,Smart Watch,Pulse Sport,Fitness Tracking,WellnessCloud,11/6/2025,2
CUST-0310,48,Male,Worcester MA,Patient / Consumer,Peripheral,Keyboard Fold,Telehealth Setup,TeleSetup Pro,11/6/2025,3
CUST-0336,31,Male,Hartford CT,IT & Technology Staff,Tablet,Tab Studio,Remote Diagnosis,DataViz Suite,11/6/2025,1
CUST-0410,37,Male,Concord NH,IT & Technology Staff,Tablet,Tab Pro 12,Patient Education,EduHealth SaaS,11/6/2025,2
CUST-0280,32,Prefer not to say,Manchester NH,Research Scientist,Peripheral,BioSensor Band,Continuous Glucose Monitor,VitalsNet SaaS,11/6/2025,2
CUST-0214,50,Female,Hartford CT,Practice Manager,Peripheral,Charging Dock,Clinical Stations,PowerDesk SaaS,11/6/2025,2
CUST-0241,36,Non-binary,Burlington VT,Practice Manager,Tablet,Tab Compact,Patient Intake,InvTrack Pro,11/6/2025,1
CUST-0371,33,Male,Portland ME,IT & Technology Staff,Peripheral,Charging Dock,Multi-Device Charging,PowerDesk SaaS,11/6/2025,4
CUST-0265,35,Female,Worcester MA,Clinical Administrator,Peripheral,Keyboard Fold,Telehealth Setup,TeleSetup Pro,11/7/2025,2
CUST-0262,43,Female,Hartford CT,Practice Manager,Peripheral,Charging Dock,Clinical Stations,FleetCharge Pro,11/7/2025,1
CUST-0370,31,Female,Boston MA,Clinical Administrator,Peripheral,Keyboard Fold,Remote Input,TeleSetup Pro,11/7/2025,1
CUST-0370,31,Female,Boston MA,Clinical Administrator,Peripheral,Charging Dock,Clinical Stations,PowerDesk SaaS,11/7/2025,2
CUST-0330,43,Non-binary,Boston MA,Clinical Administrator,Tablet,Tab Compact,Patient Intake,IntakeFlow,11/7/2025,1
CUST-0328,43,Female,Springfield MA,Research Scientist,Smart Watch,Pulse Elite,Fitness Tracking,HealthSync Pro,11/7/2025,1
CUST-0147,23,Male,Portland ME,IT & Technology Staff,Peripheral,Wireless Hub,Device Pairing,ClinicHub Pro,11/7/2025,5
CUST-0276,48,Female,Hartford CT,Practice Manager,Tablet,Tab Studio,Data Visualisation,DataViz Suite,11/7/2025,1
CUST-0168,43,Male,Springfield MA,Field Technician,Peripheral,Wireless Hub,Data Aggregation,ClinicHub Pro,11/7/2025,3
CUST-0028,36,Male,Portland ME,IT & Technology Staff,Peripheral,BioSensor Band,Remote Monitoring,VitalsNet SaaS,11/7/2025,4
CUST-0148,30,Female,Manchester NH,Practice Manager,Peripheral,Wireless Hub,Device Pairing,MeshConnect SaaS,11/7/2025,3
CUST-0313,35,Female,Portland ME,Field Technician,Peripheral,Charging Dock,Fleet Management,PowerDesk SaaS,11/7/2025,1
CUST-0224,21,Male,Hartford CT,Research Scientist,Smart Watch,Pulse Elite,Fitness Tracking,FitCore SaaS,11/8/2025,1
CUST-0211,47,Female,Portland ME,Healthcare Professional,Tablet,Tab Pro 12,Clinical Documentation,ClinicalOS,11/8/2025,1
CUST-0349,40,Female,Manchester NH,Patient / Consumer,Peripheral,Wireless Hub,Device Pairing,ClinicHub Pro,11/8/2025,4
CUST-0011,21,Female,Springfield MA,Student / Academic,Peripheral,Stylus Pro,Clinical Note-taking,SignFlow,11/8/2025,3
CUST-0035,65,Prefer not to say,Boston MA,Patient / Consumer,Tablet,Tab Pro 12,Clinical Documentation,EduHealth SaaS,11/8/2025,1
CUST-0002,34,Male,Manchester NH,Research Scientist,Smart Watch,Pulse Elite,Remote Patient Check-in,HealthSync Pro,11/9/2025,1
CUST-0331,51,Female,Boston MA,Patient / Consumer,Smart Watch,Pulse Sport,Activity Logging,WellnessCloud,11/9/2025,3
CUST-0315,47,Female,Burlington VT,Research Scientist,Peripheral,BioSensor Band,Remote Monitoring,VitalsNet SaaS,11/10/2025,4
CUST-0144,39,Male,Springfield MA,Clinical Administrator,Smart Watch,Pulse Sport,Sleep Analysis,FitCore SaaS,11/10/2025,1
CUST-0256,44,Female,Burlington VT,Patient / Consumer,Tablet,Tab Studio,Creative Workflow,DataViz Suite,11/10/2025,2
CUST-0414,56,Female,Worcester MA,Practice Manager,Peripheral,Keyboard Fold,Remote Input,AdminFlow SaaS,11/10/2025,1
CUST-0324,62,Prefer not to say,Worcester MA,Healthcare Professional,Peripheral,Charging Dock,Clinical Stations,PowerDesk SaaS,11/10/2025,1
CUST-0390,21,Male,Burlington VT,Student / Academic,Peripheral,Keyboard Fold,Administrative Tasks,TeleSetup Pro,11/11/2025,1
CUST-0153,25,Male,Bridgeport CT,Field Technician,Peripheral,Wireless Hub,Clinic Network,ClinicHub Pro,11/11/2025,1
CUST-0372,26,Male,Burlington VT,Student / Academic,Peripheral,Keyboard Fold,Administrative Tasks,TeleSetup Pro,11/11/2025,3
CUST-0340,26,Prefer not to say,Bridgeport CT,Field Technician,Tablet,Tab Studio,Remote Diagnosis,DiagnosticAI,11/11/2025,5
CUST-0004,57,Male,Portland ME,Healthcare Professional,Tablet,Tab Studio,Remote Diagnosis,DesignHub SaaS,11/11/2025,2
CUST-0323,19,Female,Burlington VT,Student / Academic,Peripheral,Keyboard Fold,Telehealth Setup,TeleSetup Pro,11/11/2025,6
CUST-0287,28,Male,Bridgeport CT,Field Technician,Tablet,Tab Compact,Patient Intake,InvTrack Pro,11/11/2025,3
CUST-0124,29,Male,Bridgeport CT,Patient / Consumer,Peripheral,BioSensor Band,Vitals Streaming,BioStream API,11/11/2025,3
CUST-0342,44,Male,Manchester NH,Healthcare Professional,Peripheral,BioSensor Band,Continuous Glucose Monitor,BioStream API,11/11/2025,3
CUST-0342,44,Male,Manchester NH,Healthcare Professional,Tablet,Tab Compact,Field Data Entry,FieldOps SaaS,11/11/2025,1
CUST-0388,43,Male,Hartford CT,Field Technician,Tablet,Tab Compact,Field Data Entry,FieldOps SaaS,11/11/2025,1
CUST-0210,80,Female,Burlington VT,Patient / Consumer,Smart Watch,Pulse Elite,Fitness Tracking,HealthSync Pro,11/11/2025,1
CUST-0372,26,Male,Burlington VT,Student / Academic,Peripheral,Keyboard Fold,Administrative Tasks,TeleSetup Pro,11/11/2025,2
CUST-0337,38,Female,Concord NH,Patient / Consumer,Peripheral,Charging Dock,Multi-Device Charging,FleetCharge Pro,11/11/2025,1
CUST-0354,28,Female,Providence RI,Field Technician,Smart Watch,Pulse Sport,Activity Logging,WellnessCloud,11/12/2025,1
CUST-0044,38,Male,Concord NH,Healthcare Professional,Peripheral,Charging Dock,Clinical Stations,FleetCharge Pro,11/12/2025,1
CUST-0276,48,Female,Hartford CT,Practice Manager,Tablet,Tab Studio,Data Visualisation,DataViz Suite,11/12/2025,1
CUST-0210,80,Female,Burlington VT,Patient / Consumer,Peripheral,Keyboard Fold,Remote Input,TeleSetup Pro,11/12/2025,4
CUST-0362,51,Female,Springfield MA,Clinical Administrator,Tablet,Tab Pro 12,Telehealth Consult,ClinicalOS,11/12/2025,2
CUST-0164,30,Male,Portland ME,Clinical Administrator,Peripheral,Wireless Hub,Data Aggregation,MeshConnect SaaS,11/12/2025,3
CUST-0224,21,Male,Hartford CT,Research Scientist,Tablet,Tab Studio,Creative Workflow,DiagnosticAI,11/12/2025,1
CUST-0338,35,Female,Manchester NH,Clinical Administrator,Tablet,Tab Studio,Data Visualisation,DataViz Suite,11/12/2025,3
CUST-0372,26,Male,Burlington VT,Student / Academic,Peripheral,Privacy Shield,Secure Display,ComplianceGuard,11/12/2025,1
CUST-0041,63,Female,Bridgeport CT,Patient / Consumer,Peripheral,Wireless Hub,Device Pairing,ClinicHub Pro,11/12/2025,2
CUST-0143,21,Female,Providence RI,Research Scientist,Tablet,Tab Studio,Remote Diagnosis,DiagnosticAI,11/12/2025,1
CUST-0315,47,Female,Burlington VT,Research Scientist,Smart Watch,Pulse Elite,Health Monitoring,FitCore SaaS,11/12/2025,3
CUST-0123,39,Male,Manchester NH,Field Technician,Tablet,Tab Compact,Patient Intake,IntakeFlow,11/12/2025,1
CUST-0188,37,Female,Portland ME,Clinical Administrator,Peripheral,BioSensor Band,Remote Monitoring,BioStream API,11/12/2025,3
CUST-0299,45,Female,Hartford CT,Clinical Administrator,Peripheral,Wireless Hub,Device Pairing,MeshConnect SaaS,11/13/2025,1
CUST-0202,37,Female,Burlington VT,IT & Technology Staff,Peripheral,Charging Dock,Clinical Stations,PowerDesk SaaS,11/13/2025,1
CUST-0277,39,Male,Springfield MA,Clinical Administrator,Smart Watch,Pulse Elite,Health Monitoring,HealthSync Pro,11/13/2025,1
CUST-0022,31,Female,Burlington VT,IT & Technology Staff,Tablet,Tab Compact,Patient Intake,FieldOps SaaS,11/13/2025,2
CUST-0188,37,Female,Portland ME,Clinical Administrator,Peripheral,Keyboard Fold,Telehealth Setup,TeleSetup Pro,11/13/2025,1
CUST-0082,41,Female,Manchester NH,Clinical Administrator,Tablet,Tab Pro 12,Telehealth Consult,ClinicalOS,11/13/2025,1
CUST-0326,31,Female,Burlington VT,Practice Manager,Peripheral,Wireless Hub,Device Pairing,MeshConnect SaaS,11/14/2025,2
CUST-0026,24,Male,Hartford CT,Student / Academic,Peripheral,Stylus Pro,E-Signature,NoteStream SaaS,11/14/2025,3
CUST-0378,54,Female,Boston MA,Patient / Consumer,Peripheral,Wireless Hub,Clinic Network,ClinicHub Pro,11/14/2025,5
CUST-0048,41,Male,Hartford CT,IT & Technology Staff,Peripheral,Privacy Shield,HIPAA Compliance,ComplianceGuard,11/14/2025,3
CUST-0379,63,Prefer not to say,Worcester MA,Healthcare Professional,Peripheral,Wireless Hub,Clinic Network,MeshConnect SaaS,11/14/2025,1
CUST-0244,43,Female,Burlington VT,Research Scientist,Tablet,Tab Studio,Creative Workflow,DesignHub SaaS,11/14/2025,3
CUST-0275,36,Female,Burlington VT,Patient / Consumer,Peripheral,BioSensor Band,Vitals Streaming,VitalsNet SaaS,11/14/2025,4
CUST-0081,31,Male,Bridgeport CT,IT & Technology Staff,Peripheral,Privacy Shield,HIPAA Compliance,SecureView SaaS,11/14/2025,3
CUST-0168,43,Male,Springfield MA,Field Technician,Peripheral,BioSensor Band,Remote Monitoring,VitalsNet SaaS,11/14/2025,3
CUST-0272,29,Male,Portland ME,Practice Manager,Peripheral,Privacy Shield,Screen Privacy,ComplianceGuard,11/14/2025,1
CUST-0353,39,Male,Concord NH,IT & Technology Staff,Peripheral,Wireless Hub,Clinic Network,MeshConnect SaaS,11/14/2025,1
CUST-0373,56,Male,Worcester MA,Healthcare Professional,Peripheral,BioSensor Band,Vitals Streaming,VitalsNet SaaS,11/14/2025,1
CUST-0094,35,Female,Concord NH,Clinical Administrator,Peripheral,Wireless Hub,Clinic Network,MeshConnect SaaS,11/15/2025,1
CUST-0125,34,Female,Bridgeport CT,Field Technician,Tablet,Tab Compact,Inventory Management,IntakeFlow,11/15/2025,1
CUST-0387,39,Male,Portland ME,Research Scientist,Peripheral,Stylus Pro,Digital Annotation,SignFlow,11/15/2025,1
CUST-0274,44,Female,Portland ME,Practice Manager,Smart Watch,Pulse Elite,Fitness Tracking,FitCore SaaS,11/16/2025,1
CUST-0321,36,Prefer not to say,Hartford CT,Research Scientist,Peripheral,BioSensor Band,Continuous Glucose Monitor,VitalsNet SaaS,11/16/2025,4
CUST-0235,57,Female,Worcester MA,Clinical Administrator,Peripheral,Keyboard Fold,Telehealth Setup,TeleSetup Pro,11/16/2025,2
CUST-0170,24,Female,Concord NH,Field Technician,Tablet,Tab Compact,Patient Intake,InvTrack Pro,11/16/2025,3
CUST-0086,33,Male,Springfield MA,Clinical Administrator,Smart Watch,Pulse Elite,Remote Patient Check-in,FitCore SaaS,11/17/2025,1
CUST-0091,42,Female,Springfield MA,Healthcare Professional,Smart Watch,Pulse Sport,Fitness Tracking,WellnessCloud,11/17/2025,3
CUST-0011,21,Female,Springfield MA,Student / Academic,Peripheral,Charging Dock,Fleet Management,PowerDesk SaaS,11/17/2025,2
CUST-0359,25,Male,Concord NH,Student / Academic,Peripheral,Stylus Pro,Digital Annotation,SignFlow,11/17/2025,1
CUST-0075,18,Non-binary,Hartford CT,Patient / Consumer,Peripheral,Privacy Shield,HIPAA Compliance,SecureView SaaS,11/17/2025,5
CUST-0312,41,Male,Manchester NH,IT & Technology Staff,Peripheral,Wireless Hub,Clinic Network,MeshConnect SaaS,11/17/2025,2
CUST-0032,54,Male,Providence RI,Clinical Administrator,Peripheral,Privacy Shield,Screen Privacy,ComplianceGuard,11/17/2025,3
CUST-0199,42,Female,Hartford CT,Healthcare Professional,Tablet,Tab Pro 12,Clinical Documentation,ClinicalOS,11/17/2025,1
CUST-0314,52,Non-binary,Providence RI,Practice Manager,Tablet,Tab Compact,Inventory Management,IntakeFlow,11/17/2025,1
CUST-0051,38,Female,Worcester MA,Research Scientist,Peripheral,Charging Dock,Multi-Device Charging,FleetCharge Pro,11/17/2025,2
CUST-0263,18,Male,Springfield MA,Patient / Consumer,Tablet,Tab Studio,Remote Diagnosis,DesignHub SaaS,11/17/2025,3
CUST-0390,21,Male,Burlington VT,Student / Academic,Tablet,Tab Pro 12,Patient Education,EduHealth SaaS,11/17/2025,2
CUST-0030,27,Male,Providence RI,Field Technician,Tablet,Tab Pro 12,Clinical Documentation,TeleDoc Platform,11/18/2025,2
CUST-0357,41,Female,Portland ME,Healthcare Professional,Peripheral,BioSensor Band,Remote Monitoring,VitalsNet SaaS,11/18/2025,4
CUST-0392,42,Male,Manchester NH,Clinical Administrator,Peripheral,Charging Dock,Clinical Stations,PowerDesk SaaS,11/18/2025,3
CUST-0285,50,Male,Springfield MA,IT & Technology Staff,Peripheral,BioSensor Band,Vitals Streaming,BioStream API,11/18/2025,1
CUST-0372,26,Male,Burlington VT,Student / Academic,Peripheral,Keyboard Fold,Remote Input,AdminFlow SaaS,11/18/2025,3
CUST-0099,33,Male,Manchester NH,IT & Technology Staff,Peripheral,Keyboard Fold,Remote Input,TeleSetup Pro,11/18/2025,4
CUST-0139,39,Female,Burlington VT,IT & Technology Staff,Peripheral,Keyboard Fold,Telehealth Setup,TeleSetup Pro,11/18/2025,6
CUST-0311,31,Male,Worcester MA,IT & Technology Staff,Peripheral,Privacy Shield,Secure Display,SecureView SaaS,11/18/2025,1
CUST-0395,29,Female,Worcester MA,Student / Academic,Peripheral,Keyboard Fold,Telehealth Setup,AdminFlow SaaS,11/18/2025,1
CUST-0311,31,Male,Worcester MA,IT & Technology Staff,Peripheral,Wireless Hub,Data Aggregation,MeshConnect SaaS,11/18/2025,3
CUST-0315,47,Female,Burlington VT,Research Scientist,Peripheral,BioSensor Band,Continuous Glucose Monitor,VitalsNet SaaS,11/18/2025,3
CUST-0324,62,Prefer not to say,Worcester MA,Healthcare Professional,Tablet,Tab Studio,Remote Diagnosis,DiagnosticAI,11/18/2025,1
CUST-0407,28,Male,Boston MA,Clinical Administrator,Peripheral,Keyboard Fold,Administrative Tasks,AdminFlow SaaS,11/18/2025,3
CUST-0405,21,Male,Providence RI,Student / Academic,Tablet,Tab Pro 12,Telehealth Consult,TeleDoc Platform,11/18/2025,2
CUST-0291,41,Male,Bridgeport CT,Practice Manager,Peripheral,Keyboard Fold,Administrative Tasks,AdminFlow SaaS,11/18/2025,2
CUST-0077,44,Male,Burlington VT,Practice Manager,Peripheral,BioSensor Band,Continuous Glucose Monitor,BioStream API,11/18/2025,4
CUST-0388,43,Male,Hartford CT,Field Technician,Tablet,Tab Compact,Patient Intake,IntakeFlow,11/19/2025,3
CUST-0355,29,Female,Hartford CT,Field Technician,Peripheral,Wireless Hub,Data Aggregation,ClinicHub Pro,11/19/2025,5
CUST-0125,34,Female,Bridgeport CT,Field Technician,Peripheral,Charging Dock,Clinical Stations,PowerDesk SaaS,11/19/2025,3
CUST-0402,30,Female,Bridgeport CT,Research Scientist,Peripheral,Stylus Pro,Digital Annotation,SignFlow,11/19/2025,1
CUST-0144,39,Male,Springfield MA,Clinical Administrator,Peripheral,Keyboard Fold,Administrative Tasks,TeleSetup Pro,11/19/2025,4
CUST-0314,52,Non-binary,Providence RI,Practice Manager,Peripheral,Charging Dock,Fleet Management,FleetCharge Pro,11/19/2025,4
CUST-0044,38,Male,Concord NH,Healthcare Professional,Tablet,Tab Pro 12,Telehealth Consult,EduHealth SaaS,11/19/2025,3
CUST-0103,38,Male,Worcester MA,Healthcare Professional,Peripheral,Privacy Shield,Screen Privacy,ComplianceGuard,11/19/2025,2
CUST-0416,31,Male,Manchester NH,Clinical Administrator,Peripheral,Charging Dock,Clinical Stations,FleetCharge Pro,11/19/2025,1
CUST-0275,36,Female,Burlington VT,Patient / Consumer,Smart Watch,Pulse Elite,Health Monitoring,HealthSync Pro,11/19/2025,1
CUST-0275,36,Female,Burlington VT,Patient / Consumer,Smart Watch,Pulse Elite,Fitness Tracking,FitCore SaaS,11/19/2025,1
CUST-0042,37,Male,Providence RI,Research Scientist,Tablet,Tab Compact,Patient Intake,IntakeFlow,11/19/2025,2
CUST-0300,48,Female,Worcester MA,Healthcare Professional,Smart Watch,Pulse Elite,Health Monitoring,FitCore SaaS,11/19/2025,1
CUST-0107,43,Female,Manchester NH,Field Technician,Peripheral,Wireless Hub,Device Pairing,ClinicHub Pro,11/20/2025,1
CUST-0202,37,Female,Burlington VT,IT & Technology Staff,Peripheral,BioSensor Band,Continuous Glucose Monitor,VitalsNet SaaS,11/20/2025,2
CUST-0093,40,Male,Concord NH,Patient / Consumer,Smart Watch,Pulse Elite,Remote Patient Check-in,HealthSync Pro,11/20/2025,1
CUST-0320,49,Female,Burlington VT,Patient / Consumer,Tablet,Tab Compact,Field Data Entry,InvTrack Pro,11/20/2025,3
CUST-0373,56,Male,Worcester MA,Healthcare Professional,Peripheral,BioSensor Band,Continuous Glucose Monitor,BioStream API,11/20/2025,6
CUST-0404,42,Male,Burlington VT,Healthcare Professional,Peripheral,Stylus Pro,Clinical Note-taking,NoteStream SaaS,11/21/2025,2
CUST-0138,30,Male,Worcester MA,IT & Technology Staff,Peripheral,Keyboard Fold,Administrative Tasks,TeleSetup Pro,11/21/2025,2
CUST-0248,41,Male,Burlington VT,Patient / Consumer,Tablet,Tab Studio,Data Visualisation,DesignHub SaaS,11/21/2025,1
CUST-0189,35,Female,Concord NH,Practice Manager,Smart Watch,Pulse Elite,Remote Patient Check-in,HealthSync Pro,11/21/2025,2
CUST-0006,28,Male,Springfield MA,Field Technician,Peripheral,Charging Dock,Clinical Stations,FleetCharge Pro,11/21/2025,2
CUST-0073,35,Female,Boston MA,Research Scientist,Peripheral,Charging Dock,Clinical Stations,PowerDesk SaaS,11/21/2025,3
CUST-0313,35,Female,Portland ME,Field Technician,Smart Watch,Pulse Sport,Fitness Tracking,FitCore SaaS,11/21/2025,2
CUST-0185,39,Female,Portland ME,Healthcare Professional,Peripheral,BioSensor Band,Vitals Streaming,VitalsNet SaaS,11/22/2025,1
CUST-0028,36,Male,Portland ME,IT & Technology Staff,Smart Watch,Pulse Elite,Fitness Tracking,HealthSync Pro,11/22/2025,4
CUST-0256,44,Female,Burlington VT,Patient / Consumer,Peripheral,BioSensor Band,Remote Monitoring,BioStream API,11/23/2025,5
CUST-0083,51,Female,Portland ME,Clinical Administrator,Peripheral,Wireless Hub,Device Pairing,ClinicHub Pro,11/23/2025,3
CUST-0260,49,Prefer not to say,Burlington VT,Healthcare Professional,Tablet,Tab Studio,Data Visualisation,DesignHub SaaS,11/23/2025,1
CUST-0119,37,Female,Hartford CT,Field Technician,Smart Watch,Pulse Elite,Fitness Tracking,FitCore SaaS,11/23/2025,1
CUST-0179,39,Male,Concord NH,Healthcare Professional,Peripheral,BioSensor Band,Remote Monitoring,VitalsNet SaaS,11/24/2025,2
CUST-0009,44,Male,Concord NH,Patient / Consumer,Smart Watch,Pulse Sport,Sleep Analysis,WellnessCloud,11/24/2025,3
CUST-0395,29,Female,Worcester MA,Student / Academic,Smart Watch,Pulse Sport,Fitness Tracking,WellnessCloud,11/24/2025,1
CUST-0404,42,Male,Burlington VT,Healthcare Professional,Smart Watch,Pulse Elite,Health Monitoring,HealthSync Pro,11/24/2025,1
CUST-0196,41,Female,Springfield MA,Clinical Administrator,Tablet,Tab Compact,Field Data Entry,FieldOps SaaS,11/24/2025,1
CUST-0040,34,Female,Manchester NH,IT & Technology Staff,Smart Watch,Pulse Sport,Sleep Analysis,WellnessCloud,11/24/2025,1
CUST-0073,35,Female,Boston MA,Research Scientist,Smart Watch,Pulse Sport,Sleep Analysis,FitCore SaaS,11/24/2025,2
CUST-0404,42,Male,Burlington VT,Healthcare Professional,Peripheral,BioSensor Band,Vitals Streaming,BioStream API,11/25/2025,4
CUST-0072,45,Male,Hartford CT,IT & Technology Staff,Peripheral,Wireless Hub,Device Pairing,ClinicHub Pro,11/25/2025,2
CUST-0275,36,Female,Burlington VT,Patient / Consumer,Peripheral,Wireless Hub,Clinic Network,MeshConnect SaaS,11/25/2025,3
CUST-0150,38,Female,Worcester MA,Research Scientist,Peripheral,BioSensor Band,Remote Monitoring,BioStream API,11/25/2025,1
CUST-0064,32,Female,Boston MA,Practice Manager,Peripheral,BioSensor Band,Vitals Streaming,BioStream API,11/25/2025,2
CUST-0215,40,Female,Manchester NH,Practice Manager,Tablet,Tab Pro 12,Clinical Documentation,EduHealth SaaS,11/25/2025,1
CUST-0414,56,Female,Worcester MA,Practice Manager,Peripheral,Charging Dock,Multi-Device Charging,FleetCharge Pro,11/25/2025,2
CUST-0077,44,Male,Burlington VT,Practice Manager,Smart Watch,Pulse Sport,Sleep Analysis,FitCore SaaS,11/25/2025,3
CUST-0084,26,Male,Springfield MA,Field Technician,Peripheral,Privacy Shield,Secure Display,SecureView SaaS,11/25/2025,1
CUST-0032,54,Male,Providence RI,Clinical Administrator,Smart Watch,Pulse Elite,Remote Patient Check-in,HealthSync Pro,11/25/2025,1
CUST-0328,43,Female,Springfield MA,Research Scientist,Peripheral,BioSensor Band,Continuous Glucose Monitor,VitalsNet SaaS,11/26/2025,6
CUST-0272,29,Male,Portland ME,Practice Manager,Peripheral,BioSensor Band,Vitals Streaming,VitalsNet SaaS,11/26/2025,3
CUST-0052,22,Male,Bridgeport CT,Student / Academic,Tablet,Tab Studio,Creative Workflow,DiagnosticAI,11/26/2025,5
CUST-0278,30,Female,Burlington VT,Research Scientist,Peripheral,Stylus Pro,Clinical Note-taking,SignFlow,11/26/2025,5
CUST-0165,36,Female,Portland ME,Field Technician,Smart Watch,Pulse Sport,Fitness Tracking,FitCore SaaS,11/26/2025,3
CUST-0385,39,Female,Springfield MA,Patient / Consumer,Smart Watch,Pulse Sport,Fitness Tracking,WellnessCloud,11/26/2025,1
CUST-0268,29,Female,Worcester MA,Patient / Consumer,Peripheral,BioSensor Band,Continuous Glucose Monitor,BioStream API,11/26/2025,2
CUST-0364,39,Prefer not to say,Springfield MA,Research Scientist,Peripheral,BioSensor Band,Continuous Glucose Monitor,BioStream API,11/26/2025,4
CUST-0305,41,Female,Portland ME,Healthcare Professional,Smart Watch,Pulse Elite,Fitness Tracking,HealthSync Pro,11/26/2025,1
CUST-0223,44,Female,Providence RI,Clinical Administrator,Peripheral,Charging Dock,Fleet Management,FleetCharge Pro,11/26/2025,3
CUST-0060,40,Female,Springfield MA,IT & Technology Staff,Peripheral,Wireless Hub,Data Aggregation,ClinicHub Pro,11/27/2025,2
CUST-0131,24,Male,Springfield MA,Clinical Administrator,Peripheral,Keyboard Fold,Remote Input,AdminFlow SaaS,11/27/2025,1
CUST-0341,19,Male,Worcester MA,Student / Academic,Peripheral,Charging Dock,Fleet Management,FleetCharge Pro,11/27/2025,3
CUST-0400,47,Female,Concord NH,Research Scientist,Peripheral,Keyboard Fold,Remote Input,AdminFlow SaaS,11/27/2025,7
CUST-0411,44,Female,Providence RI,Clinical Administrator,Peripheral,Privacy Shield,HIPAA Compliance,SecureView SaaS,11/27/2025,3
CUST-0153,25,Male,Bridgeport CT,Field Technician,Peripheral,BioSensor Band,Remote Monitoring,VitalsNet SaaS,11/27/2025,3
CUST-0274,44,Female,Portland ME,Practice Manager,Tablet,Tab Pro 12,Clinical Documentation,EduHealth SaaS,11/27/2025,1
CUST-0017,28,Female,Manchester NH,Clinical Administrator,Tablet,Tab Compact,Inventory Management,IntakeFlow,11/27/2025,1
CUST-0025,26,Male,Portland ME,Field Technician,Peripheral,Charging Dock,Fleet Management,FleetCharge Pro,11/28/2025,2
CUST-0044,38,Male,Concord NH,Healthcare Professional,Smart Watch,Pulse Elite,Health Monitoring,FitCore SaaS,11/28/2025,1
CUST-0121,27,Male,Portland ME,Student / Academic,Peripheral,Stylus Pro,Clinical Note-taking,NoteStream SaaS,11/28/2025,4
CUST-0085,28,Female,Boston MA,Research Scientist,Tablet,Tab Pro 12,Telehealth Consult,TeleDoc Platform,11/28/2025,1
CUST-0388,43,Male,Hartford CT,Field Technician,Smart Watch,Pulse Sport,Sleep Analysis,WellnessCloud,11/28/2025,1
CUST-0148,30,Female,Manchester NH,Practice Manager,Peripheral,Wireless Hub,Device Pairing,MeshConnect SaaS,11/28/2025,4
CUST-0418,45,Female,Burlington VT,Practice Manager,Peripheral,Keyboard Fold,Telehealth Setup,AdminFlow SaaS,11/28/2025,3
CUST-0189,35,Female,Concord NH,Practice Manager,Peripheral,Charging Dock,Clinical Stations,FleetCharge Pro,11/28/2025,3
CUST-0077,44,Male,Burlington VT,Practice Manager,Tablet,Tab Compact,Patient Intake,FieldOps SaaS,11/28/2025,2
CUST-0255,27,Male,Hartford CT,Patient / Consumer,Smart Watch,Pulse Sport,Fitness Tracking,FitCore SaaS,11/29/2025,1
CUST-0363,40,Male,Concord NH,Healthcare Professional,Tablet,Tab Pro 12,Patient Education,TeleDoc Platform,11/29/2025,1
CUST-0413,24,Male,Worcester MA,Clinical Administrator,Tablet,Tab Studio,Data Visualisation,DiagnosticAI,11/29/2025,3
CUST-0256,44,Female,Burlington VT,Patient / Consumer,Peripheral,BioSensor Band,Vitals Streaming,VitalsNet SaaS,11/30/2025,1
CUST-0012,44,Female,Hartford CT,Patient / Consumer,Peripheral,Stylus Pro,E-Signature,NoteStream SaaS,11/30/2025,2
CUST-0097,44,Female,Bridgeport CT,Healthcare Professional,Peripheral,BioSensor Band,Continuous Glucose Monitor,VitalsNet SaaS,11/30/2025,3
CUST-0265,35,Female,Worcester MA,Clinical Administrator,Tablet,Tab Compact,Field Data Entry,IntakeFlow,11/30/2025,1
CUST-0161,34,Female,Burlington VT,Practice Manager,Peripheral,Wireless Hub,Device Pairing,MeshConnect SaaS,11/30/2025,5
CUST-0050,18,Prefer not to say,Bridgeport CT,Field Technician,Smart Watch,Pulse Elite,Remote Patient Check-in,FitCore SaaS,12/1/2025,1
CUST-0202,37,Female,Burlington VT,IT & Technology Staff,Peripheral,Charging Dock,Fleet Management,PowerDesk SaaS,12/1/2025,3
CUST-0134,40,Male,Manchester NH,Research Scientist,Peripheral,BioSensor Band,Continuous Glucose Monitor,VitalsNet SaaS,12/1/2025,3
CUST-0014,20,Female,Springfield MA,Clinical Administrator,Peripheral,Wireless Hub,Device Pairing,MeshConnect SaaS,12/1/2025,1
CUST-0071,45,Prefer not to say,Portland ME,Healthcare Professional,Peripheral,Privacy Shield,Screen Privacy,SecureView SaaS,12/1/2025,2
CUST-0052,22,Male,Bridgeport CT,Student / Academic,Tablet,Tab Studio,Creative Workflow,DiagnosticAI,12/1/2025,2
CUST-0040,34,Female,Manchester NH,IT & Technology Staff,Tablet,Tab Pro 12,Clinical Documentation,EduHealth SaaS,12/1/2025,1
CUST-0344,26,Female,Concord NH,Field Technician,Peripheral,Wireless Hub,Clinic Network,MeshConnect SaaS,12/2/2025,1
CUST-0154,46,Male,Portland ME,Practice Manager,Tablet,Tab Compact,Field Data Entry,InvTrack Pro,12/2/2025,3
CUST-0362,51,Female,Springfield MA,Clinical Administrator,Smart Watch,Pulse Elite,Fitness Tracking,HealthSync Pro,12/2/2025,3
CUST-0326,31,Female,Burlington VT,Practice Manager,Peripheral,Charging Dock,Clinical Stations,FleetCharge Pro,12/2/2025,4
CUST-0400,47,Female,Concord NH,Research Scientist,Peripheral,BioSensor Band,Remote Monitoring,VitalsNet SaaS,12/2/2025,4
CUST-0142,30,Female,Hartford CT,Student / Academic,Peripheral,Wireless Hub,Clinic Network,MeshConnect SaaS,12/2/2025,2
CUST-0170,24,Female,Concord NH,Field Technician,Smart Watch,Pulse Sport,Sleep Analysis,WellnessCloud,12/2/2025,1
CUST-0270,54,Male,Worcester MA,Patient / Consumer,Smart Watch,Pulse Sport,Sleep Analysis,FitCore SaaS,12/2/2025,1
CUST-0229,27,Male,Boston MA,IT & Technology Staff,Peripheral,Privacy Shield,Screen Privacy,ComplianceGuard,12/3/2025,3
CUST-0035,65,Prefer not to say,Boston MA,Patient / Consumer,Peripheral,BioSensor Band,Continuous Glucose Monitor,BioStream API,12/3/2025,4
CUST-0244,43,Female,Burlington VT,Research Scientist,Peripheral,Wireless Hub,Data Aggregation,ClinicHub Pro,12/3/2025,5
CUST-0274,44,Female,Portland ME,Practice Manager,Tablet,Tab Compact,Inventory Management,IntakeFlow,12/3/2025,3
CUST-0178,44,Female,Providence RI,IT & Technology Staff,Peripheral,Charging Dock,Fleet Management,PowerDesk SaaS,12/3/2025,4
CUST-0379,63,Prefer not to say,Worcester MA,Healthcare Professional,Peripheral,Privacy Shield,HIPAA Compliance,SecureView SaaS,12/3/2025,1
CUST-0197,33,Male,Worcester MA,Healthcare Professional,Tablet,Tab Pro 12,Patient Education,EduHealth SaaS,12/3/2025,1
CUST-0274,44,Female,Portland ME,Practice Manager,Peripheral,Keyboard Fold,Telehealth Setup,AdminFlow SaaS,12/3/2025,5
CUST-0134,40,Male,Manchester NH,Research Scientist,Peripheral,Charging Dock,Multi-Device Charging,PowerDesk SaaS,12/3/2025,1
CUST-0118,33,Male,Manchester NH,Patient / Consumer,Peripheral,Keyboard Fold,Remote Input,TeleSetup Pro,12/3/2025,3
CUST-0028,36,Male,Portland ME,IT & Technology Staff,Peripheral,Charging Dock,Clinical Stations,PowerDesk SaaS,12/4/2025,1
CUST-0011,21,Female,Springfield MA,Student / Academic,Tablet,Tab Studio,Creative Workflow,DiagnosticAI,12/4/2025,3
CUST-0191,29,Prefer not to say,Manchester NH,IT & Technology Staff,Peripheral,Wireless Hub,Device Pairing,ClinicHub Pro,12/4/2025,1
CUST-0368,42,Male,Providence RI,Healthcare Professional,Peripheral,BioSensor Band,Remote Monitoring,VitalsNet SaaS,12/4/2025,1
CUST-0287,28,Male,Bridgeport CT,Field Technician,Tablet,Tab Compact,Patient Intake,InvTrack Pro,12/4/2025,1
CUST-0127,36,Male,Burlington VT,Patient / Consumer,Peripheral,BioSensor Band,Continuous Glucose Monitor,BioStream API,12/4/2025,4
CUST-0370,31,Female,Boston MA,Clinical Administrator,Peripheral,Wireless Hub,Device Pairing,ClinicHub Pro,12/4/2025,1
CUST-0079,42,Female,Boston MA,Healthcare Professional,Tablet,Tab Pro 12,Clinical Documentation,TeleDoc Platform,12/4/2025,1
CUST-0035,65,Prefer not to say,Boston MA,Patient / Consumer,Smart Watch,Pulse Sport,Activity Logging,WellnessCloud,12/4/2025,2
CUST-0297,52,Prefer not to say,Providence RI,Practice Manager,Tablet,Tab Compact,Field Data Entry,FieldOps SaaS,12/4/2025,3
CUST-0211,47,Female,Portland ME,Healthcare Professional,Tablet,Tab Pro 12,Clinical Documentation,TeleDoc Platform,12/4/2025,1
CUST-0160,62,Female,Bridgeport CT,Patient / Consumer,Peripheral,BioSensor Band,Vitals Streaming,BioStream API,12/4/2025,2
CUST-0070,32,Male,Bridgeport CT,Clinical Administrator,Peripheral,Keyboard Fold,Remote Input,TeleSetup Pro,12/4/2025,1
CUST-0237,18,Male,Springfield MA,IT & Technology Staff,Peripheral,Wireless Hub,Clinic Network,MeshConnect SaaS,12/5/2025,1
CUST-0072,45,Male,Hartford CT,IT & Technology Staff,Tablet,Tab Studio,Remote Diagnosis,DataViz Suite,12/5/2025,2
CUST-0111,21,Male,Boston MA,Patient / Consumer,Tablet,Tab Pro 12,Patient Education,EduHealth SaaS,12/5/2025,1
CUST-0085,28,Female,Boston MA,Research Scientist,Peripheral,Stylus Pro,E-Signature,SignFlow,12/5/2025,3
CUST-0376,31,Female,Portland ME,Clinical Administrator,Peripheral,BioSensor Band,Vitals Streaming,VitalsNet SaaS,12/5/2025,1
CUST-0278,30,Female,Burlington VT,Research Scientist,Peripheral,BioSensor Band,Continuous Glucose Monitor,VitalsNet SaaS,12/5/2025,2
CUST-0023,36,Female,Boston MA,Research Scientist,Tablet,Tab Studio,Creative Workflow,DiagnosticAI,12/5/2025,2
CUST-0046,31,Male,Hartford CT,Clinical Administrator,Peripheral,Charging Dock,Clinical Stations,FleetCharge Pro,12/5/2025,3
CUST-0111,21,Male,Boston MA,Patient / Consumer,Tablet,Tab Compact,Inventory Management,InvTrack Pro,12/5/2025,1
CUST-0203,54,Female,Springfield MA,Practice Manager,Smart Watch,Pulse Elite,Health Monitoring,FitCore SaaS,12/5/2025,1
CUST-0159,32,Male,Portland ME,Practice Manager,Tablet,Tab Pro 12,Patient Education,EduHealth SaaS,12/5/2025,1
CUST-0304,34,Non-binary,Hartford CT,Field Technician,Tablet,Tab Compact,Inventory Management,InvTrack Pro,12/5/2025,1
CUST-0208,26,Male,Portland ME,Student / Academic,Tablet,Tab Pro 12,Clinical Documentation,EduHealth SaaS,12/5/2025,3
CUST-0387,39,Male,Portland ME,Research Scientist,Smart Watch,Pulse Elite,Remote Patient Check-in,HealthSync Pro,12/5/2025,1
CUST-0198,24,Male,Concord NH,Student / Academic,Peripheral,Stylus Pro,E-Signature,NoteStream SaaS,12/5/2025,4
CUST-0256,44,Female,Burlington VT,Patient / Consumer,Peripheral,BioSensor Band,Remote Monitoring,VitalsNet SaaS,12/5/2025,2
CUST-0215,40,Female,Manchester NH,Practice Manager,Peripheral,Stylus Pro,Digital Annotation,SignFlow,12/6/2025,1
CUST-0087,28,Non-binary,Portland ME,Student / Academic,Peripheral,Privacy Shield,HIPAA Compliance,ComplianceGuard,12/6/2025,2
CUST-0342,44,Male,Manchester NH,Healthcare Professional,Smart Watch,Pulse Elite,Remote Patient Check-in,HealthSync Pro,12/6/2025,1
CUST-0228,34,Male,Bridgeport CT,Patient / Consumer,Smart Watch,Pulse Sport,Fitness Tracking,FitCore SaaS,12/7/2025,1
CUST-0115,34,Female,Providence RI,Research Scientist,Smart Watch,Pulse Elite,Fitness Tracking,HealthSync Pro,12/7/2025,1
CUST-0310,48,Male,Worcester MA,Patient / Consumer,Peripheral,Keyboard Fold,Telehealth Setup,TeleSetup Pro,12/7/2025,2
CUST-0221,80,Male,Portland ME,Patient / Consumer,Peripheral,Keyboard Fold,Remote Input,AdminFlow SaaS,12/7/2025,3
CUST-0047,33,Prefer not to say,Bridgeport CT,Clinical Administrator,Tablet,Tab Compact,Inventory Management,IntakeFlow,12/7/2025,1
CUST-0315,47,Female,Burlington VT,Research Scientist,Tablet,Tab Pro 12,Telehealth Consult,ClinicalOS,12/8/2025,1
CUST-0273,29,Female,Hartford CT,Student / Academic,Peripheral,Stylus Pro,E-Signature,SignFlow,12/8/2025,2
CUST-0092,46,Male,Portland ME,Clinical Administrator,Tablet,Tab Studio,Creative Workflow,DesignHub SaaS,12/8/2025,1
CUST-0406,37,Female,Worcester MA,IT & Technology Staff,Peripheral,Charging Dock,Multi-Device Charging,FleetCharge Pro,12/8/2025,1
CUST-0186,42,Female,Springfield MA,Research Scientist,Peripheral,BioSensor Band,Continuous Glucose Monitor,BioStream API,12/8/2025,5
CUST-0095,45,Male,Bridgeport CT,Patient / Consumer,Peripheral,Wireless Hub,Clinic Network,ClinicHub Pro,12/8/2025,2
CUST-0037,55,Female,Concord NH,Patient / Consumer,Peripheral,Stylus Pro,Clinical Note-taking,NoteStream SaaS,12/8/2025,2
CUST-0198,24,Male,Concord NH,Student / Academic,Smart Watch,Pulse Sport,Activity Logging,FitCore SaaS,12/8/2025,1
CUST-0277,39,Male,Springfield MA,Clinical Administrator,Tablet,Tab Compact,Field Data Entry,InvTrack Pro,12/8/2025,1
CUST-0214,50,Female,Hartford CT,Practice Manager,Peripheral,Wireless Hub,Clinic Network,MeshConnect SaaS,12/8/2025,1
CUST-0402,30,Female,Bridgeport CT,Research Scientist,Tablet,Tab Pro 12,Telehealth Consult,ClinicalOS,12/8/2025,2
CUST-0240,43,Female,Worcester MA,Research Scientist,Peripheral,BioSensor Band,Continuous Glucose Monitor,VitalsNet SaaS,12/8/2025,1
CUST-0142,30,Female,Hartford CT,Student / Academic,Peripheral,Charging Dock,Fleet Management,FleetCharge Pro,12/8/2025,1
CUST-0062,28,Male,Manchester NH,Field Technician,Smart Watch,Pulse Sport,Activity Logging,FitCore SaaS,12/8/2025,1
CUST-0106,36,Female,Bridgeport CT,IT & Technology Staff,Tablet,Tab Studio,Creative Workflow,DiagnosticAI,12/8/2025,1
CUST-0058,22,Male,Portland ME,Student / Academic,Peripheral,Wireless Hub,Data Aggregation,MeshConnect SaaS,12/9/2025,3
CUST-0183,31,Female,Boston MA,Healthcare Professional,Peripheral,Stylus Pro,Clinical Note-taking,NoteStream SaaS,12/9/2025,3
CUST-0280,32,Prefer not to say,Manchester NH,Research Scientist,Peripheral,BioSensor Band,Continuous Glucose Monitor,VitalsNet SaaS,12/9/2025,3
CUST-0006,28,Male,Springfield MA,Field Technician,Tablet,Tab Compact,Inventory Management,InvTrack Pro,12/9/2025,2
CUST-0104,39,Male,Concord NH,Patient / Consumer,Smart Watch,Pulse Sport,Activity Logging,WellnessCloud,12/9/2025,1
CUST-0271,56,Female,Bridgeport CT,Healthcare Professional,Smart Watch,Pulse Elite,Fitness Tracking,FitCore SaaS,12/9/2025,1
CUST-0149,49,Male,Springfield MA,Practice Manager,Peripheral,Wireless Hub,Clinic Network,MeshConnect SaaS,12/9/2025,3
CUST-0258,34,Female,Concord NH,Healthcare Professional,Peripheral,Charging Dock,Multi-Device Charging,FleetCharge Pro,12/9/2025,2
CUST-0345,33,Female,Hartford CT,Clinical Administrator,Peripheral,Privacy Shield,Screen Privacy,SecureView SaaS,12/9/2025,5
CUST-0311,31,Male,Worcester MA,IT & Technology Staff,Peripheral,Wireless Hub,Data Aggregation,MeshConnect SaaS,12/9/2025,4
CUST-0372,26,Male,Burlington VT,Student / Academic,Peripheral,BioSensor Band,Vitals Streaming,VitalsNet SaaS,12/9/2025,1
CUST-0270,54,Male,Worcester MA,Patient / Consumer,Peripheral,Keyboard Fold,Administrative Tasks,TeleSetup Pro,12/10/2025,5
CUST-0350,31,Male,Boston MA,IT & Technology Staff,Smart Watch,Pulse Sport,Sleep Analysis,FitCore SaaS,12/10/2025,2
CUST-0243,47,Female,Manchester NH,Healthcare Professional,Tablet,Tab Studio,Remote Diagnosis,DesignHub SaaS,12/10/2025,1
CUST-0265,35,Female,Worcester MA,Clinical Administrator,Peripheral,Keyboard Fold,Remote Input,TeleSetup Pro,12/10/2025,6
CUST-0188,37,Female,Portland ME,Clinical Administrator,Peripheral,Wireless Hub,Device Pairing,ClinicHub Pro,12/10/2025,5
CUST-0276,48,Female,Hartford CT,Practice Manager,Peripheral,Charging Dock,Fleet Management,FleetCharge Pro,12/10/2025,2
CUST-0414,56,Female,Worcester MA,Practice Manager,Peripheral,Charging Dock,Clinical Stations,PowerDesk SaaS,12/10/2025,3
CUST-0196,41,Female,Springfield MA,Clinical Administrator,Peripheral,Keyboard Fold,Remote Input,AdminFlow SaaS,12/10/2025,4
CUST-0308,38,Male,Burlington VT,Practice Manager,Peripheral,Charging Dock,Fleet Management,PowerDesk SaaS,12/10/2025,2
CUST-0110,32,Male,Boston MA,IT & Technology Staff,Tablet,Tab Pro 12,Telehealth Consult,ClinicalOS,12/10/2025,1
CUST-0334,27,Male,Bridgeport CT,IT & Technology Staff,Tablet,Tab Studio,Remote Diagnosis,DiagnosticAI,12/11/2025,1
CUST-0100,31,Male,Springfield MA,IT & Technology Staff,Peripheral,Privacy Shield,Secure Display,SecureView SaaS,12/11/2025,6
CUST-0418,45,Female,Burlington VT,Practice Manager,Smart Watch,Pulse Sport,Activity Logging,FitCore SaaS,12/11/2025,1
CUST-0071,45,Prefer not to say,Portland ME,Healthcare Professional,Tablet,Tab Pro 12,Clinical Documentation,ClinicalOS,12/11/2025,1
CUST-0014,20,Female,Springfield MA,Clinical Administrator,Tablet,Tab Compact,Field Data Entry,InvTrack Pro,12/11/2025,1
CUST-0376,31,Female,Portland ME,Clinical Administrator,Peripheral,Wireless Hub,Data Aggregation,ClinicHub Pro,12/11/2025,2
CUST-0018,32,Male,Concord NH,Field Technician,Smart Watch,Pulse Elite,Remote Patient Check-in,HealthSync Pro,12/11/2025,1
CUST-0301,26,Male,Burlington VT,IT & Technology Staff,Tablet,Tab Studio,Remote Diagnosis,DataViz Suite,12/12/2025,1
CUST-0391,19,Non-binary,Hartford CT,Student / Academic,Peripheral,Keyboard Fold,Telehealth Setup,TeleSetup Pro,12/12/2025,5
CUST-0254,68,Female,Springfield MA,Patient / Consumer,Smart Watch,Pulse Sport,Fitness Tracking,WellnessCloud,12/12/2025,1
CUST-0295,45,Male,Hartford CT,Healthcare Professional,Smart Watch,Pulse Elite,Health Monitoring,FitCore SaaS,12/12/2025,1
CUST-0080,22,Female,Bridgeport CT,Healthcare Professional,Peripheral,BioSensor Band,Vitals Streaming,VitalsNet SaaS,12/12/2025,5
CUST-0100,31,Male,Springfield MA,IT & Technology Staff,Peripheral,Charging Dock,Fleet Management,PowerDesk SaaS,12/12/2025,1
CUST-0218,41,Female,Concord NH,Practice Manager,Smart Watch,Pulse Sport,Sleep Analysis,FitCore SaaS,12/12/2025,1
CUST-0336,31,Male,Hartford CT,IT & Technology Staff,Smart Watch,Pulse Elite,Fitness Tracking,HealthSync Pro,12/12/2025,1
CUST-0062,28,Male,Manchester NH,Field Technician,Tablet,Tab Compact,Field Data Entry,FieldOps SaaS,12/12/2025,2
CUST-0063,22,Male,Worcester MA,Field Technician,Smart Watch,Pulse Sport,Activity Logging,WellnessCloud,12/12/2025,1
CUST-0145,25,Male,Portland ME,Student / Academic,Peripheral,Stylus Pro,E-Signature,NoteStream SaaS,12/12/2025,2
CUST-0367,25,Female,Springfield MA,Student / Academic,Peripheral,Stylus Pro,Digital Annotation,NoteStream SaaS,12/12/2025,2
CUST-0045,28,Male,Portland ME,Patient / Consumer,Peripheral,Keyboard Fold,Administrative Tasks,TeleSetup Pro,12/13/2025,2
CUST-0306,53,Prefer not to say,Manchester NH,Patient / Consumer,Tablet,Tab Compact,Patient Intake,IntakeFlow,12/13/2025,4
CUST-0290,37,Female,Hartford CT,Practice Manager,Peripheral,Keyboard Fold,Telehealth Setup,TeleSetup Pro,12/13/2025,6
CUST-0120,42,Male,Hartford CT,Research Scientist,Peripheral,Charging Dock,Multi-Device Charging,FleetCharge Pro,12/13/2025,1
CUST-0253,49,Male,Providence RI,IT & Technology Staff,Peripheral,Privacy Shield,Screen Privacy,SecureView SaaS,12/13/2025,2
CUST-0279,42,Female,Manchester NH,Healthcare Professional,Smart Watch,Pulse Elite,Remote Patient Check-in,HealthSync Pro,12/14/2025,1
CUST-0047,33,Prefer not to say,Bridgeport CT,Clinical Administrator,Peripheral,Keyboard Fold,Administrative Tasks,AdminFlow SaaS,12/14/2025,1
CUST-0344,26,Female,Concord NH,Field Technician,Tablet,Tab Compact,Patient Intake,FieldOps SaaS,12/14/2025,1
CUST-0107,43,Female,Manchester NH,Field Technician,Tablet,Tab Studio,Data Visualisation,DataViz Suite,12/14/2025,1
CUST-0291,41,Male,Bridgeport CT,Practice Manager,Peripheral,Privacy Shield,Secure Display,ComplianceGuard,12/14/2025,5
CUST-0414,56,Female,Worcester MA,Practice Manager,Peripheral,Wireless Hub,Clinic Network,MeshConnect SaaS,12/15/2025,6
CUST-0306,53,Prefer not to say,Manchester NH,Patient / Consumer,Tablet,Tab Compact,Field Data Entry,IntakeFlow,12/15/2025,1
CUST-0315,47,Female,Burlington VT,Research Scientist,Tablet,Tab Studio,Creative Workflow,DiagnosticAI,12/15/2025,1
CUST-0233,24,Male,Boston MA,Student / Academic,Peripheral,Privacy Shield,Screen Privacy,ComplianceGuard,12/15/2025,2
CUST-0163,46,Male,Concord NH,Research Scientist,Smart Watch,Pulse Elite,Fitness Tracking,FitCore SaaS,12/15/2025,1
CUST-0166,41,Male,Concord NH,Clinical Administrator,Smart Watch,Pulse Sport,Fitness Tracking,WellnessCloud,12/15/2025,1
CUST-0400,47,Female,Concord NH,Research Scientist,Smart Watch,Pulse Sport,Activity Logging,FitCore SaaS,12/15/2025,1
CUST-0168,43,Male,Springfield MA,Field Technician,Tablet,Tab Compact,Patient Intake,FieldOps SaaS,12/15/2025,3
CUST-0118,33,Male,Manchester NH,Patient / Consumer,Smart Watch,Pulse Sport,Activity Logging,WellnessCloud,12/15/2025,1
CUST-0409,30,Male,Concord NH,Field Technician,Peripheral,Privacy Shield,HIPAA Compliance,SecureView SaaS,12/15/2025,3
CUST-0369,33,Female,Providence RI,IT & Technology Staff,Peripheral,Wireless Hub,Clinic Network,MeshConnect SaaS,12/15/2025,5
CUST-0196,41,Female,Springfield MA,Clinical Administrator,Peripheral,Keyboard Fold,Administrative Tasks,AdminFlow SaaS,12/15/2025,3
CUST-0219,26,Prefer not to say,Bridgeport CT,Field Technician,Peripheral,BioSensor Band,Continuous Glucose Monitor,VitalsNet SaaS,12/15/2025,4
CUST-0038,20,Male,Providence RI,Clinical Administrator,Peripheral,BioSensor Band,Continuous Glucose Monitor,BioStream API,12/15/2025,1
CUST-0357,41,Female,Portland ME,Healthcare Professional,Peripheral,Stylus Pro,Digital Annotation,NoteStream SaaS,12/16/2025,4
CUST-0135,19,Female,Manchester NH,Student / Academic,Peripheral,BioSensor Band,Remote Monitoring,VitalsNet SaaS,12/16/2025,3
CUST-0408,36,Female,Portland ME,Clinical Administrator,Peripheral,BioSensor Band,Continuous Glucose Monitor,BioStream API,12/16/2025,1
CUST-0345,33,Female,Hartford CT,Clinical Administrator,Tablet,Tab Pro 12,Telehealth Consult,EduHealth SaaS,12/16/2025,1
CUST-0356,22,Non-binary,Burlington VT,Field Technician,Smart Watch,Pulse Sport,Fitness Tracking,FitCore SaaS,12/16/2025,2
CUST-0124,29,Male,Bridgeport CT,Patient / Consumer,Peripheral,Stylus Pro,Clinical Note-taking,NoteStream SaaS,12/16/2025,4
CUST-0200,27,Male,Concord NH,Clinical Administrator,Peripheral,Charging Dock,Clinical Stations,FleetCharge Pro,12/16/2025,1
CUST-0408,36,Female,Portland ME,Clinical Administrator,Peripheral,Privacy Shield,HIPAA Compliance,SecureView SaaS,12/16/2025,3
CUST-0142,30,Female,Hartford CT,Student / Academic,Tablet,Tab Studio,Remote Diagnosis,DataViz Suite,12/16/2025,1
CUST-0048,41,Male,Hartford CT,IT & Technology Staff,Peripheral,BioSensor Band,Remote Monitoring,VitalsNet SaaS,12/16/2025,2
CUST-0172,28,Female,Burlington VT,Research Scientist,Peripheral,BioSensor Band,Continuous Glucose Monitor,VitalsNet SaaS,12/16/2025,4
CUST-0223,44,Female,Providence RI,Clinical Administrator,Tablet,Tab Pro 12,Telehealth Consult,TeleDoc Platform,12/16/2025,2
CUST-0348,25,Female,Hartford CT,Clinical Administrator,Peripheral,Wireless Hub,Clinic Network,ClinicHub Pro,12/16/2025,1
CUST-0387,39,Male,Portland ME,Research Scientist,Peripheral,BioSensor Band,Continuous Glucose Monitor,BioStream API,12/17/2025,2
CUST-0156,20,Non-binary,Hartford CT,Student / Academic,Peripheral,Stylus Pro,E-Signature,SignFlow,12/17/2025,3
CUST-0004,57,Male,Portland ME,Healthcare Professional,Tablet,Tab Pro 12,Telehealth Consult,TeleDoc Platform,12/17/2025,2
CUST-0331,51,Female,Boston MA,Patient / Consumer,Peripheral,Keyboard Fold,Administrative Tasks,AdminFlow SaaS,12/17/2025,3
CUST-0186,42,Female,Springfield MA,Research Scientist,Smart Watch,Pulse Elite,Fitness Tracking,FitCore SaaS,12/17/2025,1
CUST-0292,26,Female,Concord NH,Field Technician,Peripheral,BioSensor Band,Continuous Glucose Monitor,BioStream API,12/17/2025,2
CUST-0145,25,Male,Portland ME,Student / Academic,Peripheral,Charging Dock,Multi-Device Charging,FleetCharge Pro,12/17/2025,5
CUST-0398,73,Male,Springfield MA,Patient / Consumer,Smart Watch,Pulse Elite,Health Monitoring,HealthSync Pro,12/17/2025,1
CUST-0154,46,Male,Portland ME,Practice Manager,Peripheral,Charging Dock,Multi-Device Charging,FleetCharge Pro,12/17/2025,1
CUST-0206,27,Female,Springfield MA,Research Scientist,Tablet,Tab Studio,Data Visualisation,DataViz Suite,12/18/2025,1
CUST-0191,29,Prefer not to say,Manchester NH,IT & Technology Staff,Peripheral,Wireless Hub,Clinic Network,ClinicHub Pro,12/18/2025,1
CUST-0088,25,Male,Worcester MA,Student / Academic,Peripheral,Charging Dock,Fleet Management,FleetCharge Pro,12/18/2025,6
CUST-0366,32,Female,Portland ME,Research Scientist,Peripheral,Charging Dock,Multi-Device Charging,FleetCharge Pro,12/18/2025,2
CUST-0321,36,Prefer not to say,Hartford CT,Research Scientist,Tablet,Tab Compact,Field Data Entry,InvTrack Pro,12/18/2025,2
CUST-0392,42,Male,Manchester NH,Clinical Administrator,Peripheral,Charging Dock,Multi-Device Charging,FleetCharge Pro,12/18/2025,2
CUST-0368,42,Male,Providence RI,Healthcare Professional,Peripheral,Stylus Pro,Digital Annotation,SignFlow,12/18/2025,3
CUST-0409,30,Male,Concord NH,Field Technician,Peripheral,BioSensor Band,Continuous Glucose Monitor,VitalsNet SaaS,12/18/2025,4
CUST-0053,37,Male,Portland ME,Practice Manager,Peripheral,Keyboard Fold,Administrative Tasks,AdminFlow SaaS,12/18/2025,3
CUST-0279,42,Female,Manchester NH,Healthcare Professional,Smart Watch,Pulse Elite,Health Monitoring,HealthSync Pro,12/18/2025,1
CUST-0302,21,Female,Worcester MA,Student / Academic,Peripheral,Wireless Hub,Data Aggregation,MeshConnect SaaS,12/18/2025,1
CUST-0271,56,Female,Bridgeport CT,Healthcare Professional,Smart Watch,Pulse Elite,Health Monitoring,HealthSync Pro,12/19/2025,3
CUST-0093,40,Male,Concord NH,Patient / Consumer,Peripheral,BioSensor Band,Remote Monitoring,BioStream API,12/19/2025,2
CUST-0296,25,Male,Providence RI,Field Technician,Tablet,Tab Compact,Patient Intake,InvTrack Pro,12/19/2025,2
CUST-0380,24,Female,Hartford CT,Field Technician,Peripheral,Privacy Shield,Screen Privacy,SecureView SaaS,12/19/2025,2
CUST-0125,34,Female,Bridgeport CT,Field Technician,Peripheral,Keyboard Fold,Remote Input,TeleSetup Pro,12/19/2025,2
CUST-0079,42,Female,Boston MA,Healthcare Professional,Smart Watch,Pulse Elite,Remote Patient Check-in,FitCore SaaS,12/19/2025,2
CUST-0072,45,Male,Hartford CT,IT & Technology Staff,Tablet,Tab Pro 12,Patient Education,EduHealth SaaS,12/19/2025,1
CUST-0208,26,Male,Portland ME,Student / Academic,Peripheral,Privacy Shield,HIPAA Compliance,ComplianceGuard,12/19/2025,3
CUST-0019,25,Male,Portland ME,IT & Technology Staff,Peripheral,Stylus Pro,E-Signature,NoteStream SaaS,12/19/2025,1
CUST-0052,22,Male,Bridgeport CT,Student / Academic,Tablet,Tab Compact,Inventory Management,InvTrack Pro,12/19/2025,1
CUST-0351,56,Prefer not to say,Manchester NH,Patient / Consumer,Peripheral,Wireless Hub,Device Pairing,ClinicHub Pro,12/19/2025,1
CUST-0102,45,Female,Burlington VT,Patient / Consumer,Tablet,Tab Pro 12,Patient Education,EduHealth SaaS,12/19/2025,1
CUST-0401,18,Male,Burlington VT,Student / Academic,Tablet,Tab Compact,Patient Intake,FieldOps SaaS,12/19/2025,1
CUST-0223,44,Female,Providence RI,Clinical Administrator,Tablet,Tab Pro 12,Clinical Documentation,ClinicalOS,12/20/2025,1
CUST-0176,50,Non-binary,Springfield MA,Healthcare Professional,Peripheral,Wireless Hub,Clinic Network,ClinicHub Pro,12/20/2025,6
CUST-0074,45,Male,Worcester MA,IT & Technology Staff,Peripheral,Privacy Shield,Secure Display,SecureView SaaS,12/20/2025,1
CUST-0010,42,Male,Manchester NH,Clinical Administrator,Smart Watch,Pulse Elite,Fitness Tracking,FitCore SaaS,12/20/2025,2
CUST-0208,26,Male,Portland ME,Student / Academic,Smart Watch,Pulse Elite,Fitness Tracking,FitCore SaaS,12/20/2025,1
CUST-0157,43,Female,Bridgeport CT,Field Technician,Tablet,Tab Compact,Patient Intake,IntakeFlow,12/20/2025,1
CUST-0399,34,Male,Hartford CT,Research Scientist,Peripheral,Wireless Hub,Data Aggregation,MeshConnect SaaS,12/21/2025,2
CUST-0058,22,Male,Portland ME,Student / Academic,Peripheral,Keyboard Fold,Telehealth Setup,TeleSetup Pro,12/21/2025,3
CUST-0391,19,Non-binary,Hartford CT,Student / Academic,Tablet,Tab Studio,Creative Workflow,DesignHub SaaS,12/21/2025,2
CUST-0054,43,Male,Springfield MA,Clinical Administrator,Tablet,Tab Pro 12,Telehealth Consult,TeleDoc Platform,12/22/2025,2
CUST-0095,45,Male,Bridgeport CT,Patient / Consumer,Smart Watch,Pulse Elite,Fitness Tracking,HealthSync Pro,12/22/2025,1
CUST-0140,21,Female,Boston MA,Field Technician,Tablet,Tab Pro 12,Telehealth Consult,ClinicalOS,12/22/2025,1
CUST-0184,26,Male,Manchester NH,Student / Academic,Smart Watch,Pulse Elite,Fitness Tracking,HealthSync Pro,12/22/2025,4
CUST-0111,21,Male,Boston MA,Patient / Consumer,Peripheral,Charging Dock,Multi-Device Charging,PowerDesk SaaS,12/22/2025,4
CUST-0078,33,Prefer not to say,Springfield MA,Research Scientist,Peripheral,Stylus Pro,Clinical Note-taking,SignFlow,12/22/2025,3
CUST-0261,32,Female,Providence RI,Healthcare Professional,Tablet,Tab Pro 12,Clinical Documentation,ClinicalOS,12/23/2025,2
CUST-0371,33,Male,Portland ME,IT & Technology Staff,Peripheral,BioSensor Band,Remote Monitoring,VitalsNet SaaS,12/23/2025,4
CUST-0155,40,Female,Hartford CT,Clinical Administrator,Smart Watch,Pulse Elite,Health Monitoring,FitCore SaaS,12/23/2025,2
CUST-0266,18,Male,Manchester NH,Student / Academic,Peripheral,BioSensor Band,Continuous Glucose Monitor,VitalsNet SaaS,12/23/2025,1
CUST-0373,56,Male,Worcester MA,Healthcare Professional,Tablet,Tab Studio,Data Visualisation,DesignHub SaaS,12/23/2025,2
CUST-0186,42,Female,Springfield MA,Research Scientist,Peripheral,BioSensor Band,Remote Monitoring,VitalsNet SaaS,12/23/2025,3
CUST-0082,41,Female,Manchester NH,Clinical Administrator,Peripheral,Keyboard Fold,Administrative Tasks,TeleSetup Pro,12/23/2025,1
CUST-0115,34,Female,Providence RI,Research Scientist,Peripheral,Keyboard Fold,Remote Input,AdminFlow SaaS,12/23/2025,1
CUST-0101,23,Female,Portland ME,Research Scientist,Smart Watch,Pulse Elite,Health Monitoring,FitCore SaaS,12/23/2025,1
CUST-0333,53,Male,Worcester MA,Patient / Consumer,Tablet,Tab Compact,Field Data Entry,FieldOps SaaS,12/23/2025,3
CUST-0284,31,Male,Bridgeport CT,Practice Manager,Tablet,Tab Compact,Field Data Entry,FieldOps SaaS,12/23/2025,2
CUST-0103,38,Male,Worcester MA,Healthcare Professional,Tablet,Tab Pro 12,Telehealth Consult,ClinicalOS,12/24/2025,1
CUST-0091,42,Female,Springfield MA,Healthcare Professional,Peripheral,Privacy Shield,Secure Display,SecureView SaaS,12/24/2025,3
CUST-0339,36,Female,Portland ME,IT & Technology Staff,Tablet,Tab Studio,Remote Diagnosis,DesignHub SaaS,12/24/2025,1
CUST-0012,44,Female,Hartford CT,Patient / Consumer,Peripheral,BioSensor Band,Vitals Streaming,VitalsNet SaaS,12/24/2025,3
CUST-0278,30,Female,Burlington VT,Research Scientist,Peripheral,Keyboard Fold,Remote Input,TeleSetup Pro,12/24/2025,4
CUST-0245,27,Male,Providence RI,Clinical Administrator,Peripheral,Wireless Hub,Clinic Network,MeshConnect SaaS,12/24/2025,3
CUST-0238,54,Male,Portland ME,Patient / Consumer,Peripheral,BioSensor Band,Vitals Streaming,VitalsNet SaaS,12/24/2025,1
CUST-0246,34,Male,Worcester MA,Clinical Administrator,Tablet,Tab Pro 12,Patient Education,TeleDoc Platform,12/24/2025,2
CUST-0398,73,Male,Springfield MA,Patient / Consumer,Peripheral,Wireless Hub,Data Aggregation,MeshConnect SaaS,12/24/2025,3
CUST-0259,59,Male,Portland ME,Patient / Consumer,Tablet,Tab Pro 12,Clinical Documentation,ClinicalOS,12/24/2025,4
CUST-0230,62,Female,Providence RI,Patient / Consumer,Tablet,Tab Pro 12,Clinical Documentation,EduHealth SaaS,12/24/2025,1
CUST-0159,32,Male,Portland ME,Practice Manager,Peripheral,Wireless Hub,Clinic Network,ClinicHub Pro,12/25/2025,4
CUST-0107,43,Female,Manchester NH,Field Technician,Tablet,Tab Studio,Data Visualisation,DiagnosticAI,12/25/2025,3
CUST-0021,44,Female,Portland ME,IT & Technology Staff,Peripheral,Wireless Hub,Clinic Network,ClinicHub Pro,12/25/2025,2
CUST-0155,40,Female,Hartford CT,Clinical Administrator,Peripheral,Keyboard Fold,Remote Input,AdminFlow SaaS,12/25/2025,4
CUST-0267,46,Male,Hartford CT,IT & Technology Staff,Peripheral,Keyboard Fold,Remote Input,TeleSetup Pro,12/25/2025,5
CUST-0322,43,Male,Springfield MA,Clinical Administrator,Tablet,Tab Studio,Creative Workflow,DiagnosticAI,12/25/2025,1
CUST-0285,50,Male,Springfield MA,IT & Technology Staff,Peripheral,Keyboard Fold,Administrative Tasks,AdminFlow SaaS,12/25/2025,1
CUST-0048,41,Male,Hartford CT,IT & Technology Staff,Peripheral,Wireless Hub,Device Pairing,MeshConnect SaaS,12/25/2025,1
CUST-0087,28,Non-binary,Portland ME,Student / Academic,Peripheral,Stylus Pro,E-Signature,NoteStream SaaS,12/25/2025,5
CUST-0180,60,Female,Concord NH,Research Scientist,Peripheral,BioSensor Band,Vitals Streaming,BioStream API,12/26/2025,1
CUST-0291,41,Male,Bridgeport CT,Practice Manager,Peripheral,Wireless Hub,Data Aggregation,ClinicHub Pro,12/26/2025,1
CUST-0061,39,Male,Hartford CT,Practice Manager,Tablet,Tab Compact,Inventory Management,InvTrack Pro,12/26/2025,3
CUST-0293,30,Prefer not to say,Portland ME,Research Scientist,Peripheral,Stylus Pro,Digital Annotation,SignFlow,12/26/2025,2
CUST-0167,52,Male,Portland ME,Practice Manager,Peripheral,BioSensor Band,Vitals Streaming,BioStream API,12/26/2025,4
CUST-0281,45,Non-binary,Providence RI,Practice Manager,Peripheral,Wireless Hub,Device Pairing,MeshConnect SaaS,12/26/2025,5
CUST-0256,44,Female,Burlington VT,Patient / Consumer,Peripheral,Charging Dock,Multi-Device Charging,FleetCharge Pro,12/26/2025,1
CUST-0389,36,Male,Manchester NH,Field Technician,Peripheral,Charging Dock,Multi-Device Charging,FleetCharge Pro,12/26/2025,3
CUST-0053,37,Male,Portland ME,Practice Manager,Tablet,Tab Pro 12,Patient Education,ClinicalOS,12/26/2025,1
CUST-0368,42,Male,Providence RI,Healthcare Professional,Peripheral,Keyboard Fold,Telehealth Setup,AdminFlow SaaS,12/26/2025,4
CUST-0214,50,Female,Hartford CT,Practice Manager,Peripheral,Wireless Hub,Data Aggregation,MeshConnect SaaS,12/26/2025,1
CUST-0389,36,Male,Manchester NH,Field Technician,Peripheral,Stylus Pro,E-Signature,SignFlow,12/26/2025,2
CUST-0325,35,Male,Boston MA,Patient / Consumer,Smart Watch,Pulse Sport,Activity Logging,FitCore SaaS,12/27/2025,1
CUST-0210,80,Female,Burlington VT,Patient / Consumer,Peripheral,Privacy Shield,Screen Privacy,SecureView SaaS,12/27/2025,3
CUST-0281,45,Non-binary,Providence RI,Practice Manager,Tablet,Tab Pro 12,Clinical Documentation,TeleDoc Platform,12/27/2025,1
CUST-0003,43,Female,Boston MA,Clinical Administrator,Peripheral,Wireless Hub,Device Pairing,MeshConnect SaaS,12/27/2025,5
CUST-0085,28,Female,Boston MA,Research Scientist,Peripheral,Wireless Hub,Data Aggregation,MeshConnect SaaS,12/28/2025,2
CUST-0352,51,Male,Bridgeport CT,Clinical Administrator,Peripheral,Stylus Pro,E-Signature,NoteStream SaaS,12/28/2025,2
CUST-0041,63,Female,Bridgeport CT,Patient / Consumer,Tablet,Tab Studio,Creative Workflow,DataViz Suite,12/29/2025,3
CUST-0328,43,Female,Springfield MA,Research Scientist,Tablet,Tab Compact,Inventory Management,IntakeFlow,12/29/2025,1
CUST-0166,41,Male,Concord NH,Clinical Administrator,Tablet,Tab Compact,Inventory Management,FieldOps SaaS,12/29/2025,5
CUST-0061,39,Male,Hartford CT,Practice Manager,Peripheral,Charging Dock,Clinical Stations,PowerDesk SaaS,12/29/2025,4
CUST-0302,21,Female,Worcester MA,Student / Academic,Tablet,Tab Compact,Inventory Management,FieldOps SaaS,12/29/2025,2
CUST-0312,41,Male,Manchester NH,IT & Technology Staff,Peripheral,Stylus Pro,Digital Annotation,NoteStream SaaS,12/29/2025,1
CUST-0221,80,Male,Portland ME,Patient / Consumer,Smart Watch,Pulse Sport,Fitness Tracking,WellnessCloud,12/29/2025,1
CUST-0207,33,Male,Hartford CT,Field Technician,Peripheral,Wireless Hub,Data Aggregation,ClinicHub Pro,12/29/2025,4
CUST-0017,28,Female,Manchester NH,Clinical Administrator,Tablet,Tab Compact,Field Data Entry,InvTrack Pro,12/29/2025,1
CUST-0239,32,Female,Worcester MA,Clinical Administrator,Tablet,Tab Pro 12,Telehealth Consult,ClinicalOS,12/29/2025,1
CUST-0206,27,Female,Springfield MA,Research Scientist,Smart Watch,Pulse Elite,Remote Patient Check-in,HealthSync Pro,12/30/2025,1
CUST-0268,29,Female,Worcester MA,Patient / Consumer,Tablet,Tab Compact,Patient Intake,InvTrack Pro,12/30/2025,1
CUST-0115,34,Female,Providence RI,Research Scientist,Peripheral,BioSensor Band,Remote Monitoring,VitalsNet SaaS,12/30/2025,3
CUST-0152,45,Female,Manchester NH,Healthcare Professional,Smart Watch,Pulse Elite,Remote Patient Check-in,FitCore SaaS,12/30/2025,1
CUST-0290,37,Female,Hartford CT,Practice Manager,Peripheral,BioSensor Band,Continuous Glucose Monitor,VitalsNet SaaS,12/30/2025,3
CUST-0009,44,Male,Concord NH,Patient / Consumer,Peripheral,BioSensor Band,Remote Monitoring,VitalsNet SaaS,12/30/2025,1
CUST-0099,33,Male,Manchester NH,IT & Technology Staff,Peripheral,Stylus Pro,E-Signature,SignFlow,12/30/2025,3
CUST-0232,55,Female,Hartford CT,Patient / Consumer,Smart Watch,Pulse Sport,Sleep Analysis,FitCore SaaS,12/30/2025,1
CUST-0301,26,Male,Burlington VT,IT & Technology Staff,Tablet,Tab Pro 12,Clinical Documentation,ClinicalOS,12/30/2025,1
CUST-0034,22,Female,Hartford CT,Field Technician,Tablet,Tab Studio,Data Visualisation,DiagnosticAI,12/31/2025,1
CUST-0098,56,Non-binary,Manchester NH,Patient / Consumer,Peripheral,Wireless Hub,Clinic Network,ClinicHub Pro,12/31/2025,2
CUST-0077,44,Male,Burlington VT,Practice Manager,Tablet,Tab Compact,Field Data Entry,FieldOps SaaS,12/31/2025,1
CUST-0334,27,Male,Bridgeport CT,IT & Technology Staff,Tablet,Tab Compact,Field Data Entry,IntakeFlow,12/31/2025,1
CUST-0213,53,Female,Portland ME,Practice Manager,Peripheral,Wireless Hub,Device Pairing,ClinicHub Pro,12/31/2025,5
